team_offense,team_defense,largest_abs_edge
Air Force,Akron,0.014122106314645786
Air Force,Alabama,0.01936403926109684
Air Force,App State,0.014990444639260046
Air Force,Arizona,0.015797590582903295
Air Force,Arizona State,0.005284241729267855
Air Force,Arkansas,0.0170692567606045
Air Force,Arkansas State,0.014409072682814291
Air Force,Army,0.015467857156777221
Air Force,Auburn,0.00844276050187233
Air Force,BYU,0.01224108831570998
Air Force,Ball State,0.015379628207423371
Air Force,Baylor,0.019182820442938217
Air Force,Boise State,0.0066353551187316095
Air Force,Boston College,0.009014599685456818
Air Force,Bowling Green,0.011809617877623193
Air Force,Buffalo,0.024522263398190566
Air Force,California,0.028598129772192338
Air Force,Central Michigan,0.016361579044161384
Air Force,Charlotte,0.004847197291404376
Air Force,Cincinnati,0.024431294889882802
Air Force,Clemson,0.009887693115332344
Air Force,Coastal Carolina,0.026024944651240674
Air Force,Colorado,0.017268027791946118
Air Force,Colorado State,0.015516702454585127
Air Force,Delaware,0.003379003705058092
Air Force,Duke,0.010977906494103497
Air Force,East Carolina,0.014344688936667323
Air Force,Eastern Michigan,0.01981949954978034
Air Force,Florida,0.0106673349805676
Air Force,Florida Atlantic,0.024439117929914787
Air Force,Florida International,0.025441711332386575
Air Force,Florida State,0.016000371599743494
Air Force,Fresno State,0.0086217587050859
Air Force,Georgia,0.006254557850776109
Air Force,Georgia Southern,0.017129190993819213
Air Force,Georgia State,0.01732256258601544
Air Force,Georgia Tech,0.018322412119751903
Air Force,Hawai'i,0.016001777141944874
Air Force,Houston,0.008044021995914115
Air Force,Illinois,0.015318396131697144
Air Force,Indiana,0.014623502470975979
Air Force,Iowa,0.017817533937749985
Air Force,Iowa State,0.023232510596271877
Air Force,Jacksonville State,0.011594817019716196
Air Force,James Madison,0.016595304078241096
Air Force,Kansas,0.022936672476023948
Air Force,Kansas State,0.008143215707635376
Air Force,Kennesaw State,0.012259681522626117
Air Force,Kent State,0.017638880087647482
Air Force,Kentucky,0.01724750832546039
Air Force,LSU,0.010964907456053037
Air Force,Liberty,0.01302937684496341
Air Force,Louisiana,0.01743829931328714
Air Force,Louisiana Tech,0.017176354633497957
Air Force,Louisville,0.017280891317488962
Air Force,Marshall,0.010329665656412211
Air Force,Maryland,0.014819191827272064
Air Force,Massachusetts,0.01964101398471345
Air Force,Memphis,0.03521282250799348
Air Force,Miami,0.006988889793654791
Air Force,Miami (OH),0.005402985634483241
Air Force,Michigan,0.017935402888513207
Air Force,Michigan State,0.012090967403079259
Air Force,Middle Tennessee,0.009622503206020434
Air Force,Minnesota,0.016702993642192028
Air Force,Mississippi State,0.0036296722032577193
Air Force,Missouri,0.015099567272110776
Air Force,Missouri State,0.01507871854113987
Air Force,NC State,0.01568630601487926
Air Force,Navy,0.019744808693208313
Air Force,Nebraska,0.019148190027339546
Air Force,Nevada,0.013332219292149766
Air Force,New Mexico,0.008153838198096435
Air Force,New Mexico State,0.023758270855188925
Air Force,North Carolina,0.017869775089561796
Air Force,North Dakota State,0.03279310262564154
Air Force,North Texas,0.021160608247781168
Air Force,Northern Illinois,0.018273249310719514
Air Force,Northwestern,0.01609552940668381
Air Force,Notre Dame,0.016077364155870414
Air Force,Ohio,0.009013978644886164
Air Force,Ohio State,0.013153671436880055
Air Force,Oklahoma,0.012568319128045125
Air Force,Oklahoma State,0.0198264121287037
Air Force,Old Dominion,0.01022297250836986
Air Force,Ole Miss,0.019290037792781108
Air Force,Oregon,0.027249622009470696
Air Force,Oregon State,0.026816873754878463
Air Force,Penn State,0.013903945253854091
Air Force,Pittsburgh,0.004536480392991286
Air Force,Purdue,0.011944486642926489
Air Force,Rice,0.011706134005472522
Air Force,Rutgers,0.018893155805084202
Air Force,SMU,0.011387029100762508
Air Force,Sacramento State,0.016882834265674565
Air Force,Sam Houston,0.015599448276220335
Air Force,San Diego State,0.01782507895199538
Air Force,San José State,0.017430253039644843
Air Force,South Alabama,0.009870766449444148
Air Force,South Carolina,0.005506673255310087
Air Force,South Florida,0.019646069635934533
Air Force,Southern Miss,0.014476719708684195
Air Force,Stanford,0.007926114259297106
Air Force,Syracuse,0.0072265396343242395
Air Force,TCU,0.0048386631145849205
Air Force,Temple,0.014129325726356168
Air Force,Tennessee,0.01419511730109331
Air Force,Texas,0.008798661449810983
Air Force,Texas A&M,0.010773226384595715
Air Force,Texas State,0.0190761730672845
Air Force,Texas Tech,0.008303948733329677
Air Force,Toledo,0.008583624702877811
Air Force,Troy,0.019848502315180334
Air Force,Tulane,0.013055928867372474
Air Force,Tulsa,0.01563976061270011
Air Force,UAB,0.01355131900637518
Air Force,UCF,0.01914404616388595
Air Force,UCLA,0.01908174529157498
Air Force,UConn,0.0033304037765515236
Air Force,UL Monroe,0.024863058011637428
Air Force,UNLV,0.016879921210630873
Air Force,USC,0.01448552730868066
Air Force,UTEP,0.007487637326655047
Air Force,UTSA,0.013160765842730097
Air Force,Utah,0.01466756589827025
Air Force,Utah State,0.020815974752832436
Air Force,Vanderbilt,0.01893440826455988
Air Force,Virginia,0.005023282196345261
Air Force,Virginia Tech,0.0029844213972432566
Air Force,Wake Forest,0.010077127999297256
Air Force,Washington,0.010967270624524315
Air Force,Washington State,0.009423442597432418
Air Force,West Virginia,0.008839306656036529
Air Force,Western Kentucky,0.024824836285027324
Air Force,Western Michigan,0.0014500560146444037
Air Force,Wisconsin,0.017284923631756547
Air Force,Wyoming,0.019475482107789717
Akron,Air Force,0.009615703169742532
Akron,Alabama,0.009032112064052088
Akron,App State,0.008963992230437482
Akron,Arizona,0.010225370737178429
Akron,Arizona State,0.0028543097347726396
Akron,Arkansas,0.011042804351781938
Akron,Arkansas State,0.01800540314763941
Akron,Army,0.009893123762492404
Akron,Auburn,0.014469212910694895
Akron,BYU,0.013119892603559648
Akron,Ball State,0.009981352711846254
Akron,Baylor,0.00908369997089339
Akron,Boise State,0.008203940498482557
Akron,Boston College,0.016346381233812806
Akron,Bowling Green,0.013551363041646433
Akron,Buffalo,0.013445592619568228
Akron,California,0.02257167736336977
Akron,Central Michigan,0.008999401875108243
Akron,Charlotte,0.028130948357638526
Akron,Cincinnati,0.018404842481060238
Akron,Clemson,0.01547328780393728
Akron,Coastal Carolina,0.004122269349087179
Akron,Colorado,0.009306636991771538
Akron,Colorado State,0.018959522967964715
Akron,Delaware,0.009405456113880656
Akron,Duke,0.007729974000225057
Akron,East Carolina,0.011016291982602303
Akron,Eastern Michigan,0.005567528040108157
Akron,Florida,0.014693645938702026
Akron,Florida Atlantic,0.01841266552109222
Akron,Florida International,0.007732448915904229
Akron,Florida State,0.010337103044752601
Akron,Fresno State,0.012239539753726433
Akron,Georgia,0.004681322355786733
Akron,Georgia Southern,0.019209779637422972
Akron,Georgia State,0.008038418333254187
Akron,Georgia Tech,0.007038568799517723
Akron,Hawai'i,0.00935920377732475
Akron,Houston,0.003774358020898554
Akron,Illinois,0.019146848951364565
Akron,Indiana,0.010737478448293647
Akron,Iowa,0.007543446981519639
Akron,Iowa State,0.004066970538751168
Akron,Jacksonville State,0.015953342518057485
Akron,James Madison,0.00876567684102853
Akron,Kansas,0.008610062236987003
Akron,Kansas State,0.01721776521163425
Akron,Kennesaw State,0.013101299396643508
Akron,Kent State,0.011612427678824918
Akron,Kentucky,0.008113472593809234
Akron,LSU,0.011317890554988719
Akron,Liberty,0.012331604074306213
Akron,Louisiana,0.008546572494259
Akron,Louisiana Tech,0.012784564880563913
Akron,Louisville,0.008080089601780666
Akron,Marshall,0.007479837884906964
Akron,Maryland,0.010541789091997562
Akron,Massachusetts,0.012572980971013392
Akron,Memphis,0.02918637009917091
Akron,Miami,0.0011496616703857033
Akron,Miami (OH),0.005482695096719168
Akron,Michigan,0.010674327496411487
Akron,Michigan State,0.01475212333176952
Akron,Middle Tennessee,0.015738477713249193
Akron,Minnesota,0.013304237229818225
Akron,Mississippi State,0.004508879260782775
Akron,Missouri,0.01026141364715885
Akron,Missouri State,0.010282262378129755
Akron,NC State,0.009674674904390364
Akron,Navy,0.015493511708114307
Akron,Nebraska,0.013121737618516982
Akron,Nevada,0.012028761627119862
Akron,New Mexico,0.0056952391257229455
Akron,New Mexico State,0.007317174115075986
Akron,North Carolina,0.00749120582970783
Akron,North Dakota State,0.007432121706371914
Akron,North Texas,0.025557625558761655
Akron,Northern Illinois,0.01532855361787817
Akron,Northwestern,0.009265451512585818
Akron,Notre Dame,0.00928361676339921
Akron,Ohio,0.01634700227438346
Akron,Ohio State,0.01220730948238957
Akron,Oklahoma,0.0127926617912245
Akron,Oklahoma State,0.005534568790565926
Akron,Old Dominion,0.015138008410899767
Akron,Ole Miss,0.013263585383958543
Akron,Oregon,0.021223169600648135
Akron,Oregon State,0.012279240836879625
Akron,Penn State,0.011457035665415536
Akron,Pittsburgh,0.00966790000899232
Akron,Purdue,0.013416494276343137
Akron,Rice,0.013654846913797104
Akron,Rutgers,0.01513740582928981
Akron,SMU,0.013973951818507118
Akron,Sacramento State,0.009753679099352984
Akron,Sam Houston,0.016158435997401303
Akron,San Diego State,0.011798626543172814
Akron,San José State,0.007930727879624785
Akron,South Alabama,0.015490214469825476
Akron,South Carolina,0.007075258635061035
Akron,South Florida,0.005714911283335094
Akron,Southern Miss,0.02050317211750676
Akron,Stanford,0.004795601490333063
Akron,Syracuse,0.0037086552635426265
Akron,TCU,0.005694487629554438
Akron,Temple,0.013737199858301104
Akron,Tennessee,0.014077110507926052
Akron,Texas,0.010367246829561931
Akron,Texas A&M,0.01458775453467391
Akron,Texas State,0.006284807851985125
Akron,Texas Tech,0.009669952953547448
Akron,Toledo,0.013871234312054103
Akron,Troy,0.005512478604089292
Akron,Tulane,0.012305052051897152
Akron,Tulsa,0.016182952158260162
Akron,UAB,0.011809661912894445
Akron,UCF,0.015812006630956374
Akron,UCLA,0.006923077182984575
Akron,UConn,0.009356856185374088
Akron,UL Monroe,0.02056303480620262
Akron,UNLV,0.01085346880180831
Akron,USC,0.010875453610588965
Akron,UTEP,0.006700463165822791
Akron,UTSA,0.012200215076539529
Akron,Utah,0.010693415020999375
Akron,Utah State,0.011106685671904433
Akron,Vanderbilt,0.012907955855737315
Akron,Virginia,0.0032038096841698113
Akron,Virginia Tech,0.00901087380606582
Akron,Wake Forest,0.004657454040764387
Akron,Washington,0.014393710294745309
Akron,Washington State,0.018044639560018817
Akron,West Virginia,0.0165216742632331
Akron,Western Kentucky,0.018798383876204756
Akron,Western Michigan,0.007476508423466968
Akron,Wisconsin,0.008199463640417494
Akron,Wyoming,0.0061165533193985955
Alabama,Air Force,0.005279118246956795
Alabama,Akron,0.015062964734784714
Alabama,App State,0.010191282640595139
Alabama,Arizona,0.010998428584238384
Alabama,Arizona State,0.0047130674973194205
Alabama,Arkansas,0.012270094761939594
Alabama,Arkansas State,0.009609910684149382
Alabama,Army,0.009494467368306878
Alabama,Auburn,0.01324192250053724
Alabama,BYU,0.0039548571639187865
Alabama,Ball State,0.004031836170241863
Alabama,Baylor,0.003357818974406894
Alabama,Boise State,0.005259453521382787
Alabama,Boston College,0.004925694460827634
Alabama,Bowling Green,0.0083799169285729
Alabama,Buffalo,0.012218302209410573
Alabama,California,0.023798967773527427
Alabama,Central Michigan,0.004614438240899678
Alabama,Charlotte,0.006160545176944135
Alabama,Cincinnati,0.019632132891217895
Alabama,Clemson,0.005760669511925151
Alabama,Coastal Carolina,0.0016036116473993175
Alabama,Colorado,0.008079346581613883
Alabama,Colorado State,0.010717540455920218
Alabama,Delaware,0.008178165703723001
Alabama,Duke,0.008565236026549499
Alabama,East Carolina,0.006789543338291393
Alabama,Eastern Michigan,0.0035660367367654046
Alabama,Florida,0.005109837819141996
Alabama,Florida Atlantic,0.019639955931249876
Alabama,Florida International,0.0065051585057465736
Alabama,Florida State,0.007392616067652831
Alabama,Fresno State,0.011012249343568778
Alabama,Georgia,0.0038418873832221116
Alabama,Georgia Southern,0.01798248922726532
Alabama,Georgia State,0.007951556525922394
Alabama,Georgia Tech,0.005987363183892045
Alabama,Hawai'i,0.008466416636055962
Alabama,Houston,0.0056313515283601175
Alabama,Illinois,0.010519234133032233
Alabama,Indiana,0.008631609541989377
Alabama,Iowa,0.005259430818597666
Alabama,Iowa State,0.0035223157372141277
Alabama,Jacksonville State,0.006795655021051287
Alabama,James Madison,0.0037305617945835824
Alabama,Kansas,0.007382771826829348
Alabama,Kansas State,0.0029458163405375144
Alabama,Kennesaw State,0.0013905000945310254
Alabama,Kent State,0.012839718088982573
Alabama,Kentucky,0.008807911366287119
Alabama,LSU,0.012340809053401859
Alabama,Liberty,0.0013609626917899412
Alabama,Louisiana,0.005723854067977683
Alabama,Louisiana Tech,0.011557274470406258
Alabama,Louisville,0.009458999853732546
Alabama,Marshall,0.007916995188858213
Alabama,Maryland,0.004071055587728793
Alabama,Massachusetts,0.011345690560855737
Alabama,Memphis,0.030413660509328568
Alabama,Miami,0.004576219326100793
Alabama,Miami (OH),0.004255404686561513
Alabama,Michigan,0.00715279020606539
Alabama,Michigan State,0.007291805404414349
Alabama,Middle Tennessee,0.006377912823243604
Alabama,Minnesota,0.011903831643527119
Alabama,Mississippi State,0.002872096139716153
Alabama,Missouri,0.0026621125919086587
Alabama,Missouri State,0.007287568854928888
Alabama,NC State,0.008902859880734311
Alabama,Navy,0.012549024731014536
Alabama,Nebraska,0.014349028028674637
Alabama,Nevada,0.007494869464049509
Alabama,New Mexico,0.0061642706157132255
Alabama,New Mexico State,0.003448089474360504
Alabama,North Carolina,0.0049486076917864205
Alabama,North Dakota State,0.005934209393808254
Alabama,North Texas,0.024330335148604002
Alabama,Northern Illinois,0.009602672621391674
Alabama,Northwestern,0.006421782471513953
Alabama,Notre Dame,0.004576231553044465
Alabama,Ohio,0.0071125228808325645
Alabama,Ohio State,0.0033854761591517067
Alabama,Oklahoma,0.0046559910790273246
Alabama,Oklahoma State,0.008905134365204865
Alabama,Old Dominion,0.010507163319410465
Alabama,Ole Miss,0.014490875794116198
Alabama,Oregon,0.02245046001080579
Alabama,Oregon State,0.006553359840393128
Alabama,Penn State,0.004226104137040882
Alabama,Pittsburgh,0.008440609598834664
Alabama,Purdue,0.0019998391008790818
Alabama,Rice,0.003356332002586878
Alabama,Rutgers,0.014093993806419292
Alabama,SMU,0.004537803749411278
Alabama,Sacramento State,0.008526388689195329
Alabama,Sam Houston,0.010432555000914806
Alabama,San Diego State,0.013025916953330469
Alabama,San José State,0.00512742694138304
Alabama,South Alabama,0.005882011909209242
Alabama,South Carolina,0.0041307716579612646
Alabama,South Florida,0.008463759048695875
Alabama,Southern Miss,0.019275881707349105
Alabama,Stanford,0.005513443791743108
Alabama,Syracuse,0.005822196844312423
Alabama,TCU,0.002750000652454667
Alabama,Temple,0.012509909448143449
Alabama,Tennessee,0.009395955302428401
Alabama,Texas,0.007422759852462161
Alabama,Texas A&M,0.009060989376415396
Alabama,Texas State,0.0040154034175953115
Alabama,Texas Tech,0.006725465976447679
Alabama,Toledo,0.012643943901896448
Alabama,Troy,0.004501848135179385
Alabama,Tulane,0.002261500118892688
Alabama,Tulsa,0.014955661748102509
Alabama,UAB,0.003925344569188424
Alabama,UCF,0.014584716220798717
Alabama,UCLA,0.002462984463014989
Alabama,UConn,0.008129565775216433
Alabama,UL Monroe,0.02006389601297252
Alabama,UNLV,0.012080759211965966
Alabama,USC,0.005203103776735989
Alabama,UTEP,0.0037559761887230197
Alabama,UTSA,0.006797148199465006
Alabama,Utah,0.006663894796176787
Alabama,Utah State,0.008017159938838931
Alabama,Vanderbilt,0.01413524626589497
Alabama,Virginia,0.002610611728791263
Alabama,Virginia Tech,0.007783583395908166
Alabama,Wake Forest,0.0062375828024507736
Alabama,Washington,0.00813991646060815
Alabama,Washington State,0.014222604596097328
Alabama,West Virginia,0.0063694749298164365
Alabama,Western Kentucky,0.020025674286362413
Alabama,Western Michigan,0.006249218013309313
Alabama,Wisconsin,0.009905441499332649
Alabama,Wyoming,0.007309991928458081
App State,Air Force,0.018263648724442513
App State,Akron,0.022821351276423693
App State,Alabama,0.015563208195533413
App State,Arizona,0.020747906705259823
App State,Arizona State,0.01312923776702923
App State,Arkansas,0.019223624283220893
App State,Arkansas State,0.02191680096438402
App State,Army,0.01927893216556902
App State,Auburn,0.02100030904217622
App State,BYU,0.02127337514064424
App State,Ball State,0.014422759254806896
App State,Baylor,0.015677312598509588
App State,Boise State,0.023101758785731438
App State,Boston College,0.017526738511036838
App State,Bowling Green,0.016806087556836026
App State,Buffalo,0.019976688751049552
App State,California,0.016040581231888448
App State,Central Michigan,0.015210454746110342
App State,Charlotte,0.022493546863934143
App State,Cincinnati,0.016169663426751447
App State,Clemson,0.018498344544968737
App State,Coastal Carolina,0.01791101976569637
App State,Colorado,0.02010416475723564
App State,Colorado State,0.014906090568847691
App State,Delaware,0.01593655224536198
App State,Duke,0.014261070131706381
App State,East Carolina,0.024631848602640043
App State,Eastern Michigan,0.01727319874006388
App State,Florida,0.016711601045942454
App State,Florida Atlantic,0.014077688109133301
App State,Florida International,0.01647355895515222
App State,Florida State,0.025234921332001482
App State,Fresno State,0.025088162372085727
App State,Georgia,0.019579140643035616
App State,Georgia Southern,0.025740875768904298
App State,Georgia State,0.014524589847258232
App State,Georgia Tech,0.017744523271644642
App State,Hawai'i,0.019118379519785757
App State,Houston,0.018672176308147437
App State,Illinois,0.017252317532623396
App State,Indiana,0.018100895953616733
App State,Iowa,0.018499625792932618
App State,Iowa State,0.014319989527134525
App State,Jacksonville State,0.01775599350629256
App State,James Madison,0.019942750553412006
App State,Kansas,0.02131838284052077
App State,Kansas State,0.014896488923811138
App State,Kennesaw State,0.019232805358879678
App State,Kent State,0.009286985750931908
App State,Kentucky,0.014331860221425947
App State,LSU,0.017848986686470045
App State,Liberty,0.01848507836967847
App State,Louisiana,0.02344439078150788
App State,Louisiana Tech,0.019315661012045238
App State,Louisville,0.017289266577516588
App State,Marshall,0.022377656172155844
App State,Maryland,0.018353451173944196
App State,Massachusetts,0.019104077102494718
App State,Memphis,0.022655273967689588
App State,Miami,0.015824619639479405
App State,Miami (OH),0.017525886431715872
App State,Michigan,0.015571470089498992
App State,Michigan State,0.020642924328061564
App State,Middle Tennessee,0.014146135791740589
App State,Minnesota,0.01858133822439396
App State,Mississippi State,0.015706677504202123
App State,Missouri,0.01554648416058667
App State,Missouri State,0.015045955396567867
App State,NC State,0.013962867243790518
App State,Navy,0.03039132999536319
App State,Nebraska,0.013711003986183943
App State,Nevada,0.012321548301138205
App State,New Mexico,0.011678034648635427
App State,New Mexico State,0.0175182383839677
App State,North Carolina,0.013277101576249749
App State,North Dakota State,0.013069523200076299
App State,North Texas,0.03208872169024298
App State,Northern Illinois,0.016665648802227134
App State,Northwestern,0.01751490727188127
App State,Notre Dame,0.014192722547382351
App State,Ohio,0.024954828145181216
App State,Ohio State,0.016787519920475454
App State,Oklahoma,0.018052526536083323
App State,Oklahoma State,0.013457524998159094
App State,Old Dominion,0.020559016131320905
App State,Ole Miss,0.017650733383904552
App State,Oregon,0.01469207346916681
App State,Oregon State,0.02368955405188979
App State,Penn State,0.016565446411001626
App State,Pittsburgh,0.019253188869929105
App State,Purdue,0.0187582298569259
App State,Rice,0.016942782410631796
App State,Rutgers,0.020291689330547497
App State,SMU,0.020251433335071706
App State,Sacramento State,0.016284775230834308
App State,Sam Houston,0.013963967520022824
App State,San Diego State,0.017981508438998952
App State,San José State,0.012714878322965611
App State,South Alabama,0.018505401966846018
App State,South Carolina,0.021973076922309917
App State,South Florida,0.016263223621427538
App State,Southern Miss,0.027034268248988084
App State,Stanford,0.019693419777581943
App State,Syracuse,0.01202010842003623
App State,TCU,0.02059230591680332
App State,Temple,0.02026829598978243
App State,Tennessee,0.015022267504634796
App State,Texas,0.025265065116810814
App State,Texas A&M,0.020201814274425967
App State,Texas State,0.02026621752918943
App State,Texas Tech,0.02456777124079633
App State,Toledo,0.020402330443535427
App State,Troy,0.01663060593374362
App State,Tulane,0.018257459836589635
App State,Tulsa,0.02271404828974149
App State,UAB,0.015802327968150634
App State,UCF,0.022343102762437696
App State,UCLA,0.015379320801333663
App State,UConn,0.01756531849940579
App State,UL Monroe,0.01972045474550458
App State,UNLV,0.015570736745350065
App State,USC,0.021385588578553612
App State,UTEP,0.02159828145307167
App State,UTSA,0.01832515212711594
App State,Utah,0.019348021944010602
App State,Utah State,0.01831276660490059
App State,Vanderbilt,0.016811278194355884
App State,Virginia,0.015381695760091192
App State,Virginia Tech,0.01712999742632065
App State,Wake Forest,0.019555272328013268
App State,Washington,0.01589830300224713
App State,Washington State,0.021980991137736307
App State,West Virginia,0.02309123997344288
App State,Western Kentucky,0.012267287744723434
App State,Western Michigan,0.01670004442268411
App State,Wisconsin,0.014457832132286876
App State,Wyoming,0.021014371606647476
Arizona,Air Force,0.015121326635162463
Arizona,Akron,0.021306161220405802
Arizona,Alabama,0.014048018139515523
Arizona,App State,0.010648764340506633
Arizona,Arizona State,0.009986915677749182
Arizona,Arkansas,0.016081302193940845
Arizona,Arkansas State,0.02346614575070656
Arizona,Army,0.016136610076288967
Arizona,Auburn,0.019485118986158328
Arizona,BYU,0.018580635206626794
Arizona,Ball State,0.015442095314913402
Arizona,Baylor,0.012534990509229538
Arizona,Boise State,0.019959436696451387
Arizona,Boston College,0.021807123836879955
Arizona,Bowling Green,0.019012105644713582
Arizona,Buffalo,0.01846149869503166
Arizona,California,0.01755577128790634
Arizona,Central Michigan,0.014460144478175391
Arizona,Charlotte,0.033591690960705675
Arizona,Cincinnati,0.016947006432813508
Arizona,Clemson,0.02093403040700443
Arizona,Coastal Carolina,0.014768697676416323
Arizona,Colorado,0.016961842667955588
Arizona,Colorado State,0.024420265571031864
Arizona,Delaware,0.014421362189344089
Arizona,Duke,0.012745880075688491
Arizona,East Carolina,0.021489526513359995
Arizona,Eastern Michigan,0.01413087665078383
Arizona,Florida,0.020154388541769173
Arizona,Florida Atlantic,0.016710965260621043
Arizona,Florida International,0.013331236865872169
Arizona,Florida State,0.02209259924272143
Arizona,Fresno State,0.02194584028280568
Arizona,Georgia,0.016436818553755565
Arizona,Georgia Southern,0.024225685712886406
Arizona,Georgia State,0.013499160936321333
Arizona,Georgia Tech,0.01460220118236459
Arizona,Hawai'i,0.01597605743050571
Arizona,Houston,0.015529854218867385
Arizona,Illinois,0.024607591554431714
Arizona,Indiana,0.016198221051360796
Arizona,Iowa,0.015357303703652566
Arizona,Iowa State,0.011177667437854474
Arizona,Jacksonville State,0.02141408512112463
Arizona,James Madison,0.016800428464131958
Arizona,Kansas,0.01817606075124072
Arizona,Kansas State,0.022678507814701397
Arizona,Kennesaw State,0.018562041999710656
Arizona,Kent State,0.006596521603361484
Arizona,Kentucky,0.013574215196876384
Arizona,LSU,0.016333796630452153
Arizona,Liberty,0.017792346677373363
Arizona,Louisiana,0.020302068692227834
Arizona,Louisiana Tech,0.017800470956027346
Arizona,Louisville,0.014146944488236538
Arizona,Marshall,0.019235334082875796
Arizona,Maryland,0.01600253169506471
Arizona,Massachusetts,0.017588887046476827
Arizona,Memphis,0.02417046402370748
Arizona,Miami,0.012682297550199357
Arizona,Miami (OH),0.014383564342435822
Arizona,Michigan,0.012886320633823566
Arizona,Michigan State,0.02021286593483667
Arizona,Middle Tennessee,0.02119922031631634
Arizona,Minnesota,0.018764979832885373
Arizona,Mississippi State,0.012564355414922072
Arizona,Missouri,0.015722156250225997
Arizona,Missouri State,0.015743004981196903
Arizona,NC State,0.015135417507457512
Arizona,Navy,0.027249007906083138
Arizona,Nebraska,0.01172310828715082
Arizona,Nevada,0.017489504230187008
Arizona,New Mexico,0.008535712559355375
Arizona,New Mexico State,0.014375916294687648
Arizona,North Carolina,0.012951948432774977
Arizona,North Dakota State,0.008765773781260347
Arizona,North Texas,0.03057353163422509
Arizona,Northern Illinois,0.014939093815915813
Arizona,Northwestern,0.014726194115652964
Arizona,Notre Dame,0.014744359366466358
Arizona,Ohio,0.021812506055901168
Arizona,Ohio State,0.017668052085456718
Arizona,Oklahoma,0.01825340439429165
Arizona,Oklahoma State,0.010995311393633075
Arizona,Old Dominion,0.020598751013966913
Arizona,Ole Miss,0.01676093874841973
Arizona,Oregon,0.016776815873819254
Arizona,Oregon State,0.02054723196260974
Arizona,Penn State,0.016917778268482682
Arizona,Pittsburgh,0.016110866780649057
Arizona,Purdue,0.018877236879410286
Arizona,Rice,0.01911558951686425
Arizona,Rutgers,0.02059814843235696
Arizona,SMU,0.019434694421574264
Arizona,Sacramento State,0.014769585174816417
Arizona,Sam Houston,0.015768976195438947
Arizona,San Diego State,0.0148391863497189
Arizona,San José State,0.013391470482691932
Arizona,South Alabama,0.020950957072892625
Arizona,South Carolina,0.018830754833029865
Arizona,South Florida,0.013120901532147488
Arizona,Southern Miss,0.025519078192970193
Arizona,Stanford,0.016551097688301895
Arizona,Syracuse,0.008877786330756178
Arizona,TCU,0.017449983827523267
Arizona,Temple,0.018753105933764537
Arizona,Tennessee,0.0195378531109932
Arizona,Texas,0.022122743027530763
Arizona,Texas A&M,0.02004849713774106
Arizona,Texas State,0.017123895439909383
Arizona,Texas Tech,0.02142544915151628
Arizona,Toledo,0.018887140387517536
Arizona,Troy,0.013488283844463572
Arizona,Tulane,0.0177657946549643
Arizona,Tulsa,0.021198858233723597
Arizona,UAB,0.017270404515961593
Arizona,UCF,0.020827912706419805
Arizona,UCLA,0.012236998712053613
Arizona,UConn,0.014422996410125741
Arizona,UL Monroe,0.02602377740926977
Arizona,UNLV,0.015096843287606463
Arizona,USC,0.018243266489273564
Arizona,UTEP,0.018455959363791623
Arizona,UTSA,0.017660957679606674
Arizona,Utah,0.01620569985473055
Arizona,Utah State,0.015170444515620538
Arizona,Vanderbilt,0.013668956105075835
Arizona,Virginia,0.012239373670811142
Arizona,Virginia Tech,0.014026779881529255
Arizona,Wake Forest,0.016412950238733216
Arizona,Washington,0.019854452897812458
Arizona,Washington State,0.023505382163085967
Arizona,West Virginia,0.021982416866300244
Arizona,Western Kentucky,0.013782477800741325
Arizona,Western Michigan,0.013557722333404059
Arizona,Wisconsin,0.013536799890580226
Arizona,Wyoming,0.017872049517367428
Arizona State,Air Force,0.020244075013060456
Arizona State,Akron,0.02567987781660597
Arizona State,Alabama,0.018421734735715692
Arizona State,App State,0.015771512718404625
Arizona State,Arizona,0.022728332993877765
Arizona State,Arkansas,0.021204050571838835
Arizona State,Arkansas State,0.02669930447107728
Arizona State,Army,0.02125935845418696
Arizona State,Auburn,0.023858835582358497
Arizona State,BYU,0.023253801429262182
Arizona State,Ball State,0.018675254035284125
Arizona State,Baylor,0.01765773888712753
Arizona State,Boise State,0.02508218507434938
Arizona State,Boston College,0.025040282557250677
Arizona State,Bowling Green,0.022245264365084304
Arizona State,Buffalo,0.02283521529123183
Arizona State,California,0.019772178650962573
Arizona State,Central Michigan,0.01769330319854611
Arizona State,Charlotte,0.036824849681076396
Arizona State,Cincinnati,0.02018016515318423
Arizona State,Clemson,0.02416718912737515
Arizona State,Coastal Carolina,0.019891446054314314
Arizona State,Colorado,0.022084591045853582
Arizona State,Colorado State,0.027653424291402585
Arizona State,Delaware,0.018795078785544258
Arizona State,Duke,0.017119596671888657
Arizona State,East Carolina,0.026612274891257986
Arizona State,Eastern Michigan,0.019253625028681824
Arizona State,Florida,0.023387547262139895
Arizona State,Florida Atlantic,0.019944123980991765
Arizona State,Florida International,0.018453985243770163
Arizona State,Florida State,0.027215347620619425
Arizona State,Fresno State,0.02706858866070367
Arizona State,Georgia,0.02155956693165356
Arizona State,Georgia Southern,0.028599402309086575
Arizona State,Georgia State,0.016732319656692054
Arizona State,Georgia Tech,0.019724949560262585
Arizona State,Hawai'i,0.0210988058084037
Arizona State,Houston,0.02065260259676538
Arizona State,Illinois,0.027840750274802435
Arizona State,Indiana,0.020081322242234675
Arizona State,Iowa,0.02048005208155056
Arizona State,Iowa State,0.016300415815752468
Arizona State,Jacksonville State,0.024647243841495352
Arizona State,James Madison,0.02192317684202995
Arizona State,Kansas,0.023298809129138714
Arizona State,Kansas State,0.02591166653507212
Arizona State,Kennesaw State,0.021795200720081377
Arizona State,Kent State,0.01126741203954985
Arizona State,Kentucky,0.016807373917247105
Arizona State,LSU,0.02070751322665232
Arizona State,Liberty,0.021025505397744084
Arizona State,Louisiana,0.025424817070125824
Arizona State,Louisiana Tech,0.022174187552227515
Arizona State,Louisville,0.01926969286613453
Arizona State,Marshall,0.024358082460773787
Arizona State,Maryland,0.020333877462562138
Arizona State,Massachusetts,0.021962603642676992
Arizona State,Memphis,0.022290844242193974
Arizona State,Miami,0.017805045928097347
Arizona State,Miami (OH),0.019506312720333815
Arizona State,Michigan,0.017551896378116934
Arizona State,Michigan State,0.02344602465520739
Arizona State,Middle Tennessee,0.02443237903668706
Arizona State,Minnesota,0.021998138553256094
Arizona State,Mississippi State,0.017687103792820066
Arizona State,Missouri,0.01895531497059672
Arizona State,Missouri State,0.018976163701567624
Arizona State,NC State,0.018368576227828233
Arizona State,Navy,0.03237175628398113
Arizona State,Nebraska,0.015691430274801885
Arizona State,Nevada,0.02072266295055773
Arizona State,New Mexico,0.01365846093725337
Arizona State,New Mexico State,0.019498664672585642
Arizona State,North Carolina,0.016185107153145698
Arizona State,North Dakota State,0.01388852215915834
Arizona State,North Texas,0.03494724823042526
Arizona State,Northern Illinois,0.019994345456809216
Arizona State,Northwestern,0.019495333560499213
Arizona State,Notre Dame,0.01797751808683708
Arizona State,Ohio,0.02693525443379916
Arizona State,Ohio State,0.02090121080582744
Arizona State,Oklahoma,0.02148656311466237
Arizona State,Oklahoma State,0.014228470114003796
Arizona State,Old Dominion,0.023831909734337634
Arizona State,Ole Miss,0.01999409746879045
Arizona State,Oregon,0.020009974594189975
Arizona State,Oregon State,0.02566998034050773
Arizona State,Penn State,0.020150936988853403
Arizona State,Pittsburgh,0.021233615158547048
Arizona State,Purdue,0.022110395599781008
Arizona State,Rice,0.022348748237234973
Arizona State,Rutgers,0.02383130715272768
Arizona State,SMU,0.022667853141944985
Arizona State,Sacramento State,0.019143301771016585
Arizona State,Sam Houston,0.020824227836332348
Arizona State,San Diego State,0.019961934727616894
Arizona State,San José State,0.016624629203062652
Arizona State,South Alabama,0.024184115793263346
Arizona State,South Carolina,0.02395350321092786
Arizona State,South Florida,0.01824364991004548
Arizona State,Southern Miss,0.02989279478917036
Arizona State,Stanford,0.021673846066199886
Arizona State,Syracuse,0.014000534708654172
Arizona State,TCU,0.02257273220542126
Arizona State,Temple,0.023126822529964706
Arizona State,Tennessee,0.022771011831363923
Arizona State,Texas,0.027245491405428757
Arizona State,Texas A&M,0.02328165585811178
Arizona State,Texas State,0.022246643817807374
Arizona State,Texas Tech,0.026548197529414272
Arizona State,Toledo,0.023260856983717704
Arizona State,Troy,0.018611032222361563
Arizona State,Tulane,0.02099895337533502
Arizona State,Tulsa,0.025572574829923766
Arizona State,UAB,0.020503563236332314
Arizona State,UCF,0.025201629302619974
Arizona State,UCLA,0.017359747089951607
Arizona State,UConn,0.019545744788023733
Arizona State,UL Monroe,0.02925693612964049
Arizona State,UNLV,0.018330002007977183
Arizona State,USC,0.023366014867171554
Arizona State,UTEP,0.023578707741689613
Arizona State,UTSA,0.020894116399977396
Arizona State,Utah,0.021328448232628545
Arizona State,Utah State,0.02029319289351853
Arizona State,Vanderbilt,0.018791704482973827
Arizona State,Virginia,0.017362122048709135
Arizona State,Virginia Tech,0.019110423714938592
Arizona State,Wake Forest,0.02153569861663121
Arizona State,Washington,0.02308761161818318
Arizona State,Washington State,0.026738540883456688
Arizona State,West Virginia,0.025215575586670966
Arizona State,Western Kentucky,0.009408761204541156
Arizona State,Western Michigan,0.018680470711302053
Arizona State,Wisconsin,0.016769958610950948
Arizona State,Wyoming,0.022994797895265418
Arkansas,Air Force,0.02362960161238959
Arkansas,Akron,0.0439716845941311
Arkansas,Alabama,0.03671354151324082
Arkansas,App State,0.018717437218751246
Arkansas,Arizona,0.017910291275108
Arkansas,Arizona State,0.028944312908603973
Arkansas,Arkansas State,0.019298809175197003
Arkansas,Army,0.019414252491039508
Arkansas,Auburn,0.042150642359883625
Arkansas,BYU,0.027686375336567745
Arkansas,Ball State,0.032940556029588244
Arkansas,Baylor,0.032005760114367315
Arkansas,Boise State,0.031228655351464626
Arkansas,Boston College,0.03303890414409309
Arkansas,Bowling Green,0.028733929493098123
Arkansas,Buffalo,0.04112702206875696
Arkansas,California,0.012532753419032249
Arkansas,Central Michigan,0.024294281618446708
Arkansas,Charlotte,0.03506926503629052
Arkansas,Cincinnati,0.011954456199915735
Arkansas,Clemson,0.026672235411418076
Arkansas,Coastal Carolina,0.0276561570186996
Arkansas,Colorado,0.03698806644096027
Arkansas,Colorado State,0.01819117940342617
Arkansas,Delaware,0.03708688556306938
Arkansas,Duke,0.035411403449413785
Arkansas,East Carolina,0.03183944301017427
Arkansas,Eastern Michigan,0.02534268312258098
Arkansas,Florida,0.02379888204020439
Arkansas,Florida Atlantic,0.011580643181113818
Arkansas,Florida International,0.03541387836509296
Arkansas,Florida State,0.024676264357644848
Arkansas,Fresno State,0.039920969202915164
Arkansas,Georgia,0.028556168741519335
Arkansas,Georgia Southern,0.04689120908661171
Arkansas,Georgia State,0.02095716333342399
Arkansas,Georgia Tech,0.02292135667545434
Arkansas,Hawai'i,0.020442303223290423
Arkansas,Houston,0.02777200356945017
Arkansas,Illinois,0.018389485726314152
Arkansas,Indiana,0.02027711031735701
Arkansas,Iowa,0.03416815067794405
Arkansas,Iowa State,0.02889721857328487
Arkansas,Jacksonville State,0.022113064838295098
Arkansas,James Madison,0.032639281653929965
Arkansas,Kansas,0.036291491686175736
Arkansas,Kansas State,0.03182557970175893
Arkansas,Kennesaw State,0.028667919329776772
Arkansas,Kent State,0.016069001770363814
Arkansas,Kentucky,0.020100808493059265
Arkansas,LSU,0.03899932000417745
Arkansas,Liberty,0.027547757167556444
Arkansas,Louisiana,0.034632573927324065
Arkansas,Louisiana Tech,0.04046599432975265
Arkansas,Louisville,0.029524952792954307
Arkansas,Marshall,0.027778220016928232
Arkansas,Maryland,0.03297977544707518
Arkansas,Massachusetts,0.04025441042020212
Arkansas,Memphis,0.008156730666393469
Arkansas,Miami,0.027971302673323734
Arkansas,Miami (OH),0.0331641245459079
Arkansas,Michigan,0.021755929653280996
Arkansas,Michigan State,0.021616914454932034
Arkansas,Middle Tennessee,0.033077671825752004
Arkansas,Minnesota,0.017004888215819268
Arkansas,Mississippi State,0.03178081599906254
Arkansas,Missouri,0.03157083245125504
Arkansas,Missouri State,0.03619628871427527
Arkansas,NC State,0.033794772728755224
Arkansas,Navy,0.026123208288904944
Arkansas,Nebraska,0.014559691830671748
Arkansas,Nevada,0.03347188161884561
Arkansas,New Mexico,0.02555404365991486
Arkansas,New Mexico State,0.02546063038498588
Arkansas,North Carolina,0.033857327551132806
Arkansas,North Dakota State,0.026186145295103443
Arkansas,North Texas,0.053239055007950384
Arkansas,Northern Illinois,0.021838802901952017
Arkansas,Northwestern,0.02248693738783243
Arkansas,Notre Dame,0.033321526208209246
Arkansas,Ohio,0.026457046205501978
Arkansas,Ohio State,0.025523243700194678
Arkansas,Oklahoma,0.03356471093837371
Arkansas,Oklahoma State,0.029420924846921607
Arkansas,Old Dominion,0.03941588317875685
Arkansas,Ole Miss,0.014417844065230187
Arkansas,Oregon,0.006458259848540596
Arkansas,Oregon State,0.03273846580221985
Arkansas,Penn State,0.024682615722305505
Arkansas,Pittsburgh,0.03734932945818105
Arkansas,Purdue,0.030908558960225468
Arkansas,Rice,0.02991704197883243
Arkansas,Rutgers,0.014814726052927094
Arkansas,SMU,0.03344652360875766
Arkansas,Sacramento State,0.037435108548541714
Arkansas,Sam Houston,0.02266868528147515
Arkansas,San Diego State,0.015882802906015916
Arkansas,San José State,0.02599916746538858
Arkansas,South Alabama,0.029368100630011086
Arkansas,South Carolina,0.03195041767713635
Arkansas,South Florida,0.02873233877171083
Arkansas,Southern Miss,0.04818460156669549
Arkansas,Stanford,0.029291864729574058
Arkansas,Syracuse,0.026481342223687056
Arkansas,TCU,0.02890405571763718
Arkansas,Temple,0.04141862930748984
Arkansas,Tennessee,0.019512764556917986
Arkansas,Texas,0.033291375494089386
Arkansas,Texas A&M,0.03796970923576178
Arkansas,Texas State,0.029896709552301688
Arkansas,Texas Tech,0.026994161928448935
Arkansas,Toledo,0.041552663761242836
Arkansas,Troy,0.024406871724167
Arkansas,Tulane,0.026647219740453698
Arkansas,Tulsa,0.04386438160744889
Arkansas,UAB,0.02731613786157399
Arkansas,UCF,0.0434934360801451
Arkansas,UCLA,0.029217406371681576
Arkansas,UConn,0.037038285634562816
Arkansas,UL Monroe,0.008844823846373865
Arkansas,UNLV,0.01682796064738042
Arkansas,USC,0.034111823636082374
Arkansas,UTEP,0.026220244531356247
Arkansas,UTSA,0.02211157165988138
Arkansas,Utah,0.022244825063169597
Arkansas,Utah State,0.03692587979818532
Arkansas,Vanderbilt,0.016550781803381317
Arkansas,Virginia,0.03088523913335854
Arkansas,Virginia Tech,0.03669230325525455
Arkansas,Wake Forest,0.023630753858714038
Arkansas,Washington,0.03704863631995453
Arkansas,Washington State,0.04313132445544371
Arkansas,West Virginia,0.029501847149630778
Arkansas,Western Kentucky,0.008883045572983972
Arkansas,Western Michigan,0.0351579378726557
Arkansas,Wisconsin,0.019481965808771234
Arkansas,Wyoming,0.021598727930888306
Arkansas State,Air Force,0.012024432610578709
Arkansas State,Akron,0.014249873511792927
Arkansas State,Alabama,0.021142806207441966
Arkansas State,App State,0.01649699490523454
Arkansas State,Arizona,0.011811519807230171
Arkansas State,Arizona State,0.01715884356799199
Arkansas State,Arkansas,0.01308318598493138
Arkansas State,Army,0.011740613933377268
Arkansas State,Auburn,0.012428831277545453
Arkansas State,BYU,0.00901470619437698
Arkansas State,Ball State,0.015865322080214326
Arkansas State,Baylor,0.014610768736511634
Arkansas State,Boise State,0.008588640238511702
Arkansas State,Boston College,0.012761342823984386
Arkansas State,Bowling Green,0.01485603463716547
Arkansas State,Buffalo,0.016333407808352907
Arkansas State,California,0.024612058996519214
Arkansas State,Central Michigan,0.01507762658891088
Arkansas State,Charlotte,0.008974480376617019
Arkansas State,Cincinnati,0.02044522411420968
Arkansas State,Clemson,0.011789736790052486
Arkansas State,Coastal Carolina,0.01237706156932485
Arkansas State,Colorado,0.010183916577785583
Arkansas State,Colorado State,0.01538199076617353
Arkansas State,Delaware,0.015400750355987203
Arkansas State,Duke,0.017018168305774902
Arkansas State,East Carolina,0.006810175692788578
Arkansas State,Eastern Michigan,0.013014882594957342
Arkansas State,Florida,0.013576480289078768
Arkansas State,Florida Atlantic,0.020453047154241663
Arkansas State,Florida International,0.013814522379869004
Arkansas State,Florida State,0.01180709107671029
Arkansas State,Fresno State,0.010199158120576991
Arkansas State,Georgia,0.010708940691985608
Arkansas State,Georgia Southern,0.020900540411184398
Arkansas State,Georgia State,0.01576349148776299
Arkansas State,Georgia Tech,0.012543558063376582
Arkansas State,Hawai'i,0.011169701815235465
Arkansas State,Houston,0.01210746923695269
Arkansas State,Illinois,0.015224826149759117
Arkansas State,Indiana,0.012187185381404491
Arkansas State,Iowa,0.011788455542088606
Arkansas State,Iowa State,0.0159680918078867
Arkansas State,Jacksonville State,0.012532087828728663
Arkansas State,James Madison,0.010345330781609215
Arkansas State,Kansas,0.011916346868127627
Arkansas State,Kansas State,0.015391592411210084
Arkansas State,Kennesaw State,0.011055275976141546
Arkansas State,Kent State,0.021001095584089316
Arkansas State,Kentucky,0.015956221113595275
Arkansas State,LSU,0.02478658512407443
Arkansas State,Liberty,0.01180300296534275
Arkansas State,Louisiana,0.00684369055351334
Arkansas State,Louisiana Tech,0.020932203973858622
Arkansas State,Louisville,0.01593511756232512
Arkansas State,Marshall,0.014393112897450783
Arkansas State,Maryland,0.011934630161077028
Arkansas State,Massachusetts,0.012050865321893305
Arkansas State,Memphis,0.031226751732320354
Arkansas State,Miami,0.014463461695541815
Arkansas State,Miami (OH),0.01276219490330535
Arkansas State,Michigan,0.01471661124552223
Arkansas State,Michigan State,0.009645157006959656
Arkansas State,Middle Tennessee,0.016141945543280634
Arkansas State,Minnesota,0.016239902594427445
Arkansas State,Mississippi State,0.0145814038308191
Arkansas State,Missouri,0.014741597174434552
Arkansas State,Missouri State,0.016754417511968534
Arkansas State,NC State,0.016325214091230705
Arkansas State,Navy,0.008593086292688365
Arkansas State,Nebraska,0.016577077348837278
Arkansas State,Nevada,0.01994064553472208
Arkansas State,New Mexico,0.018610046686385797
Arkansas State,New Mexico State,0.012769842951053524
Arkansas State,North Carolina,0.01701097975877147
Arkansas State,North Dakota State,0.018379985464480823
Arkansas State,North Texas,0.023517243925612216
Arkansas State,Northern Illinois,0.01362243253279409
Arkansas State,Northwestern,0.01277317406313995
Arkansas State,Notre Dame,0.01609535878763887
Arkansas State,Ohio,0.009232036050837462
Arkansas State,Ohio State,0.013500561414545769
Arkansas State,Oklahoma,0.012235554798937901
Arkansas State,Oklahoma State,0.019272808168156623
Arkansas State,Old Dominion,0.009729065203700317
Arkansas State,Ole Miss,0.018064346724578892
Arkansas State,Oregon,0.023263551233797575
Arkansas State,Oregon State,0.006598527283131432
Arkansas State,Penn State,0.013722634924019594
Arkansas State,Pittsburgh,0.011034892465092115
Arkansas State,Purdue,0.011529851478095321
Arkansas State,Rice,0.013345298924389426
Arkansas State,Rutgers,0.014984367456331315
Arkansas State,SMU,0.010036647999949515
Arkansas State,Sacramento State,0.015985882061057465
Arkansas State,Sam Houston,0.0163241138149984
Arkansas State,San Diego State,0.013839008176322255
Arkansas State,San José State,0.01757320301205561
Arkansas State,South Alabama,0.012358129617801814
Arkansas State,South Carolina,0.008879785812651038
Arkansas State,South Florida,0.014939876757288448
Arkansas State,Southern Miss,0.018462790484357318
Arkansas State,Stanford,0.01198956150033568
Arkansas State,Syracuse,0.018267972914984994
Arkansas State,TCU,0.009695775418217903
Arkansas State,Temple,0.015475861674247
Arkansas State,Tennessee,0.015265813830386426
Arkansas State,Texas,0.00726352279437245
Arkansas State,Texas A&M,0.010086267060595257
Arkansas State,Texas State,0.010491521126187883
Arkansas State,Texas Tech,0.01236739597436825
Arkansas State,Toledo,0.01808932729766703
Arkansas State,Troy,0.0136574754012776
Arkansas State,Tulane,0.012030621498431588
Arkansas State,Tulsa,0.014142570525110722
Arkansas State,UAB,0.014485753366870587
Arkansas State,UCF,0.01377162499780693
Arkansas State,UCLA,0.01490876053368756
Arkansas State,UConn,0.012722762835615431
Arkansas State,UL Monroe,0.020876987235964307
Arkansas State,UNLV,0.014717344589671158
Arkansas State,USC,0.009169652211831551
Arkansas State,UTEP,0.009753689932311198
Arkansas State,UTSA,0.011962929207905282
Arkansas State,Utah,0.010940059391010622
Arkansas State,Utah State,0.011975314730120635
Arkansas State,Vanderbilt,0.014948337488886757
Arkansas State,Virginia,0.01490638557493003
Arkansas State,Virginia Tech,0.013158083908700572
Arkansas State,Wake Forest,0.012713700511043344
Arkansas State,Washington,0.014439447546172123
Arkansas State,Washington State,0.013409513373105541
Arkansas State,West Virginia,0.012845592638409009
Arkansas State,Western Kentucky,0.0208387655093542
Arkansas State,Western Michigan,0.013588036912337113
Arkansas State,Wisconsin,0.016381559207925223
Arkansas State,Wyoming,0.011210171213869911
Army,Air Force,0.015669472875517433
Army,Akron,0.02000535586669404
Army,Alabama,0.01476342292024298
Army,App State,0.01610490676129177
Army,Arizona,0.018991851999248625
Army,Arizona State,0.005878031071439047
Army,Arkansas,0.018641434211366114
Army,Arkansas State,0.02677188440970961
Army,Auburn,0.007328298379840606
Army,BYU,0.021886373865629843
Army,Ball State,0.018747833973916453
Army,Baylor,0.014944641738401605
Army,Boise State,0.0035936886285783927
Army,Boston College,0.025112862495883004
Army,Bowling Green,0.02231784430371663
Army,Buffalo,0.009605198783149258
Army,California,0.02971259189422406
Army,Central Michigan,0.01776588313717844
Army,Charlotte,0.036897429619708724
Army,Cincinnati,0.025545757011914527
Army,Clemson,0.02423976906600748
Army,Coastal Carolina,0.008102517530099147
Army,Colorado,0.016859434389393704
Army,Colorado State,0.027726004230034913
Army,Delaware,0.002264541583026367
Army,Duke,0.009887199209242088
Army,East Carolina,0.0197827732446725
Army,Eastern Michigan,0.014307962631559482
Army,Florida,0.023460127200772223
Army,Florida Atlantic,0.02555358005194651
Army,Florida International,0.008685750848953249
Army,Florida State,0.01812709058159633
Army,Fresno State,0.005098625222872143
Army,Georgia,0.006266175238523686
Army,Georgia Southern,0.01699827118752061
Army,Georgia State,0.01680489959532438
Army,Georgia Tech,0.01580505006158792
Army,Hawai'i,0.018125685039394948
Army,Houston,0.00705034041059285
Army,Illinois,0.027913330213434763
Army,Indiana,0.019503959710363845
Army,Iowa,0.016309928243589837
Army,Iowa State,0.010894951585067944
Army,Jacksonville State,0.02471982378012768
Army,James Madison,0.017532158103098727
Army,Kansas,0.011190789705315873
Army,Kansas State,0.025984246473704446
Army,Kennesaw State,0.021867780658713705
Army,Kent State,0.018753342209679207
Army,Kentucky,0.016879953855879433
Army,LSU,0.0041769760241344295
Army,Liberty,0.021098085336376412
Army,Louisiana,0.016689162868052682
Army,Louisiana Tech,0.016951107547841866
Army,Louisville,0.01684657086385086
Army,Marshall,0.0092389583715508
Army,Maryland,0.01930827035406776
Army,Massachusetts,0.014486448196626374
Army,Memphis,0.0363272846300252
Army,Miami,0.006851041306719284
Army,Miami (OH),0.004312278349621832
Army,Michigan,0.016192059292826615
Army,Michigan State,0.02351860459383972
Army,Middle Tennessee,0.024504958975319388
Army,Minnesota,0.022070718491888422
Army,Mississippi State,0.0030415279809804813
Army,Missouri,0.019027894909229046
Army,Missouri State,0.019048743640199952
Army,NC State,0.01844115616646056
Army,Navy,0.01438265348813151
Army,Nebraska,0.02026265214937127
Army,Nevada,0.020795242889190057
Army,New Mexico,0.00926830032012816
Army,New Mexico State,0.010369191326150896
Army,North Carolina,0.016257687091778026
Army,North Dakota State,0.008636198684939578
Army,North Texas,0.018416711027907366
Army,Northern Illinois,0.015854212870620308
Army,Northwestern,0.018031932774656013
Army,Notre Dame,0.01805009802546941
Army,Ohio,0.025113483536453658
Army,Ohio State,0.020973790744459767
Army,Oklahoma,0.021559143053294698
Army,Oklahoma State,0.014301050052636124
Army,Old Dominion,0.023904489672969962
Army,Ole Miss,0.020404499914812833
Army,Oregon,0.028364084131502425
Army,Oregon State,0.007310588426461359
Army,Penn State,0.02022351692748573
Army,Pittsburgh,0.0034457731081298766
Army,Purdue,0.022182975538413335
Army,Rice,0.0224213281758673
Army,Rutgers,0.02390388709136001
Army,SMU,0.022740433080577313
Army,Sacramento State,0.017244627915665257
Army,Sam Houston,0.01852801390511949
Army,San Diego State,0.0189395410740271
Army,San José State,0.01669720914169498
Army,South Alabama,0.024256695731895674
Army,South Carolina,0.0037256312867510553
Army,South Florida,0.01448139254540529
Army,Southern Miss,0.027208932281544085
Army,Stanford,0.0068354069744356975
Army,Syracuse,0.008341001756355965
Army,TCU,0.00591828826240584
Army,Temple,0.019998136454983655
Army,Tennessee,0.02284359176999625
Army,Texas,0.002109368268472467
Army,Texas A&M,0.02335423579674411
Army,Texas State,0.015051289114055321
Army,Texas Tech,0.007828182051594083
Army,Toledo,0.007492917418016402
Army,Troy,0.014278959866159489
Army,Tulane,0.02107153331396735
Army,Tulsa,0.018487701568639714
Army,UAB,0.02057614317496464
Army,UCF,0.014983416017453871
Army,UCLA,0.015045716889764842
Army,UConn,0.0022159416545197985
Army,UL Monroe,0.029329516068272818
Army,UNLV,0.01840258194660951
Army,USC,0.01964193487265916
Army,UTEP,0.008602099448686772
Army,UTSA,0.020966696338609724
Army,Utah,0.019459896283069572
Army,Utah State,0.013311487428507386
Army,Vanderbilt,0.020048870386591602
Army,Virginia,0.003937104846684478
Army,Virginia Tech,0.0018699592752115315
Army,Wake Forest,0.011191590121328981
Army,Washington,0.023160191556815507
Army,Washington State,0.026811120822089016
Army,West Virginia,0.025288155525303294
Army,Western Kentucky,0.025939298407059046
Army,Western Michigan,0.00033559389261267857
Army,Wisconsin,0.016842538549583275
Army,Wyoming,0.014651980073550105
Auburn,Air Force,0.01115830557126608
Auburn,Akron,0.030556387589358518
Auburn,Alabama,0.023298244508468235
Auburn,App State,0.01563086786592191
Auburn,Arizona,0.008674047590448769
Auburn,Arizona State,0.016292716528679363
Auburn,Arkansas,0.0101983300124877
Auburn,Arkansas State,0.007505153331324573
Auburn,Army,0.010143022130139576
Auburn,BYU,0.014271078331795162
Auburn,Ball State,0.019525259024815667
Auburn,Baylor,0.01859046310959473
Auburn,Boise State,0.017813358346692044
Auburn,Boston College,0.019623607139320515
Auburn,Bowling Green,0.015318632488325542
Auburn,Buffalo,0.027711725063984373
Auburn,California,0.018528292695202685
Auburn,Central Michigan,0.014211499549598251
Auburn,Charlotte,0.021653968031517937
Auburn,Cincinnati,0.013252290868957146
Auburn,Clemson,0.013256938406645493
Auburn,Coastal Carolina,0.014240860013927019
Auburn,Colorado,0.023572769436187684
Auburn,Colorado State,0.014515863726860902
Auburn,Delaware,0.023671588558296805
Auburn,Duke,0.021996106444641204
Auburn,East Carolina,0.01842414600540169
Auburn,Eastern Michigan,0.012148755555644713
Auburn,Florida,0.012710353249766139
Auburn,Florida Atlantic,0.015344266186575292
Auburn,Florida International,0.021998581360320374
Auburn,Florida State,0.011260967352872265
Auburn,Fresno State,0.02650567219814258
Auburn,Georgia,0.01514087173674675
Auburn,Georgia Southern,0.03347591208183912
Auburn,Georgia State,0.014897364448450362
Auburn,Georgia Tech,0.011677431024063952
Auburn,Hawai'i,0.010303574775922836
Auburn,Houston,0.014356706564677586
Auburn,Illinois,0.012169636763085198
Auburn,Indiana,0.011321058342091862
Auburn,Iowa,0.020752853673171468
Auburn,Iowa State,0.015481921568512287
Auburn,Jacksonville State,0.011665960789416034
Auburn,James Madison,0.019223984649157384
Auburn,Kansas,0.02287619468140315
Auburn,Kansas State,0.018410282696986347
Auburn,Kennesaw State,0.015252622325004187
Auburn,Kent State,0.020134968544776685
Auburn,Kentucky,0.015090094074282646
Auburn,LSU,0.025584022999404866
Auburn,Liberty,0.01413246016278386
Auburn,Louisiana,0.021217276922551487
Auburn,Louisiana Tech,0.027050697324980062
Auburn,Louisville,0.016109655788181725
Auburn,Marshall,0.014362923012155651
Auburn,Maryland,0.019564478442302594
Auburn,Massachusetts,0.02683911341542954
Auburn,Memphis,0.019002615252097392
Auburn,Miami,0.014556005668551152
Auburn,Miami (OH),0.019748827541135314
Auburn,Michigan,0.013850484206209601
Auburn,Michigan State,0.00877902996764703
Auburn,Middle Tennessee,0.01966237482097942
Auburn,Minnesota,0.01084061607131463
Auburn,Mississippi State,0.018365518994289953
Auburn,Missouri,0.018155535446482463
Auburn,Missouri State,0.02278099170950269
Auburn,NC State,0.02037947572398264
Auburn,Navy,0.012707911284132359
Auburn,Nebraska,0.01571095030952465
Auburn,Nevada,0.020056584614073027
Auburn,New Mexico,0.017743919647073166
Auburn,New Mexico State,0.012045333380213298
Auburn,North Carolina,0.02044203054636022
Auburn,North Dakota State,0.02095991922251259
Auburn,North Texas,0.039823758003177806
Auburn,Northern Illinois,0.014741568714556102
Auburn,Northwestern,0.01190704702382732
Auburn,Notre Dame,0.019906229203436668
Auburn,Ohio,0.013041749200729393
Auburn,Ohio State,0.01263443437523314
Auburn,Oklahoma,0.020149413933601125
Auburn,Oklahoma State,0.018406681128843996
Auburn,Old Dominion,0.026000586173984267
Auburn,Ole Miss,0.011771220911804043
Auburn,Oregon,0.018755686766679474
Auburn,Oregon State,0.019323168797447266
Auburn,Penn State,0.012856507884706967
Auburn,Pittsburgh,0.023934032453408464
Auburn,Purdue,0.017493261955452883
Auburn,Rice,0.01650174497405985
Auburn,Rutgers,0.009130264965161096
Auburn,SMU,0.02003122660398508
Auburn,Sacramento State,0.02401981154376913
Auburn,Sam Houston,0.015571451094079234
Auburn,San Diego State,0.011440445856709643
Auburn,San José State,0.01670707597274298
Auburn,South Alabama,0.0159528036252385
Auburn,South Carolina,0.018535120672363764
Auburn,South Florida,0.015317041766938249
Auburn,Southern Miss,0.034769304561922905
Auburn,Stanford,0.015876567724801477
Auburn,Syracuse,0.017401845875672364
Auburn,TCU,0.015488758712864596
Auburn,Temple,0.028003332302717253
Auburn,Tennessee,0.014399686791073797
Auburn,Texas,0.0198760784893168
Auburn,Texas A&M,0.024554412230989198
Auburn,Texas State,0.016481412547529103
Auburn,Texas Tech,0.013578864923676354
Auburn,Toledo,0.02813736675647025
Auburn,Troy,0.012791348361964971
Auburn,Tulane,0.013231922735681115
Auburn,Tulsa,0.030449084602676313
Auburn,UAB,0.013900840856801405
Auburn,UCF,0.030078139075372518
Auburn,UCLA,0.015802109366908994
Auburn,UConn,0.023622988629790235
Auburn,UL Monroe,0.009701499550204013
Auburn,UNLV,0.013851217550358529
Auburn,USC,0.02069652663130979
Auburn,UTEP,0.012804947526583664
Auburn,UTSA,0.011096802168592653
Auburn,Utah,0.010073932351697993
Auburn,Utah State,0.023510582793412733
Auburn,Vanderbilt,0.012610676101352709
Auburn,Virginia,0.017469942128585957
Auburn,Virginia Tech,0.023277006250481968
Auburn,Wake Forest,0.010215456853941455
Auburn,Washington,0.023633339315181953
Auburn,Washington State,0.02971602745067113
Auburn,West Virginia,0.016086550144858196
Auburn,Western Kentucky,0.004532251431788611
Auburn,Western Michigan,0.021742640867883113
Auburn,Wisconsin,0.01523116606879682
Auburn,Wyoming,0.008407582689061117
BYU,Air Force,0.020082404699531476
BYU,Akron,0.02441828769070808
BYU,Alabama,0.019176354744257024
BYU,App State,0.013293964904977564
BYU,Arizona,0.02340478382326267
BYU,Arizona State,0.00675658978820924
BYU,Arkansas,0.023054366035380157
BYU,Arkansas State,0.031184816233723652
BYU,Army,0.023072536848576644
BYU,Auburn,0.010139240236154815
BYU,Ball State,0.023160765797930496
BYU,Baylor,0.019357573562415648
BYU,Boise State,0.005997541056414512
BYU,Boston College,0.029525794319897047
BYU,Bowling Green,0.02673077612773067
BYU,Buffalo,0.0140181306071633
BYU,California,0.02690165003790985
BYU,Central Michigan,0.02217881496119248
BYU,Charlotte,0.04131036144372277
BYU,Cincinnati,0.0246656769158306
BYU,Clemson,0.02865270089002152
BYU,Coastal Carolina,0.01251544935411319
BYU,Colorado,0.02127236621340775
BYU,Colorado State,0.03213893605404895
BYU,Delaware,0.005075483439340576
BYU,Duke,0.012450254553044883
BYU,East Carolina,0.024195705068686544
BYU,Eastern Michigan,0.018720894455573525
BYU,Florida,0.027873059024786265
BYU,Florida Atlantic,0.024429635743638135
BYU,Florida International,0.013098682672967292
BYU,Florida State,0.02254002240561037
BYU,Fresno State,0.007909567079186351
BYU,Georgia,0.007726905909717495
BYU,Georgia Southern,0.021411203011534652
BYU,Georgia State,0.021217831419338425
BYU,Georgia Tech,0.020217981885601963
BYU,Hawai'i,0.02253861686340899
BYU,Houston,0.009516370054855502
BYU,Illinois,0.0323262620374488
BYU,Indiana,0.02391689153437789
BYU,Iowa,0.02072286006760388
BYU,Iowa State,0.015307883409081987
BYU,Jacksonville State,0.029132755604141723
BYU,James Madison,0.02194508992711277
BYU,Kansas,0.015603721529329916
BYU,Kansas State,0.03039717829771849
BYU,Kennesaw State,0.026280712482727748
BYU,Kent State,0.015942400353365
BYU,Kentucky,0.021292885679893476
BYU,LSU,0.012723009880460105
BYU,Liberty,0.025511017160390455
BYU,Louisiana,0.021102094692066725
BYU,Louisiana Tech,0.02136403937185591
BYU,Louisville,0.021259502687864903
BYU,Marshall,0.011802013715353596
BYU,Maryland,0.023721202178081803
BYU,Massachusetts,0.018899380020640417
BYU,Memphis,0.033516342773710996
BYU,Miami,0.008461237852596178
BYU,Miami (OH),0.006875333693424627
BYU,Michigan,0.020604991116840658
BYU,Michigan State,0.02793153641785376
BYU,Middle Tennessee,0.02891789079933343
BYU,Minnesota,0.026483650315902465
BYU,Mississippi State,0.005102020262199105
BYU,Missouri,0.02344082673324309
BYU,Missouri State,0.023461675464213995
BYU,NC State,0.022854087990474604
BYU,Navy,0.018795585312145553
BYU,Nebraska,0.019441778770167912
BYU,Nevada,0.0252081747132041
BYU,New Mexico,0.006546471442771471
BYU,New Mexico State,0.014782123150164939
BYU,North Carolina,0.02067061891579207
BYU,North Dakota State,0.007520984819060918
BYU,North Texas,0.021227652884221578
BYU,Northern Illinois,0.02026714469463435
BYU,Northwestern,0.022444864598670056
BYU,Notre Dame,0.02246302984948345
BYU,Ohio,0.0295264153604677
BYU,Ohio State,0.02538672256847381
BYU,Oklahoma,0.02597207487730874
BYU,Oklahoma State,0.018713981876650167
BYU,Old Dominion,0.028317421496984005
BYU,Ole Miss,0.02447960923143682
BYU,Oregon,0.025553142275188213
BYU,Oregon State,0.011723520250475402
BYU,Penn State,0.024636448751499774
BYU,Pittsburgh,0.006008828451932672
BYU,Purdue,0.026595907362427375
BYU,Rice,0.026834259999881344
BYU,Rutgers,0.028316818915374048
BYU,SMU,0.02715336490459136
BYU,Sacramento State,0.0216575597396793
BYU,Sam Houston,0.022940945729133532
BYU,San Diego State,0.016128599217712893
BYU,San José State,0.021110140965709026
BYU,South Alabama,0.028669627555909717
BYU,South Carolina,0.00628868663055385
BYU,South Florida,0.018894324369419332
BYU,Southern Miss,0.03162186410555813
BYU,Stanford,0.009398462318238493
BYU,Syracuse,0.006204397671370669
BYU,TCU,0.006311011173526306
BYU,Temple,0.024411068278997698
BYU,Tennessee,0.027256523594010294
BYU,Texas,0.007040559025403915
BYU,Texas A&M,0.02776716762075815
BYU,Texas State,0.019464220938069363
BYU,Texas Tech,0.009776296792271063
BYU,Toledo,0.010055972761819198
BYU,Troy,0.01869189169017353
BYU,Tulane,0.02548446513798139
BYU,Tulsa,0.022900633392653757
BYU,UAB,0.024989074998978685
BYU,UCF,0.019396347841467914
BYU,UCLA,0.019458648713778885
BYU,UConn,0.005026883510834007
BYU,UL Monroe,0.03374244789228686
BYU,UNLV,0.022815513770623554
BYU,USC,0.024054866696673203
BYU,UTEP,0.00716259075021401
BYU,UTSA,0.025379628162623766
BYU,Utah,0.023872828107083615
BYU,Utah State,0.01772441925252143
BYU,Vanderbilt,0.019688945978187364
BYU,Virginia,0.0064956302552866465
BYU,Virginia Tech,0.00468090113152574
BYU,Wake Forest,0.010122601328946157
BYU,Washington,0.02757312338082955
BYU,Washington State,0.031224052646103055
BYU,West Virginia,0.029701087349317336
BYU,Western Kentucky,0.023128356550744838
BYU,Western Michigan,0.0031465357489268873
BYU,Wisconsin,0.02125547037359732
BYU,Wyoming,0.01906491189756415
Ball State,Air Force,0.01047567124884474
Ball State,Akron,0.0173977379751102
Ball State,Alabama,0.010139594894219922
Ball State,App State,0.00785650940026965
Ball State,Arizona,0.012959929229662052
Ball State,Arizona State,0.005341260291431458
Ball State,Arkansas,0.01143564680762312
Ball State,Arkansas State,0.017325971748550207
Ball State,Army,0.011490954689971244
Ball State,Auburn,0.015576695740862727
Ball State,BYU,0.013485397665046469
Ball State,Baylor,0.007889335122911815
Ball State,Boise State,0.015313781310133666
Ball State,Boston College,0.015666949834723602
Ball State,Bowling Green,0.012871931642557228
Ball State,Buffalo,0.01455307544973606
Ball State,California,0.02146419453320194
Ball State,Central Michigan,0.008319970476019038
Ball State,Charlotte,0.027451516958549322
Ball State,Cincinnati,0.017297359650892404
Ball State,Clemson,0.014793856404848076
Ball State,Coastal Carolina,0.0101230422900986
Ball State,Colorado,0.012316187281637867
Ball State,Colorado State,0.018280091568875508
Ball State,Delaware,0.010512938944048488
Ball State,Duke,0.00883745683039289
Ball State,East Carolina,0.016843871127042272
Ball State,Eastern Michigan,0.009485221264466107
Ball State,Florida,0.01401421453961282
Ball State,Florida Atlantic,0.01730518269092439
Ball State,Florida International,0.00883993174607206
Ball State,Florida State,0.01744694385640371
Ball State,Fresno State,0.017300184896487956
Ball State,Georgia,0.011791163167437842
Ball State,Georgia Southern,0.020317262467590805
Ball State,Georgia State,0.00735898693416498
Ball State,Georgia Tech,0.009956545796046868
Ball State,Hawai'i,0.011330402044187985
Ball State,Houston,0.010884198832549662
Ball State,Illinois,0.018467417552275357
Ball State,Indiana,0.010312918478018959
Ball State,Iowa,0.010711648317334843
Ball State,Iowa State,0.006532012051536752
Ball State,Jacksonville State,0.015273911118968277
Ball State,James Madison,0.012154773077814235
Ball State,Kansas,0.013530405364922997
Ball State,Kansas State,0.016538333812545044
Ball State,Kennesaw State,0.012421867997554303
Ball State,Kent State,0.010504944848657084
Ball State,Kentucky,0.00743404119472003
Ball State,LSU,0.012425373385156552
Ball State,Liberty,0.01165217267521701
Ball State,Louisiana,0.01565641330591011
Ball State,Louisiana Tech,0.013892047710731745
Ball State,Louisville,0.009501289101918815
Ball State,Marshall,0.014589678696558073
Ball State,Maryland,0.010565473698346421
Ball State,Massachusetts,0.013680463801181226
Ball State,Memphis,0.02807888726900308
Ball State,Miami,0.008036642163881634
Ball State,Miami (OH),0.0097379089561181
Ball State,Michigan,0.008686806755239328
Ball State,Michigan State,0.014072691932680315
Ball State,Middle Tennessee,0.015059046314159986
Ball State,Minnesota,0.01262480583072902
Ball State,Mississippi State,0.007918700028604349
Ball State,Missouri,0.009581982248069644
Ball State,Missouri State,0.009622342095254376
Ball State,NC State,0.008995243505301159
Ball State,Navy,0.022603352519765415
Ball State,Nebraska,0.012014254788349148
Ball State,Nevada,0.011349330228030655
Ball State,New Mexico,0.0038900571730376534
Ball State,New Mexico State,0.009730260908369925
Ball State,North Carolina,0.007283380932111908
Ball State,North Dakota State,0.00811155310546112
Ball State,North Texas,0.02666510838892949
Ball State,Northern Illinois,0.01334103287670601
Ball State,Northwestern,0.0097269297962835
Ball State,Notre Dame,0.008604185364310004
Ball State,Ohio,0.01716685066958344
Ball State,Ohio State,0.011527878083300365
Ball State,Oklahoma,0.012113230392135296
Ball State,Oklahoma State,0.005166774109890529
Ball State,Old Dominion,0.01445857701181056
Ball State,Ole Miss,0.01215610255379071
Ball State,Oregon,0.020115686770480302
Ball State,Oregon State,0.015901576576292018
Ball State,Penn State,0.010777604266326329
Ball State,Pittsburgh,0.011465211394331334
Ball State,Purdue,0.012737062877253931
Ball State,Rice,0.012975415514707898
Ball State,Rutgers,0.014457974430200604
Ball State,SMU,0.013294520419417913
Ball State,Sacramento State,0.010861161929520816
Ball State,Sam Houston,0.014170915256229143
Ball State,San Diego State,0.010691143713004982
Ball State,San José State,0.007251296480535579
Ball State,South Alabama,0.014810783070736272
Ball State,South Carolina,0.014185099446712143
Ball State,South Florida,0.008475246145829765
Ball State,Southern Miss,0.02161065494767459
Ball State,Stanford,0.011905442301984172
Ball State,Syracuse,0.004232130944438456
Ball State,TCU,0.012804328441205546
Ball State,Temple,0.014844682688468936
Ball State,Tennessee,0.013397679108836847
Ball State,Texas,0.01747708764121304
Ball State,Texas A&M,0.013908323135584705
Ball State,Texas State,0.01247824005359166
Ball State,Texas Tech,0.01677979376519856
Ball State,Toledo,0.014978717142221935
Ball State,Troy,0.00884262845814585
Ball State,Tulane,0.011625620652807946
Ball State,Tulsa,0.017290434988427996
Ball State,UAB,0.01113023051380524
Ball State,UCF,0.016919489461124204
Ball State,UCLA,0.00759134332573589
Ball State,UConn,0.010464339015541922
Ball State,UL Monroe,0.019883603407113412
Ball State,UNLV,0.009745985971640479
Ball State,USC,0.01359761110295584
Ball State,UTEP,0.0138103039774739
Ball State,UTSA,0.011520783677450323
Ball State,Utah,0.011560044468412828
Ball State,Utah State,0.010524789129302815
Ball State,Vanderbilt,0.011800473025569483
Ball State,Virginia,0.0075937182844934194
Ball State,Virginia Tech,0.010118356636233655
Ball State,Wake Forest,0.011767294852415495
Ball State,Washington,0.013714278895656105
Ball State,Washington State,0.01736520816092961
Ball State,West Virginia,0.01584224286414389
Ball State,Western Kentucky,0.017690901046036926
Ball State,Western Michigan,0.008912066947086336
Ball State,Wisconsin,0.007396625888423873
Ball State,Wyoming,0.013226394131049705
Baylor,Air Force,0.025524533248164352
Baylor,Akron,0.030448606780157254
Baylor,Alabama,0.023190463699266976
Baylor,App State,0.021051970953508522
Baylor,Arizona,0.02800879122898166
Baylor,Arizona State,0.02039012229075107
Baylor,Arkansas,0.026484508806942732
Baylor,Arkansas State,0.02917768548810586
Baylor,Army,0.026539816689290858
Baylor,Auburn,0.028627564545909784
Baylor,BYU,0.02853425966436608
Baylor,Ball State,0.021683643778528737
Baylor,Boise State,0.030362643309453277
Baylor,Boston College,0.024787623034758677
Baylor,Bowling Green,0.024066972080557865
Baylor,Buffalo,0.027603944254783117
Baylor,California,0.018154546124227747
Baylor,Central Michigan,0.02247133926983218
Baylor,Charlotte,0.028574485482126044
Baylor,Cincinnati,0.023430547950473286
Baylor,Clemson,0.025759229068690576
Baylor,Coastal Carolina,0.02517190428941821
Baylor,Colorado,0.02736504928095748
Baylor,Colorado State,0.02216697509256953
Baylor,Delaware,0.02356380774909554
Baylor,Duke,0.021888325635439944
Baylor,East Carolina,0.031892733126361886
Baylor,Eastern Michigan,0.02453408326378572
Baylor,Florida,0.023972485569664293
Baylor,Florida Atlantic,0.02133857263285514
Baylor,Florida International,0.02373444347887406
Baylor,Florida State,0.03249580585572332
Baylor,Fresno State,0.032349046895807566
Baylor,Georgia,0.026840025166757455
Baylor,Georgia Southern,0.03336813127263786
Baylor,Georgia State,0.021785474370980072
Baylor,Georgia Tech,0.02500540779536648
Baylor,Hawai'i,0.026379264043507596
Baylor,Houston,0.025933060831869276
Baylor,Illinois,0.024513202056345235
Baylor,Indiana,0.025361780477338572
Baylor,Iowa,0.025760510316654456
Baylor,Iowa State,0.021580874050856364
Baylor,Jacksonville State,0.0250168780300144
Baylor,James Madison,0.027203635077133845
Baylor,Kansas,0.02857926736424261
Baylor,Kansas State,0.022157373447532977
Baylor,Kennesaw State,0.026493689882601517
Baylor,Kent State,0.016547870274653747
Baylor,Kentucky,0.021592744745147788
Baylor,LSU,0.025476242190203606
Baylor,Liberty,0.02574596289340031
Baylor,Louisiana,0.03070527530522972
Baylor,Louisiana Tech,0.0269429165157788
Baylor,Louisville,0.024550151101238427
Baylor,Marshall,0.029638540695877683
Baylor,Maryland,0.025614335697666035
Baylor,Massachusetts,0.02673133260622828
Baylor,Memphis,0.01768022356733304
Baylor,Miami,0.023085504163201244
Baylor,Miami (OH),0.02478677095543771
Baylor,Michigan,0.02283235461322083
Baylor,Michigan State,0.027903808851783403
Baylor,Middle Tennessee,0.021407020315462426
Baylor,Minnesota,0.0258422227481158
Baylor,Mississippi State,0.022967562027923962
Baylor,Missouri,0.022807368684308507
Baylor,Missouri State,0.02267321090030143
Baylor,NC State,0.021223751767512358
Baylor,Navy,0.03765221451908503
Baylor,Nebraska,0.020971888509905782
Baylor,Nevada,0.019948803804871768
Baylor,New Mexico,0.018938919172357266
Baylor,New Mexico State,0.02477912290768954
Baylor,North Carolina,0.020537986099971588
Baylor,North Dakota State,0.019168980394262236
Baylor,North Texas,0.03971597719397654
Baylor,Northern Illinois,0.023926533325948973
Baylor,Northwestern,0.02477579179560311
Baylor,Notre Dame,0.02145360707110419
Baylor,Ohio,0.03221571266890305
Baylor,Ohio State,0.024048404444197292
Baylor,Oklahoma,0.025313411059805162
Baylor,Oklahoma State,0.018276157690586436
Baylor,Old Dominion,0.027819900655042744
Baylor,Ole Miss,0.02491161790762639
Baylor,Oregon,0.017927152052750958
Baylor,Oregon State,0.030950438575611628
Baylor,Penn State,0.023826330934723465
Baylor,Pittsburgh,0.026514073393650944
Baylor,Purdue,0.02601911438064774
Baylor,Rice,0.024203666934353635
Baylor,Rutgers,0.027552573854269336
Baylor,SMU,0.027512317858793545
Baylor,Sacramento State,0.023912030734567873
Baylor,Sam Houston,0.021907442273984227
Baylor,San Diego State,0.02524239296272079
Baylor,San José State,0.01997576284668745
Baylor,South Alabama,0.025766286490567857
Baylor,South Carolina,0.029233961446031756
Baylor,South Florida,0.023524108145149377
Baylor,Southern Miss,0.03466152375272165
Baylor,Stanford,0.026954304301303782
Baylor,Syracuse,0.01928099294375807
Baylor,TCU,0.027853190440525158
Baylor,Temple,0.02789555149351599
Baylor,Tennessee,0.022283152028356634
Baylor,Texas,0.03252594964053265
Baylor,Texas A&M,0.027462698798147805
Baylor,Texas State,0.02752710205291127
Baylor,Texas Tech,0.03182865576451817
Baylor,Toledo,0.028029585947268988
Baylor,Troy,0.02389149045746546
Baylor,Tulane,0.025518344360311473
Baylor,Tulsa,0.03034130379347505
Baylor,UAB,0.023063212491872473
Baylor,UCF,0.02997035826617126
Baylor,UCLA,0.022640205325055503
Baylor,UConn,0.02482620302312763
Baylor,UL Monroe,0.02698133926922642
Baylor,UNLV,0.022831621269071904
Baylor,USC,0.02864647310227545
Baylor,UTEP,0.02885916597679351
Baylor,UTSA,0.02558603665083778
Baylor,Utah,0.02660890646773244
Baylor,Utah State,0.025573651128622428
Baylor,Vanderbilt,0.024072162718077723
Baylor,Virginia,0.02264258028381303
Baylor,Virginia Tech,0.02439088195004249
Baylor,Wake Forest,0.026816156851735107
Baylor,Washington,0.02352555850598069
Baylor,Washington State,0.029608246641469868
Baylor,West Virginia,0.03035212449716472
Baylor,Western Kentucky,0.004640032240989871
Baylor,Western Michigan,0.02396092894640595
Baylor,Wisconsin,0.021451672750633612
Baylor,Wyoming,0.028275256130369315
Boise State,Air Force,0.020081847789302325
Boise State,Akron,0.010368766451940618
Boise State,Alabama,0.006997907888451097
Boise State,App State,0.02499401218294067
Boise State,Arizona,0.025801158126583915
Boise State,Arizona State,0.014767136493087942
Boise State,Arkansas,0.027072824304285124
Boise State,Arkansas State,0.024412640226494912
Boise State,Army,0.024297196910652408
Boise State,Auburn,0.008761715921437133
Boise State,BYU,0.01602507406512417
Boise State,Ball State,0.010770893372103667
Boise State,Baylor,0.0117056892873246
Boise State,Boston College,0.015476273081129584
Boise State,Bowling Green,0.01497751990859379
Boise State,Buffalo,0.0025844273329349576
Boise State,California,0.03860169731587296
Boise State,Central Michigan,0.019417167783245207
Boise State,Charlotte,0.027260840204955304
Boise State,Cincinnati,0.034434862433563425
Boise State,Clemson,0.01703921399027384
Boise State,Coastal Carolina,0.016055292382992314
Boise State,Colorado,0.008040467259093976
Boise State,Colorado State,0.025520269998265746
Boise State,Delaware,0.006624563838622529
Boise State,Duke,0.008300045952278129
Boise State,East Carolina,0.012568151104498382
Boise State,Eastern Michigan,0.018368766279110934
Boise State,Florida,0.019912567361487526
Boise State,Florida Atlantic,0.03444268547359541
Boise State,Florida International,0.008297571036598957
Boise State,Florida State,0.019035185044047068
Boise State,Fresno State,0.013024464873944066
Boise State,Georgia,0.015155280660172582
Boise State,Georgia Southern,0.0073616817727671915
Boise State,Georgia State,0.022754286068267925
Boise State,Georgia Tech,0.020790092726237577
Boise State,Hawai'i,0.023269146178401492
Boise State,Houston,0.015939445832241744
Boise State,Illinois,0.025321963675377764
Boise State,Indiana,0.023434339084334906
Boise State,Iowa,0.009543298723747864
Boise State,Iowa State,0.014814230828407045
Boise State,Jacksonville State,0.021598384563396817
Boise State,James Madison,0.011072167747761947
Boise State,Kansas,0.009254685342379108
Boise State,Kansas State,0.01634765705895103
Boise State,Kennesaw State,0.015043530071915145
Boise State,Kent State,0.0276424476313281
Boise State,Kentucky,0.02361064090863265
Boise State,LSU,0.00656220128719487
Boise State,Liberty,0.016163692234135472
Boise State,Louisiana,0.01138069328336622
Boise State,Louisiana Tech,0.007314518133088447
Boise State,Louisville,0.014186496608737609
Boise State,Marshall,0.015933229384763683
Boise State,Maryland,0.010731673954616737
Boise State,Massachusetts,0.006173518514986255
Boise State,Memphis,0.0452163900516741
Boise State,Miami,0.015740146728368182
Boise State,Miami (OH),0.010547324855784017
Boise State,Michigan,0.02195551974841092
Boise State,Michigan State,0.02209453494675988
Boise State,Middle Tennessee,0.014868369560565971
Boise State,Minnesota,0.026706561185872647
Boise State,Mississippi State,0.011930633402629377
Boise State,Missouri,0.012140616950436871
Boise State,Missouri State,0.009412154225446534
Boise State,NC State,0.009916676672936693
Boise State,Navy,0.018327632497221524
Boise State,Nebraska,0.02915175757102017
Boise State,Nevada,0.01115865347443664
Boise State,New Mexico,0.018157405741777054
Boise State,New Mexico State,0.018250819016706034
Boise State,North Carolina,0.00985412185055911
Boise State,North Dakota State,0.017525304106588473
Boise State,North Texas,0.010828820367462279
Boise State,Northern Illinois,0.02317537889918129
Boise State,Northwestern,0.021224512013859484
Boise State,Notre Dame,0.010389923193482666
Boise State,Ohio,0.017254403196189937
Boise State,Ohio State,0.018188205701497238
Boise State,Oklahoma,0.011922553638541278
Boise State,Oklahoma State,0.014290524554770308
Boise State,Old Dominion,0.014267900258216545
Boise State,Ole Miss,0.029293605336461727
Boise State,Oregon,0.03725318955315132
Boise State,Oregon State,0.011625856553748128
Boise State,Penn State,0.01902883367938641
Boise State,Pittsburgh,0.007189491371787445
Boise State,Purdue,0.012802890441466448
Boise State,Rice,0.013794407422859485
Boise State,Rutgers,0.028896723348764822
Boise State,SMU,0.013103843665823896
Boise State,Sacramento State,0.00760803850091184
Boise State,Sam Houston,0.021916451531208588
Boise State,San Diego State,0.027828646495676
Boise State,San José State,0.017712281936303337
Boise State,South Alabama,0.014620106317142254
Boise State,South Carolina,0.011761031724555567
Boise State,South Florida,0.014979110629981083
Boise State,Southern Miss,0.017572342866790665
Boise State,Stanford,0.014419584672117857
Boise State,Syracuse,0.01723010717800486
Boise State,TCU,0.014807393684054735
Boise State,Temple,0.010361547040230236
Boise State,Tennessee,0.02419868484477393
Boise State,Texas,0.01320136761866915
Boise State,Texas A&M,0.013717646381990689
Boise State,Texas State,0.013814739849390228
Boise State,Texas Tech,0.01671728747324298
Boise State,Toledo,0.003616871647223451
Boise State,Troy,0.019304577677524914
Boise State,Tulane,0.017064229661238217
Boise State,Tulsa,0.00937319016459805
Boise State,UAB,0.016395311540117925
Boise State,UCF,0.009171643777564313
Boise State,UCLA,0.014494043030010338
Boise State,UConn,0.006673163767129097
Boise State,UL Monroe,0.034866625555318054
Boise State,UNLV,0.026883488754311496
Boise State,USC,0.010005345457905743
Boise State,UTEP,0.017491204870335668
Boise State,UTSA,0.021599877741810537
Boise State,Utah,0.021466624338522318
Boise State,Utah State,0.007934887263518299
Boise State,Vanderbilt,0.0289379758082405
Boise State,Virginia,0.012826210268333374
Boise State,Virginia Tech,0.007019146146437364
Boise State,Wake Forest,0.020080695542977877
Boise State,Washington,0.013523602142062087
Boise State,Washington State,0.017174531407335596
Boise State,West Virginia,0.015651566110549877
Boise State,Western Kentucky,0.03482840382870794
Boise State,Western Michigan,0.008553511529036217
Boise State,Wisconsin,0.02422948359292068
Boise State,Wyoming,0.02211272147080361
Boston College,Air Force,0.012730056448976755
Boston College,Akron,0.010249571251844976
Boston College,Alabama,0.010185439474815022
Boston College,App State,0.015004676123534875
Boston College,Arizona,0.01581182206717812
Boston College,Arizona State,0.006201476835365049
Boston College,Arkansas,0.017083488244879333
Boston College,Arkansas State,0.01442330416708912
Boston College,Army,0.014307860851246613
Boston College,Auburn,0.011521745654400777
Boston College,BYU,0.012795091439639507
Boston College,Ball State,0.006870150869661057
Boston College,Baylor,0.012198053250127613
Boston College,Boise State,0.0067277117458015906
Boston College,Bowling Green,0.004988183849187998
Boston College,Buffalo,0.012551312253186626
Boston College,California,0.028612361256467163
Boston College,Central Michigan,0.009427831723839417
Boston College,Charlotte,0.014740918583372842
Boston College,Cincinnati,0.02444552637415763
Boston College,Clemson,0.01460090378764587
Boston College,Coastal Carolina,0.014053993506236737
Boston College,Colorado,0.007808948098615138
Boston College,Colorado State,0.015530933938859955
Boston College,Delaware,0.00875777681499363
Boston College,Duke,0.00606080157314796
Boston College,East Carolina,0.008506176291524713
Boston College,Eastern Michigan,0.00868188131934238
Boston College,Florida,0.009923231302081734
Boston College,Florida Atlantic,0.024453349414189612
Boston College,Florida International,0.013470760187382635
Boston College,Florida State,0.009045848984641275
Boston College,Fresno State,0.00619885586062904
Boston College,Georgia,0.005165944600766789
Boston College,Georgia Southern,0.01316909574432558
Boston College,Georgia State,0.012764950008862134
Boston College,Georgia Tech,0.010800756666831782
Boston College,Hawai'i,0.013279810118995702
Boston College,Houston,0.0059501097728359535
Boston College,Illinois,0.015332627615971973
Boston College,Indiana,0.013445003024929115
Boston College,Iowa,0.006724632400731833
Boston College,Iowa State,0.01126155945126794
Boston College,Jacksonville State,0.011609048503991025
Boston College,James Madison,0.008334121397664984
Boston College,Kansas,0.010965721331020011
Boston College,Kansas State,0.01122824686939266
Boston College,Kennesaw State,0.008726306295954715
Boston College,Kent State,0.01765311157192231
Boston College,Kentucky,0.013621304849226856
Boston College,LSU,0.013829218391447486
Boston College,Liberty,0.0076181976380890375
Boston College,Louisiana,0.01152191878939331
Boston College,Louisiana Tech,0.00997483724123168
Boston College,Louisville,0.005309940172485022
Boston College,Marshall,0.005943893325357889
Boston College,Maryland,0.007743052060522581
Boston College,Massachusetts,0.010522597604927606
Boston College,Memphis,0.035227053992268303
Boston College,Miami,0.0057508106689623875
Boston College,Miami (OH),0.005849919108791476
Boston College,Michigan,0.01378868077564571
Boston College,Michigan State,0.012105198887354087
Boston College,Middle Tennessee,0.005184578810653692
Boston College,Minnesota,0.016717225126466857
Boston College,Mississippi State,0.007623232540016998
Boston College,Missouri,0.010590539601601284
Boston College,Missouri State,0.009308824543380083
Boston College,NC State,0.0053678473586037615
Boston College,Navy,0.011060615392968907
Boston College,Nebraska,0.019162421511614375
Boston College,Nevada,0.008983278802095138
Boston College,New Mexico,0.008809592404957168
Boston College,New Mexico State,0.011787319710184988
Boston College,North Carolina,0.008750993323732463
Boston College,North Dakota State,0.0208221514806376
Boston College,North Texas,0.019516941665664263
Boston College,Northern Illinois,0.018442906897112393
Boston College,Northwestern,0.01123517595445369
Boston College,Notre Dame,0.005137992055011928
Boston College,Ohio,0.0072650671367841466
Boston College,Ohio State,0.008881861829078871
Boston College,Oklahoma,0.009237010654175929
Boston College,Oklahoma State,0.008315441435529682
Boston College,Old Dominion,0.007851866429131016
Boston College,Ole Miss,0.019304269277055936
Boston College,Oregon,0.027263853493745528
Boston College,Oregon State,0.015393594116113848
Boston College,Penn State,0.00903949761998062
Boston College,Pittsburgh,0.006716424350283431
Boston College,Purdue,0.007898169475443974
Boston College,Rice,0.005483902273133842
Boston College,Rutgers,0.018907387289359028
Boston College,SMU,0.012403986649358902
Boston College,Sacramento State,0.005028515328430523
Boston College,Sam Houston,0.019272789276635525
Boston College,San Diego State,0.017839310436270205
Boston College,San José State,0.007722945876897543
Boston College,South Alabama,0.004354012712275038
Boston College,South Carolina,0.0064365661716622525
Boston College,South Florida,0.007675118490930593
Boston College,Southern Miss,0.014462488224409367
Boston College,Stanford,0.004430248612712065
Boston College,Syracuse,0.007310606182358051
Boston College,TCU,0.006414241628689797
Boston College,Temple,0.007696515965203711
Boston College,Tennessee,0.014209348785368139
Boston College,Texas,0.008052829189940842
Boston College,Texas A&M,0.01732679143851149
Boston College,Texas State,0.007105221922280562
Boston College,Texas Tech,0.006727951413837186
Boston College,Toledo,0.00783055041895671
Boston College,Troy,0.009315241618119122
Boston College,Tulane,0.0070748936018324255
Boston College,Tulsa,0.015659341852218407
Boston College,UAB,0.0064059754807121345
Boston College,UCF,0.00977132273785898
Boston College,UCLA,0.010037430462218798
Boston College,UConn,0.00886641808444072
Boston College,UL Monroe,0.02487728949591226
Boston College,UNLV,0.016894152694905705
Boston College,USC,0.00614669977248174
Boston College,UTEP,0.007501868810929875
Boston College,UTSA,0.012600992618268947
Boston College,Utah,0.011701017400809515
Boston College,Utah State,0.014221038951138656
Boston College,Vanderbilt,0.018948639748834706
Boston College,Virginia,0.006229622546929456
Boston College,Virginia Tech,0.002970189912968428
Boston College,Wake Forest,0.010091359483572085
Boston College,Washington,0.005140945541160565
Boston College,Washington State,0.012784554992242222
Boston College,West Virginia,0.004220266192655343
Boston College,Western Kentucky,0.02483906776930215
Boston College,Western Michigan,0.010211292350471714
Boston College,Wisconsin,0.014240147533514887
Boston College,Wyoming,0.012123385411397819
Bowling Green,Air Force,0.024265720556228797
Bowling Green,Akron,0.036927147245620726
Bowling Green,Alabama,0.02966900416473045
Bowling Green,App State,0.011672899870240876
Bowling Green,Arizona,0.020943341432497604
Bowling Green,Arizona State,0.021899775560093603
Bowling Green,Arkansas,0.021293759220380116
Bowling Green,Arkansas State,0.01316330902203662
Bowling Green,Army,0.02127558840718363
Bowling Green,Auburn,0.035106105011373255
Bowling Green,BYU,0.020641837988057375
Bowling Green,Ball State,0.025896018681077878
Bowling Green,Baylor,0.024990551693344625
Bowling Green,Boise State,0.024184118002954256
Bowling Green,Boston College,0.025994366795582726
Bowling Green,Buffalo,0.03408248472024659
Bowling Green,California,0.02009043484215133
Bowling Green,Central Michigan,0.02216931029456779
Bowling Green,Charlotte,0.02802472768778015
Bowling Green,Cincinnati,0.019682448339929673
Bowling Green,Clemson,0.019627698062907706
Bowling Green,Coastal Carolina,0.03183267590164708
Bowling Green,Colorado,0.0299435290924499
Bowling Green,Colorado State,0.012209189201711318
Bowling Green,Delaware,0.030042348214559016
Bowling Green,Duke,0.028366866100903415
Bowling Green,East Carolina,0.024794905661663903
Bowling Green,Eastern Michigan,0.025627230800186748
Bowling Green,Florida,0.01675434469169402
Bowling Green,Florida Atlantic,0.019918489512122137
Bowling Green,Florida International,0.031249442582792983
Bowling Green,Florida State,0.0218081028501499
Bowling Green,Fresno State,0.032876431854404795
Bowling Green,Georgia,0.021511631393008965
Bowling Green,Georgia Southern,0.03984667173810133
Bowling Green,Georgia State,0.023130293836421848
Bowling Green,Georgia Tech,0.02413014337015831
Bowling Green,Hawai'i,0.02180950839235128
Bowling Green,Houston,0.0207274662209398
Bowling Green,Illinois,0.015103797144512768
Bowling Green,Indiana,0.020431233721382384
Bowling Green,Iowa,0.02712361332943368
Bowling Green,Iowa State,0.029040241846678284
Bowling Green,Jacksonville State,0.01521536965161855
Bowling Green,James Madison,0.0255947443054196
Bowling Green,Kansas,0.029246954337665363
Bowling Green,Kansas State,0.024781042353248562
Bowling Green,Kennesaw State,0.021623381981266402
Bowling Green,Kent State,0.010183490843554797
Bowling Green,Kentucky,0.023055239575866797
Bowling Green,LSU,0.03195478265566708
Bowling Green,Liberty,0.020503219819046074
Bowling Green,Louisiana,0.027588036578813698
Bowling Green,Louisiana Tech,0.03342145698124227
Bowling Green,Louisville,0.02308862256789537
Bowling Green,Marshall,0.020733682668417863
Bowling Green,Maryland,0.02593523809856481
Bowling Green,Massachusetts,0.03320987307169175
Bowling Green,Memphis,0.017571769250919928
Bowling Green,Miami,0.020926765324813364
Bowling Green,Miami (OH),0.02611958719739753
Bowling Green,Michigan,0.023743134138919614
Bowling Green,Michigan State,0.01641658883790651
Bowling Green,Middle Tennessee,0.026033134477241635
Bowling Green,Minnesota,0.017864474939857808
Bowling Green,Mississippi State,0.024736278650552168
Bowling Green,Missouri,0.024526295102744674
Bowling Green,Missouri State,0.0291517513657649
Bowling Green,NC State,0.026750235380244854
Bowling Green,Navy,0.02555253994361472
Bowling Green,Nebraska,0.02490634648559236
Bowling Green,Nevada,0.02642734427033524
Bowling Green,New Mexico,0.01850950631140449
Bowling Green,New Mexico State,0.029566002105595332
Bowling Green,North Carolina,0.026812790202622436
Bowling Green,North Dakota State,0.038600833876047944
Bowling Green,North Texas,0.04619451765944002
Bowling Green,Northern Illinois,0.024080980561125922
Bowling Green,Northwestern,0.021903260657090216
Bowling Green,Notre Dame,0.02627698885969888
Bowling Green,Ohio,0.019412508856991608
Bowling Green,Ohio State,0.018961402687286463
Bowling Green,Oklahoma,0.02652017358986334
Bowling Green,Oklahoma State,0.025634143379110106
Bowling Green,Old Dominion,0.03237134583024648
Bowling Green,Ole Miss,0.019868516024323452
Bowling Green,Oregon,0.019852638898923927
Bowling Green,Oregon State,0.03262460500528487
Bowling Green,Penn State,0.0197116765042605
Bowling Green,Pittsburgh,0.03030479210967068
Bowling Green,Purdue,0.023864021611715098
Bowling Green,Rice,0.02287250463032206
Bowling Green,Rutgers,0.01603130634038622
Bowling Green,SMU,0.02640198626024729
Bowling Green,Sacramento State,0.030390571200031344
Bowling Green,Sam Houston,0.02140717952662674
Bowling Green,San Diego State,0.008838265557505547
Bowling Green,San José State,0.02323798429005125
Bowling Green,South Alabama,0.022323563281500716
Bowling Green,South Carolina,0.02490588032862598
Bowling Green,South Florida,0.02545380088634094
Bowling Green,Southern Miss,0.04114006421818512
Bowling Green,Stanford,0.02224732738106369
Bowling Green,Syracuse,0.019436804875176687
Bowling Green,TCU,0.02185951836912681
Bowling Green,Temple,0.03437409195897946
Bowling Green,Tennessee,0.01709160166174998
Bowling Green,Texas,0.026246838145579016
Bowling Green,Texas A&M,0.030925171887251413
Bowling Green,Texas State,0.024883904317690907
Bowling Green,Texas Tech,0.019949624579938565
Bowling Green,Toledo,0.03450812641273246
Bowling Green,Troy,0.02565623356558674
Bowling Green,Tulane,0.019602682391943328
Bowling Green,Tulsa,0.03681984425893853
Bowling Green,UAB,0.02027160051306362
Bowling Green,UCF,0.03644889873163473
Bowling Green,UCLA,0.024889476541981388
Bowling Green,UConn,0.029993748286052446
Bowling Green,UL Monroe,0.010605677363473414
Bowling Green,UNLV,0.02153261148513672
Bowling Green,USC,0.027067286287572004
Bowling Green,UTEP,0.019175707182845877
Bowling Green,UTSA,0.018968497093136506
Bowling Green,Utah,0.020475297148676658
Bowling Green,Utah State,0.02988134244967495
Bowling Green,Vanderbilt,0.02465917927757291
Bowling Green,Virginia,0.02384070178484817
Bowling Green,Virginia Tech,0.02964776590674418
Bowling Green,Wake Forest,0.01658621651020367
Bowling Green,Washington,0.030004098971444165
Bowling Green,Washington State,0.036086787106933346
Bowling Green,West Virginia,0.022457309801120408
Bowling Green,Western Kentucky,0.013734323101841231
Bowling Green,Western Michigan,0.028113400524145328
Bowling Green,Wisconsin,0.023092654882162954
Bowling Green,Wyoming,0.025283213358196124
Buffalo,Air Force,0.015502996477962192
Buffalo,Akron,0.028062203398326657
Buffalo,Alabama,0.020804060317436375
Buffalo,App State,0.01236047392323096
Buffalo,Arizona,0.01305754276979745
Buffalo,Arizona State,0.013034831712799531
Buffalo,Arkansas,0.012531035142113511
Buffalo,Arkansas State,0.004400584943770017
Buffalo,Army,0.012512864328917024
Buffalo,Auburn,0.026241161164079183
Buffalo,BYU,0.013571868183360397
Buffalo,Ball State,0.017031074833783806
Buffalo,Baylor,0.01622782761507802
Buffalo,Boise State,0.015319174155660184
Buffalo,Boston College,0.017129422948288654
Buffalo,Bowling Green,0.012824448297293683
Buffalo,California,0.015257898752511736
Buffalo,Central Michigan,0.013406586216301185
Buffalo,Charlotte,0.019159783840486076
Buffalo,Cincinnati,0.010919724261663067
Buffalo,Clemson,0.01537768053136676
Buffalo,Coastal Carolina,0.02306995182338048
Buffalo,Colorado,0.021078585245155827
Buffalo,Colorado State,0.011245469784169952
Buffalo,Delaware,0.021177404367264945
Buffalo,Duke,0.019501922253609347
Buffalo,East Carolina,0.01592996181436983
Buffalo,Eastern Michigan,0.016864506721920143
Buffalo,Florida,0.00943995930707519
Buffalo,Florida Atlantic,0.012073872243884343
Buffalo,Florida International,0.022486718504526375
Buffalo,Florida State,0.013045378771883297
Buffalo,Fresno State,0.02401148800711072
Buffalo,Georgia,0.012646687545714892
Buffalo,Georgia Southern,0.030981727890807262
Buffalo,Georgia State,0.014367569758155244
Buffalo,Georgia Tech,0.015367419291891705
Buffalo,Hawai'i,0.013046784314084679
Buffalo,Houston,0.011862522373645728
Buffalo,Illinois,0.008899242820394249
Buffalo,Indiana,0.011668509643115782
Buffalo,Iowa,0.01825866948213961
Buffalo,Iowa State,0.020277517768411683
Buffalo,Jacksonville State,0.010967533410953636
Buffalo,James Madison,0.016729800458125527
Buffalo,Kansas,0.02038201049037129
Buffalo,Kansas State,0.01591609850595449
Buffalo,Kennesaw State,0.012758438133972328
Buffalo,Kent State,0.016864574602085736
Buffalo,Kentucky,0.014292515497600192
Buffalo,LSU,0.02308983880837301
Buffalo,Liberty,0.011638275971752002
Buffalo,Louisiana,0.018723092731519626
Buffalo,Louisiana Tech,0.024556513133948202
Buffalo,Louisville,0.014325898489628763
Buffalo,Marshall,0.011868738821123792
Buffalo,Maryland,0.017070294251270737
Buffalo,Massachusetts,0.024344929224397682
Buffalo,Memphis,0.017414421845786624
Buffalo,Miami,0.012061821477519294
Buffalo,Miami (OH),0.017254643350103457
Buffalo,Michigan,0.01498041006065301
Buffalo,Michigan State,0.00959403648850193
Buffalo,Middle Tennessee,0.017168190629947563
Buffalo,Minnesota,0.009101750861591203
Buffalo,Mississippi State,0.015871334803258096
Buffalo,Missouri,0.015661351255450602
Buffalo,Missouri State,0.020286807518470833
Buffalo,NC State,0.01788529153295078
Buffalo,Navy,0.016789815865348116
Buffalo,Nebraska,0.016143622407325756
Buffalo,Nevada,0.01756240042304117
Buffalo,New Mexico,0.014473525704382217
Buffalo,New Mexico State,0.02080327802732873
Buffalo,North Carolina,0.017947846355328364
Buffalo,North Dakota State,0.029838109797781343
Buffalo,North Texas,0.037329573812145946
Buffalo,Northern Illinois,0.019219683640833284
Buffalo,Northwestern,0.013140536578823612
Buffalo,Notre Dame,0.017412045012404807
Buffalo,Ohio,0.010547565009697535
Buffalo,Ohio State,0.010198678609019858
Buffalo,Oklahoma,0.017655229742569268
Buffalo,Oklahoma State,0.0168714193008435
Buffalo,Old Dominion,0.02350640198295241
Buffalo,Ole Miss,0.01110579194605685
Buffalo,Oregon,0.015485292823988524
Buffalo,Oregon State,0.023861880927018266
Buffalo,Penn State,0.010948952425993894
Buffalo,Pittsburgh,0.021439848262376607
Buffalo,Purdue,0.014999077764421026
Buffalo,Rice,0.014007560783027988
Buffalo,Rutgers,0.0072685822621196185
Buffalo,SMU,0.017537042412953223
Buffalo,Sacramento State,0.021525627352737272
Buffalo,Sam Houston,0.020049566020356416
Buffalo,San Diego State,0.01164433014386563
Buffalo,San José State,0.014475260211784644
Buffalo,South Alabama,0.013458619434206643
Buffalo,South Carolina,0.016040936481331907
Buffalo,South Florida,0.016691076808074336
Buffalo,Southern Miss,0.032275120370891044
Buffalo,Stanford,0.013382383533769616
Buffalo,Syracuse,0.014131451932981414
Buffalo,TCU,0.012994574521832739
Buffalo,Temple,0.025509148111685392
Buffalo,Tennessee,0.013878560915063263
Buffalo,Texas,0.01738189429828494
Buffalo,Texas A&M,0.022060228039957337
Buffalo,Texas State,0.016121180239424306
Buffalo,Texas Tech,0.011084680732644495
Buffalo,Toledo,0.02564318256543839
Buffalo,Troy,0.016893509487320137
Buffalo,Tulane,0.010737738544649256
Buffalo,Tulsa,0.027954900411644452
Buffalo,UAB,0.011406656665769547
Buffalo,UCF,0.02758395488434066
Buffalo,UCLA,0.016126752463714783
Buffalo,UConn,0.021128804438758378
Buffalo,UL Monroe,0.007064657349430577
Buffalo,UNLV,0.012769887406870113
Buffalo,USC,0.018202342440277932
Buffalo,UTEP,0.010310763335551806
Buffalo,UTSA,0.013377769361989837
Buffalo,Utah,0.012477794144530405
Buffalo,Utah State,0.021016398602380873
Buffalo,Vanderbilt,0.015896455199306304
Buffalo,Virginia,0.0149757579375541
Buffalo,Virginia Tech,0.02078282205945011
Buffalo,Wake Forest,0.0077212726629095965
Buffalo,Washington,0.021139155124150093
Buffalo,Washington State,0.02722184325963927
Buffalo,West Virginia,0.013592365953826338
Buffalo,Western Kentucky,0.00702643562282047
Buffalo,Western Michigan,0.019248456676851256
Buffalo,Wisconsin,0.01432993080389635
Buffalo,Wyoming,0.01652048927992952
California,Air Force,0.01625729403704641
California,Akron,0.023256126699334287
California,Alabama,0.017163343992320862
California,App State,0.010686598838496195
California,Arizona,0.012934914913315216
California,Arizona State,0.011348447501253646
California,Arkansas,0.013285332701197727
California,Arkansas State,0.005154882502854233
California,Army,0.01326716188800124
California,Auburn,0.021435084465086816
California,BYU,0.010040393046933997
California,Ball State,0.01317893293864739
California,Baylor,0.016982125174162237
California,Boise State,0.010513097456667817
California,Boston College,0.012323346249296286
California,Bowling Green,0.009608922608847211
California,Buffalo,0.022321568129414583
California,Central Michigan,0.0141608837753854
California,Charlotte,0.01435370714149371
California,Cincinnati,0.011674021820747282
California,Clemson,0.010317939594912732
California,Coastal Carolina,0.023824249382464694
California,Colorado,0.01627250854616346
California,Colorado State,0.009571594699435186
California,Delaware,0.016371327668272574
California,Duke,0.014695845554616976
California,East Carolina,0.012143993667891342
California,Eastern Michigan,0.01761880428100436
California,Florida,0.008466639711791618
California,Florida Atlantic,0.011910062992939747
California,Florida International,0.023241016063610592
California,Florida State,0.013799676330967512
California,Fresno State,0.019205411308118352
California,Georgia,0.007840610846722523
California,Georgia Southern,0.02617565119181489
California,Georgia State,0.015121867317239458
California,Georgia Tech,0.016121716850975923
California,Hawai'i,0.013801081873168895
California,Houston,0.007056445674653359
California,Illinois,0.007225367735659482
California,Indiana,0.012422807202199997
California,Iowa,0.015616838668974006
California,Iowa State,0.021031815327495897
California,Jacksonville State,0.0072069431324361605
California,James Madison,0.014394608809465114
California,Kansas,0.020735977207247968
California,Kansas State,0.01111002180696212
California,Kennesaw State,0.010058986253850136
California,Kent State,0.01519069951735097
California,Kentucky,0.01504681305668441
California,LSU,0.018976189057336085
California,Liberty,0.01082868157618743
California,Louisiana,0.01523760404451116
California,Louisiana Tech,0.01975043643495583
California,Louisville,0.015080196048712979
California,Marshall,0.007062662122131424
California,Maryland,0.012618496558496083
California,Massachusetts,0.019538852525405312
California,Memphis,0.02222049854477899
California,Miami,0.00865306562880347
California,Miami (OH),0.012448566651111088
California,Michigan,0.015734707619737224
California,Michigan State,0.008408162318724124
California,Middle Tennessee,0.012362113930955194
California,Minnesota,0.009856048420675419
California,Mississippi State,0.011065258104265728
California,Missouri,0.012898872003334795
California,Missouri State,0.015480730819478462
California,NC State,0.01348561074610328
California,Navy,0.017544113424432333
California,Nebraska,0.01689791996640997
California,Nevada,0.014130249467983734
California,New Mexico,0.01279965061964745
California,New Mexico State,0.021557575586412945
California,North Carolina,0.015669079820785813
California,North Dakota State,0.03059240735686556
California,North Texas,0.032523497113153575
California,Northern Illinois,0.016072554041943535
California,Northwestern,0.013894834137907826
California,Notre Dame,0.013876668887094434
California,Ohio,0.006813283376110184
California,Ohio State,0.010952976168104074
California,Oklahoma,0.0128491530435769
California,Oklahoma State,0.01762571685992772
California,Old Dominion,0.01870032528396004
California,Ole Miss,0.011860089505141065
California,Oregon,0.014257298046256214
California,Oregon State,0.02461617848610248
California,Penn State,0.011703249985078108
California,Pittsburgh,0.01663377156338424
California,Purdue,0.010193001065428656
California,Rice,0.00950543873669654
California,Rutgers,0.008022879821203834
California,SMU,0.012730965713960853
California,Sacramento State,0.016719550653744905
California,Sam Houston,0.014989825083902387
California,San Diego State,0.006584589207411603
California,San José State,0.01522955777086886
California,South Alabama,0.008652542735214274
California,South Carolina,0.011234859782339538
California,South Florida,0.01744537436715855
California,Southern Miss,0.02746904367189868
California,Stanford,0.008576306834777248
California,Syracuse,0.012457576848246648
California,TCU,0.008188497822840368
California,Temple,0.020703071412693022
California,Tennessee,0.009455417763648081
California,Texas,0.012575817599292573
California,Texas A&M,0.01725415134096497
California,Texas State,0.01687547779850852
California,Texas Tech,0.006278604033652126
California,Toledo,0.02083710586644602
California,Troy,0.017647807046404354
California,Tulane,0.010855233598596492
California,Tulsa,0.023148823712652082
California,UAB,0.0113506237375992
California,UCF,0.022777878185348294
California,UCLA,0.016881050022798997
California,UConn,0.016322727739766008
California,UL Monroe,0.011870734048422945
California,UNLV,0.013524184965954329
California,USC,0.013396265741285563
California,UTEP,0.005504686636559437
California,UTSA,0.010960070573954116
California,Utah,0.012466870629494269
California,Utah State,0.018615279484056457
California,Vanderbilt,0.016650752758390522
California,Virginia,0.010169681238561731
California,Virginia Tech,0.01597674536045774
California,Wake Forest,0.004922412940269609
California,Washington,0.016333078425157722
California,Washington State,0.0224157665606469
California,West Virginia,0.008786289254833969
California,Western Kentucky,0.011832512321812838
California,Western Michigan,0.014442379977858888
California,Wisconsin,0.015084228362980566
California,Wyoming,0.017274786839013737
Central Michigan,Air Force,0.024678006276490316
Central Michigan,Akron,0.02160369551873177
Central Michigan,Alabama,0.03379637987335357
Central Michigan,App State,0.029150568571146146
Central Michigan,Arizona,0.022193748295673006
Central Michigan,Arizona State,0.0298124172339036
Central Michigan,Arkansas,0.023718030717711936
Central Michigan,Arkansas State,0.021024854036548808
Central Michigan,Army,0.02366272283536381
Central Michigan,Auburn,0.022116241581354033
Central Michigan,BYU,0.02166827986028859
Central Michigan,Ball State,0.028518895746125934
Central Michigan,Baylor,0.02726434240242324
Central Michigan,Boise State,0.01983989621520139
Central Michigan,Boston College,0.02541491648989599
Central Michigan,Bowling Green,0.026135567444096803
Central Michigan,Buffalo,0.02898698147426451
Central Michigan,California,0.032047993400426925
Central Michigan,Charlotte,0.021628054042528624
Central Michigan,Cincinnati,0.02677199157418138
Central Michigan,Clemson,0.024443310455964092
Central Michigan,Coastal Carolina,0.025030635235236458
Central Michigan,Colorado,0.02283749024369719
Central Michigan,Colorado State,0.028035564432085137
Central Michigan,Delaware,0.028054324021898808
Central Michigan,Duke,0.02967174197168651
Central Michigan,East Carolina,0.018309806398292786
Central Michigan,Eastern Michigan,0.025668456260868947
Central Michigan,Florida,0.026230053954990375
Central Michigan,Florida Atlantic,0.028863966891799528
Central Michigan,Florida International,0.02646809604578061
Central Michigan,Florida State,0.017706733668931347
Central Michigan,Fresno State,0.0178534926288471
Central Michigan,Georgia,0.023362514357897213
Central Michigan,Georgia Southern,0.033554114077096006
Central Michigan,Georgia State,0.028417065153674596
Central Michigan,Georgia Tech,0.025197131729288186
Central Michigan,Hawai'i,0.02382327548114707
Central Michigan,Houston,0.024269478692785392
Central Michigan,Illinois,0.025689337468309432
Central Michigan,Indiana,0.024840759047316096
Central Michigan,Iowa,0.02444202920800021
Central Michigan,Iowa State,0.028621665473798304
Central Michigan,Jacksonville State,0.025185661494640268
Central Michigan,James Madison,0.022998904447520823
Central Michigan,Kansas,0.021623272160412058
Central Michigan,Kansas State,0.02804516607712169
Central Michigan,Kennesaw State,0.02370884964205315
Central Michigan,Kent State,0.03365466925000092
Central Michigan,Kentucky,0.028609794779506884
Central Michigan,LSU,0.037440158789986036
Central Michigan,Liberty,0.02445657663125436
Central Michigan,Louisiana,0.019497264219424947
Central Michigan,Louisiana Tech,0.03358577763977023
Central Michigan,Louisville,0.02565238842341624
Central Michigan,Marshall,0.020563998828776985
Central Michigan,Maryland,0.024588203826988633
Central Michigan,Massachusetts,0.02470443898780491
Central Michigan,Memphis,0.03252231595732163
Central Michigan,Miami,0.027117035361453424
Central Michigan,Miami (OH),0.025415768569216957
Central Michigan,Michigan,0.027370184911433837
Central Michigan,Michigan State,0.022298730672871265
Central Michigan,Middle Tennessee,0.028795519209192242
Central Michigan,Minnesota,0.024360316776538868
Central Michigan,Mississippi State,0.027234977496730706
Central Michigan,Missouri,0.027395170840346157
Central Michigan,Missouri State,0.029407991177880143
Central Michigan,NC State,0.02897878775714231
Central Michigan,Navy,0.013828163512882106
Central Michigan,Nebraska,0.029230651014748886
Central Michigan,Nevada,0.032594219200633684
Central Michigan,New Mexico,0.031263620352297405
Central Michigan,New Mexico State,0.02542341661696513
Central Michigan,North Carolina,0.02966455342468308
Central Michigan,North Dakota State,0.03103355913039243
Central Michigan,North Texas,0.02941361276090228
Central Michigan,Northern Illinois,0.026276006198705695
Central Michigan,Northwestern,0.025426747729051558
Central Michigan,Notre Dame,0.028748932453550476
Central Michigan,Ohio,0.017986826855751613
Central Michigan,Ohio State,0.026154135080457375
Central Michigan,Oklahoma,0.024889128464849506
Central Michigan,Oklahoma State,0.031926381834068235
Central Michigan,Old Dominion,0.022382638869611924
Central Michigan,Ole Miss,0.025290921617028277
Central Michigan,Oregon,0.032275387471903706
Central Michigan,Oregon State,0.022498491937371027
Central Michigan,Penn State,0.026376208589931203
Central Michigan,Pittsburgh,0.02368846613100372
Central Michigan,Purdue,0.02418342514400693
Central Michigan,Rice,0.025998872590301033
Central Michigan,Rutgers,0.02264996567038533
Central Michigan,SMU,0.022690221665861123
Central Michigan,Sacramento State,0.028639455726969073
Central Michigan,Sam Houston,0.028977687480910005
Central Michigan,San Diego State,0.024960146561933877
Central Michigan,San José State,0.030226776677967217
Central Michigan,South Alabama,0.02443625303408681
Central Michigan,South Carolina,0.020968578078622912
Central Michigan,South Florida,0.02667843137950529
Central Michigan,Southern Miss,0.028914103859663327
Central Michigan,Stanford,0.023248235223350885
Central Michigan,Syracuse,0.0309215465808966
Central Michigan,TCU,0.02234934908412951
Central Michigan,Temple,0.028129435340158607
Central Michigan,Tennessee,0.027919387496298034
Central Michigan,Texas,0.017676589884122018
Central Michigan,Texas A&M,0.024431689259768668
Central Michigan,Texas State,0.022675437471743397
Central Michigan,Texas Tech,0.0183738837601365
Central Michigan,Toledo,0.030742900963578637
Central Michigan,Troy,0.02631104906718921
Central Michigan,Tulane,0.024684195164343194
Central Michigan,Tulsa,0.024704622185494022
Central Michigan,UAB,0.027139327032782195
Central Michigan,UCF,0.021706313725226852
Central Michigan,UCLA,0.027562334199599164
Central Michigan,UConn,0.025376336501527038
Central Michigan,UL Monroe,0.02322120025542825
Central Michigan,UNLV,0.027370918255582764
Central Michigan,USC,0.021556066422379217
Central Michigan,UTEP,0.021343373547861158
Central Michigan,UTSA,0.02461650287381689
Central Michigan,Utah,0.023593633056922227
Central Michigan,Utah State,0.02462888839603224
Central Michigan,Vanderbilt,0.026130376806576944
Central Michigan,Virginia,0.027559959240841637
Central Michigan,Virginia Tech,0.02581165757461218
Central Michigan,Wake Forest,0.02338638267291956
Central Michigan,Washington,0.027093021212083727
Central Michigan,Washington State,0.026001873011428225
Central Michigan,West Virginia,0.01985041502748995
Central Michigan,Western Kentucky,0.014942396674064136
Central Michigan,Western Michigan,0.02624161057824872
Central Michigan,Wisconsin,0.028750866774021056
Central Michigan,Wyoming,0.021927283394285353
Charlotte,Air Force,0.008472575255945407
Charlotte,Akron,0.01988090864862151
Charlotte,Alabama,0.01262276556773123
Charlotte,App State,0.006936827674104817
Charlotte,Arizona,0.011794954379676599
Charlotte,Arizona State,0.007598676336862269
Charlotte,Arkansas,0.011444536591794088
Charlotte,Arkansas State,0.019574986790137583
Charlotte,Army,0.011462707404990575
Charlotte,Auburn,0.018059866414374036
Charlotte,BYU,0.014689476246057816
Charlotte,Ball State,0.011550936354344425
Charlotte,Baylor,0.007914984168857726
Charlotte,Boise State,0.007137879405955038
Charlotte,Boston College,0.017915964876310978
Charlotte,Bowling Green,0.015120946684144604
Charlotte,Buffalo,0.01703624612324737
Charlotte,California,0.01898102385969063
Charlotte,Central Michigan,0.010568985517606414
Charlotte,Cincinnati,0.014814188977381097
Charlotte,Clemson,0.017042871446435452
Charlotte,Coastal Carolina,0.003565381073190012
Charlotte,Colorado,0.01289729049545068
Charlotte,Colorado State,0.020529106610462887
Charlotte,Delaware,0.012996109617559797
Charlotte,Duke,0.011320627503904198
Charlotte,East Carolina,0.012585875625100473
Charlotte,Eastern Michigan,0.007111065011987455
Charlotte,Florida,0.016263229581200196
Charlotte,Florida Atlantic,0.01482201201741308
Charlotte,Florida International,0.01132310241958337
Charlotte,Florida State,0.010930192962024302
Charlotte,Fresno State,0.015830193257405575
Charlotte,Georgia,0.004969603504862683
Charlotte,Georgia Southern,0.022800433141102115
Charlotte,Georgia State,0.009608001975752355
Charlotte,Georgia Tech,0.008608152442015893
Charlotte,Hawai'i,0.01092878741982292
Charlotte,Houston,0.006759067650000689
Charlotte,Illinois,0.020716432593862737
Charlotte,Indiana,0.012307062090791817
Charlotte,Iowa,0.010077374732434462
Charlotte,Iowa State,0.006407924576756976
Charlotte,Jacksonville State,0.017522926160555653
Charlotte,James Madison,0.0103352604835267
Charlotte,Kansas,0.012200715740666144
Charlotte,Kansas State,0.01878734885413242
Charlotte,Kennesaw State,0.014670883039141679
Charlotte,Kent State,0.011440928352959592
Charlotte,Kentucky,0.009683056236307407
Charlotte,LSU,0.015226417892944707
Charlotte,Liberty,0.013901187716804386
Charlotte,Louisiana,0.010541797981814479
Charlotte,Louisiana Tech,0.016375218384243054
Charlotte,Louisville,0.010586715975373119
Charlotte,Marshall,0.009044711310498783
Charlotte,Maryland,0.012111372734495732
Charlotte,Massachusetts,0.016163634474692535
Charlotte,Memphis,0.02559571659549177
Charlotte,Miami,0.005703935447741365
Charlotte,Miami (OH),0.00907334860039831
Charlotte,Michigan,0.008995161673254589
Charlotte,Michigan State,0.016321706974267693
Charlotte,Middle Tennessee,0.01730806135574736
Charlotte,Minnesota,0.014873820872316396
Charlotte,Mississippi State,0.007690040053552949
Charlotte,Missouri,0.01183099728965702
Charlotte,Missouri State,0.012105512768765684
Charlotte,NC State,0.011244258546888534
Charlotte,Navy,0.009663415891471688
Charlotte,Nebraska,0.009531084114837841
Charlotte,Nevada,0.01359834526961803
Charlotte,New Mexico,0.009049879455256074
Charlotte,New Mexico State,0.0032096757199238015
Charlotte,North Carolina,0.009766551605623217
Charlotte,North Dakota State,0.008819818233351102
Charlotte,North Texas,0.029148279062440798
Charlotte,Northern Illinois,0.008657315251048282
Charlotte,Northwestern,0.010835035155083987
Charlotte,Notre Dame,0.01085320040589738
Charlotte,Ohio,0.017916585916881632
Charlotte,Ohio State,0.013776893124887741
Charlotte,Oklahoma,0.014362245433722672
Charlotte,Oklahoma State,0.010032850486845438
Charlotte,Old Dominion,0.016707592053397936
Charlotte,Ole Miss,0.01286977978785075
Charlotte,Oregon,0.017632516096968993
Charlotte,Oregon State,0.00864768985671026
Charlotte,Penn State,0.013026619307913705
Charlotte,Pittsburgh,0.01325855351267146
Charlotte,Purdue,0.014986077918841307
Charlotte,Rice,0.015224430556295274
Charlotte,Rutgers,0.016706989471787982
Charlotte,SMU,0.015543535461005288
Charlotte,Sacramento State,0.013344332603032125
Charlotte,Sam Houston,0.011331116285547461
Charlotte,San Diego State,0.008207973039493673
Charlotte,San José State,0.009500311522122955
Charlotte,South Alabama,0.017059798112323648
Charlotte,South Carolina,0.00785964173162676
Charlotte,South Florida,0.009591475170336448
Charlotte,Southern Miss,0.0240938256211859
Charlotte,Stanford,0.00664115991338368
Charlotte,Syracuse,0.008707805683855272
Charlotte,TCU,0.00481327977212759
Charlotte,Temple,0.017327853361980245
Charlotte,Tennessee,0.015646694150424224
Charlotte,Texas,0.009200599548579795
Charlotte,Texas A&M,0.016157338177172083
Charlotte,Texas State,0.007854391494483295
Charlotte,Texas Tech,0.007018994387416251
Charlotte,Toledo,0.017461887815733244
Charlotte,Troy,0.007082062246587462
Charlotte,Tulane,0.013874635694395322
Charlotte,Tulsa,0.019773605661939305
Charlotte,UAB,0.013379245555392615
Charlotte,UCF,0.019402660134635513
Charlotte,UCLA,0.007848819270192816
Charlotte,UConn,0.012947509689053229
Charlotte,UL Monroe,0.02213261844870079
Charlotte,UNLV,0.011205684327037486
Charlotte,USC,0.012445037253087135
Charlotte,UTEP,0.004405288345359198
Charlotte,UTSA,0.013769798719037699
Charlotte,Utah,0.012262998663497546
Charlotte,Utah State,0.012835103852675727
Charlotte,Vanderbilt,0.009317302352058174
Charlotte,Virginia,0.006794463187848952
Charlotte,Virginia Tech,0.012601527309744962
Charlotte,Wake Forest,0.007365298924091345
Charlotte,Washington,0.01596329393724348
Charlotte,Washington State,0.01961422320251699
Charlotte,West Virginia,0.018091257905731267
Charlotte,Western Kentucky,0.015207730372525617
Charlotte,Western Michigan,0.011067161927146109
Charlotte,Wisconsin,0.01103315762097322
Charlotte,Wyoming,0.007455082453978078
Cincinnati,Air Force,0.009936975490193355
Cincinnati,Akron,0.010405107491548153
Cincinnati,Alabama,0.007839009869708586
Cincinnati,App State,0.0148491398838317
Cincinnati,Arizona,0.015656285827474945
Cincinnati,Arizona State,0.006720603807582367
Cincinnati,Arkansas,0.016927952005176154
Cincinnati,Arkansas State,0.014267767927385943
Cincinnati,Army,0.014152324611543438
Cincinnati,Auburn,0.008584065257300679
Cincinnati,BYU,0.0069819352994621425
Cincinnati,Ball State,0.005819115951928172
Cincinnati,Baylor,0.002560357435098597
Cincinnati,Boise State,0.008810318944549339
Cincinnati,Boston College,0.008774727006696143
Cincinnati,Bowling Green,0.01222894947444141
Cincinnati,Buffalo,0.008400971208345593
Cincinnati,California,0.028456825016763988
Cincinnati,Central Michigan,0.009272295484136238
Cincinnati,Charlotte,0.019392430446208524
Cincinnati,Clemson,0.006894341691164869
Cincinnati,Coastal Carolina,0.009402481643401054
Cincinnati,Colorado,0.00581272491605354
Cincinnati,Colorado State,0.015375397699156778
Cincinnati,Delaware,0.003931490006595599
Cincinnati,Duke,0.01241426857241801
Cincinnati,East Carolina,0.010340408761457946
Cincinnati,Eastern Michigan,0.008223893980001966
Cincinnati,Florida,0.009767695062378557
Cincinnati,Florida Atlantic,0.024297813174486437
Cincinnati,Florida International,0.008819248324546952
Cincinnati,Florida State,0.010943481490819383
Cincinnati,Fresno State,0.01079672253090363
Cincinnati,Georgia,0.007690919929090621
Cincinnati,Georgia Southern,0.013324631984028758
Cincinnati,Georgia State,0.012609413769158955
Cincinnati,Georgia Tech,0.010645220427128605
Cincinnati,Hawai'i,0.013124273879292523
Cincinnati,Houston,0.009480384074228628
Cincinnati,Illinois,0.015177091376268794
Cincinnati,Indiana,0.013289466785225938
Cincinnati,Iowa,0.005964634420857397
Cincinnati,Iowa State,0.006610047588432258
Cincinnati,Jacksonville State,0.011453512264287848
Cincinnati,James Madison,0.005651310712229908
Cincinnati,Kansas,0.009289261705403564
Cincinnati,Kansas State,0.008479247300204246
Cincinnati,Kennesaw State,0.004941365517697579
Cincinnati,Kent State,0.017497575332219135
Cincinnati,Kentucky,0.01346576860952368
Cincinnati,LSU,0.008789943630235306
Cincinnati,Liberty,0.006018819935026502
Cincinnati,Louisiana,0.009152950940325784
Cincinnati,Louisiana Tech,0.006899417227169698
Cincinnati,Louisville,0.013308032399601056
Cincinnati,Marshall,0.011766027734726722
Cincinnati,Maryland,0.004946214761066648
Cincinnati,Massachusetts,0.006687833317619176
Cincinnati,Memphis,0.03507151775256513
Cincinnati,Miami,0.008425251871969304
Cincinnati,Miami (OH),0.006839347712797753
Cincinnati,Michigan,0.01181064744930195
Cincinnati,Michigan State,0.01194966264765091
Cincinnati,Middle Tennessee,0.010226945369112114
Cincinnati,Minnesota,0.01656168888676368
Cincinnati,Mississippi State,0.005066034281572231
Cincinnati,Missouri,0.0020987272199879453
Cincinnati,Missouri State,0.003380442278209147
Cincinnati,NC State,0.012751892426602822
Cincinnati,Navy,0.01609989015418109
Cincinnati,Nebraska,0.019006885271911196
Cincinnati,Nevada,0.008779821826703732
Cincinnati,New Mexico,0.008012533442668087
Cincinnati,New Mexico State,0.008105946717597064
Cincinnati,North Carolina,0.003938273497856765
Cincinnati,North Dakota State,0.016170639617801918
Cincinnati,North Texas,0.01967247790536744
Cincinnati,Northern Illinois,0.013030506600072319
Cincinnati,Northwestern,0.011079639714750514
Cincinnati,Notre Dame,0.008425264098912975
Cincinnati,Ohio,0.010663388303999117
Cincinnati,Ohio State,0.008043333402388267
Cincinnati,Oklahoma,0.004054143879794496
Cincinnati,Oklahoma State,0.012754166911073376
Cincinnati,Old Dominion,0.006399490499469761
Cincinnati,Ole Miss,0.01914873303735276
Cincinnati,Oregon,0.02710831725404235
Cincinnati,Oregon State,0.010194410747038841
Cincinnati,Penn State,0.008883961380277442
Cincinnati,Pittsburgh,0.005972842471305798
Cincinnati,Purdue,0.004791097346145254
Cincinnati,Rice,0.007205364548455388
Cincinnati,Rutgers,0.018751851049655852
Cincinnati,SMU,0.005959993493889608
Cincinnati,Sacramento State,0.009804681478007156
Cincinnati,Sam Houston,0.011771579232099616
Cincinnati,San Diego State,0.01768377419656703
Cincinnati,San José State,0.007567409637194366
Cincinnati,South Alabama,0.009731044455077751
Cincinnati,South Carolina,0.007681637081127818
Cincinnati,South Florida,0.012312791594564386
Cincinnati,Southern Miss,0.014618024464112544
Cincinnati,Stanford,0.009362476337611619
Cincinnati,Syracuse,0.007085234878895891
Cincinnati,TCU,0.006300866075621221
Cincinnati,Temple,0.007852052204906888
Cincinnati,Tennessee,0.014053812545664962
Cincinnati,Texas,0.010973625275628715
Cincinnati,Texas A&M,0.005910374433243867
Cincinnati,Texas State,0.007864435963463822
Cincinnati,Texas Tech,0.010276331399614232
Cincinnati,Toledo,0.010019986781192324
Cincinnati,Troy,0.009159705378415945
Cincinnati,Tulane,0.006919357362129249
Cincinnati,Tulsa,0.010297804504865948
Cincinnati,UAB,0.0077743771150569334
Cincinnati,UCF,0.009926858977562156
Cincinnati,UCLA,0.004349170730901368
Cincinnati,UConn,0.00382284873714851
Cincinnati,UL Monroe,0.02472175325620908
Cincinnati,UNLV,0.016738616455202526
Cincinnati,USC,0.007094148737371514
Cincinnati,UTEP,0.0073463325712266984
Cincinnati,UTSA,0.011455005442701567
Cincinnati,Utah,0.011321752039413348
Cincinnati,Utah State,0.004193511744992816
Cincinnati,Vanderbilt,0.01879310350913153
Cincinnati,Virginia,0.006459644274659773
Cincinnati,Virginia Tech,0.003125726152671605
Cincinnati,Wake Forest,0.010086615348319283
Cincinnati,Washington,0.007548321280428664
Cincinnati,Washington State,0.009564747352860767
Cincinnati,West Virginia,0.010218507475684946
Cincinnati,Western Kentucky,0.024683531529598974
Cincinnati,Western Michigan,0.002477974471117515
Cincinnati,Wisconsin,0.01408461129381171
Cincinnati,Wyoming,0.011967849171694642
Clemson,Air Force,0.030204517017243724
Clemson,Akron,0.04335526791454868
Clemson,Alabama,0.03932289061410698
Clemson,App State,0.034677079311899554
Clemson,Arizona,0.027720259036426415
Clemson,Arizona State,0.03533892797465701
Clemson,Arkansas,0.029244541458465344
Clemson,Arkansas State,0.026551364777302217
Clemson,Army,0.02918923357611722
Clemson,Auburn,0.04153422568030121
Clemson,BYU,0.027194790601041997
Clemson,Ball State,0.03404540648687934
Clemson,Baylor,0.03279085314317665
Clemson,Boise State,0.03061223867188221
Clemson,Boston College,0.03242248746451068
Clemson,Bowling Green,0.031662078184850215
Clemson,Buffalo,0.040510605389174545
Clemson,California,0.03757450414118033
Clemson,Central Michigan,0.033257710995575895
Clemson,Charlotte,0.0344528483567081
Clemson,Cincinnati,0.032298502314934786
Clemson,Coastal Carolina,0.030557145975989866
Clemson,Colorado,0.036371649761377856
Clemson,Colorado State,0.033562075172838546
Clemson,Delaware,0.03647046888348697
Clemson,Duke,0.03519825271243992
Clemson,East Carolina,0.031223026330591857
Clemson,Eastern Michigan,0.031194967001622356
Clemson,Florida,0.03175656469574378
Clemson,Florida Atlantic,0.034390477632552936
Clemson,Florida International,0.03479746168551054
Clemson,Florida State,0.02405984767806243
Clemson,Fresno State,0.039304552523332745
Clemson,Georgia,0.02888902509865062
Clemson,Georgia Southern,0.04627479240702929
Clemson,Georgia State,0.03394357589442801
Clemson,Georgia Tech,0.030723642470041595
Clemson,Hawai'i,0.02934978622190048
Clemson,Houston,0.0297959894335388
Clemson,Illinois,0.03121584820906284
Clemson,Indiana,0.030367269788069504
Clemson,Iowa,0.03355173399836164
Clemson,Iowa State,0.03414817621455171
Clemson,Jacksonville State,0.030712172235393676
Clemson,James Madison,0.03202286497434755
Clemson,Kansas,0.03567507500659332
Clemson,Kansas State,0.0335716768178751
Clemson,Kennesaw State,0.02923536038280656
Clemson,Kent State,0.03918117999075433
Clemson,Kentucky,0.03413630552026029
Clemson,LSU,0.042966669530739444
Clemson,Liberty,0.029983087372007767
Clemson,Louisiana,0.03401615724774165
Clemson,Louisiana Tech,0.03984957765017023
Clemson,Louisville,0.03117889916416965
Clemson,Marshall,0.027161803337345816
Clemson,Maryland,0.03236335876749276
Clemson,Massachusetts,0.03963799374061971
Clemson,Memphis,0.038048826698075036
Clemson,Miami,0.03264354610220683
Clemson,Miami (OH),0.03254770786632548
Clemson,Michigan,0.032896695652187245
Clemson,Michigan State,0.027825241413624673
Clemson,Middle Tennessee,0.03432202994994565
Clemson,Minnesota,0.029886827517292276
Clemson,Mississippi State,0.032761488237484114
Clemson,Missouri,0.032921681581099566
Clemson,Missouri State,0.03557987203469286
Clemson,NC State,0.03450529849789572
Clemson,Navy,0.025506791609322527
Clemson,Nebraska,0.034757161755502294
Clemson,Nevada,0.03812072994138709
Clemson,New Mexico,0.036790131093050814
Clemson,New Mexico State,0.030949927357718537
Clemson,North Carolina,0.035191064165436485
Clemson,North Dakota State,0.03656006987114584
Clemson,North Texas,0.05262263832836797
Clemson,Northern Illinois,0.031802516939459104
Clemson,Northwestern,0.030953258469804967
Clemson,Notre Dame,0.03427544319430389
Clemson,Ohio,0.025840629525919562
Clemson,Ohio State,0.03168064582121078
Clemson,Oklahoma,0.0329482942587913
Clemson,Oklahoma State,0.037452892574821636
Clemson,Old Dominion,0.038799466499174436
Clemson,Ole Miss,0.030817432357781685
Clemson,Oregon,0.037801898212657115
Clemson,Oregon State,0.032122049122637435
Clemson,Penn State,0.03190271933068461
Clemson,Pittsburgh,0.036732912778598636
Clemson,Purdue,0.03029214228064305
Clemson,Rice,0.03152538333105444
Clemson,Rutgers,0.02817647641113874
Clemson,SMU,0.03283010692917525
Clemson,Sacramento State,0.036818691868959294
Clemson,Sam Houston,0.03450419822166342
Clemson,San Diego State,0.030486657302687285
Clemson,San José State,0.03575328741872062
Clemson,South Alabama,0.02996276377484022
Clemson,South Carolina,0.03133400099755393
Clemson,South Florida,0.0322049421202587
Clemson,Southern Miss,0.04756818488711308
Clemson,Stanford,0.028774745964104294
Clemson,Syracuse,0.03644805732165001
Clemson,TCU,0.028287639038054764
Clemson,Temple,0.04080221262790742
Clemson,Tennessee,0.03344589823705144
Clemson,Texas,0.032674958814506966
Clemson,Texas A&M,0.03735329255617936
Clemson,Texas State,0.02928029287271927
Clemson,Texas Tech,0.02637774524886652
Clemson,Toledo,0.04093624708166042
Clemson,Troy,0.03183755980794262
Clemson,Tulane,0.030210705905096603
Clemson,Tulsa,0.04324796492786648
Clemson,UAB,0.0326658377735356
Clemson,UCF,0.04287701940056268
Clemson,UCLA,0.03308884494035257
Clemson,UConn,0.0364218689549804
Clemson,UL Monroe,0.028747710996181657
Clemson,UNLV,0.03289742899633617
Clemson,USC,0.033495406956499954
Clemson,UTEP,0.026869884288614566
Clemson,UTSA,0.030143013614570297
Clemson,Utah,0.029120143797675635
Clemson,Utah State,0.0363094631186029
Clemson,Vanderbilt,0.03165688754733035
Clemson,Virginia,0.03308646998159504
Clemson,Virginia Tech,0.036075886575672136
Clemson,Wake Forest,0.02891289341367297
Clemson,Washington,0.03643221964037212
Clemson,Washington State,0.042514907775861296
Clemson,West Virginia,0.028885430470048365
Clemson,Western Kentucky,0.008266628893401556
Clemson,Western Michigan,0.034541521193073285
Clemson,Wisconsin,0.034277377514774464
Clemson,Wyoming,0.02745379413503876
Coastal Carolina,Air Force,0.003597740994586365
Coastal Carolina,Akron,0.02116647483300452
Coastal Carolina,Alabama,0.013908331752114242
Coastal Carolina,App State,0.00800222146344279
Coastal Carolina,Arizona,0.006081998975403676
Coastal Carolina,Arizona State,0.010095986408089156
Coastal Carolina,Arkansas,0.011340918128518687
Coastal Carolina,Arkansas State,0.013885078686493997
Coastal Carolina,Army,0.012488911371159995
Coastal Carolina,Auburn,0.019345432598757047
Coastal Carolina,BYU,0.006607467410788093
Coastal Carolina,Ball State,0.010135346268461671
Coastal Carolina,Baylor,0.009200550353240737
Coastal Carolina,Boise State,0.009336937676294428
Coastal Carolina,Boston College,0.012150109607202933
Coastal Carolina,Bowling Green,0.015604332074948199
Coastal Carolina,Buffalo,0.01832181230763038
Coastal Carolina,California,0.01769545767530762
Coastal Carolina,Central Michigan,0.008486012111803222
Coastal Carolina,Charlotte,0.012264055275163943
Coastal Carolina,Cincinnati,0.013528622792998084
Coastal Carolina,Clemson,0.003867025650291499
Coastal Carolina,Colorado,0.014182856679833692
Coastal Carolina,Colorado State,0.008578273837752566
Coastal Carolina,Delaware,0.01428167580194281
Coastal Carolina,Duke,0.015789651172924798
Coastal Carolina,East Carolina,0.009965940872783897
Coastal Carolina,Eastern Michigan,0.0073827681027536386
Coastal Carolina,Florida,0.007644812812554581
Coastal Carolina,Florida Atlantic,0.013536445833030068
Coastal Carolina,Florida International,0.012608668603966382
Coastal Carolina,Florida State,0.012555388514493017
Coastal Carolina,Fresno State,0.017115759441788586
Coastal Carolina,Georgia,0.01106630252959741
Coastal Carolina,Georgia Southern,0.024085999325485125
Coastal Carolina,Georgia State,0.010448449871678629
Coastal Carolina,Georgia Tech,0.0062526492501266025
Coastal Carolina,Hawai'i,0.006218213163864153
Coastal Carolina,Houston,0.012855766674735416
Coastal Carolina,Illinois,0.015973123587541844
Coastal Carolina,Indiana,0.010809004694375714
Coastal Carolina,Iowa,0.011362940916817475
Coastal Carolina,Iowa State,0.008883325604110627
Coastal Carolina,Jacksonville State,0.005873892754863273
Coastal Carolina,James Madison,0.00983407189280339
Coastal Carolina,Kansas,0.013486281925049156
Coastal Carolina,Kansas State,0.009020369940632354
Coastal Carolina,Kennesaw State,0.007338343126141303
Coastal Carolina,Kent State,0.011052817286583872
Coastal Carolina,Kentucky,0.012031586873249765
Coastal Carolina,LSU,0.016194110243050872
Coastal Carolina,Liberty,0.00844645178400698
Coastal Carolina,Louisiana,0.011827364166197491
Coastal Carolina,Louisiana Tech,0.017660784568626065
Coastal Carolina,Louisville,0.016683415000107844
Coastal Carolina,Marshall,0.015141410335233512
Coastal Carolina,Maryland,0.010174565685948602
Coastal Carolina,Massachusetts,0.017449200659075546
Coastal Carolina,Memphis,0.02431015041110876
Coastal Carolina,Miami,0.011800634472476092
Coastal Carolina,Miami (OH),0.010358914784781322
Coastal Carolina,Michigan,0.002275968646450308
Coastal Carolina,Michigan State,0.007247389677314978
Coastal Carolina,Middle Tennessee,0.013602327969618903
Coastal Carolina,Minnesota,0.01698820003221017
Coastal Carolina,Mississippi State,0.008975606237935961
Coastal Carolina,Missouri,0.008765622690128467
Coastal Carolina,Missouri State,0.013391078953148696
Coastal Carolina,NC State,0.01612727502710961
Coastal Carolina,Navy,0.01572542226550704
Coastal Carolina,Nebraska,0.010746237805587006
Coastal Carolina,Nevada,0.01215520442721052
Coastal Carolina,New Mexico,0.00725505701713885
Coastal Carolina,New Mexico State,0.005633122027785809
Coastal Carolina,North Carolina,0.011052117790006229
Coastal Carolina,North Dakota State,0.010860381438940832
Coastal Carolina,North Texas,0.03043384524682381
Coastal Carolina,Northern Illinois,0.002378257475016375
Coastal Carolina,Northwestern,0.011473347785434674
Coastal Carolina,Notre Dame,0.011800646699419763
Coastal Carolina,Ohio,0.010288920415325068
Coastal Carolina,Ohio State,0.007182787593017147
Coastal Carolina,Oklahoma,0.010759501177247133
Coastal Carolina,Oklahoma State,0.016129549511580164
Coastal Carolina,Old Dominion,0.016610673417630274
Coastal Carolina,Ole Miss,0.01881264416236162
Coastal Carolina,Oregon,0.016346949912585982
Coastal Carolina,Oregon State,0.009933256041093273
Coastal Carolina,Penn State,0.007496860819112783
Coastal Carolina,Pittsburgh,0.014544119697054473
Coastal Carolina,Purdue,0.008166479946652044
Coastal Carolina,Rice,0.010580747148962177
Coastal Carolina,Rutgers,0.01573266489411404
Coastal Carolina,SMU,0.010641313847631086
Coastal Carolina,Sacramento State,0.014629898787415137
Coastal Carolina,Sam Houston,0.0032081398545395073
Coastal Carolina,San Diego State,0.00692240685511066
Coastal Carolina,San José State,0.0084422785499204
Coastal Carolina,South Alabama,0.01310642705558454
Coastal Carolina,South Carolina,0.009628083250433767
Coastal Carolina,South Florida,0.015688174195071174
Coastal Carolina,Southern Miss,0.02537939180556891
Coastal Carolina,Stanford,0.012737858938118407
Coastal Carolina,Syracuse,0.009241640879319168
Coastal Carolina,TCU,0.009650407793406222
Coastal Carolina,Temple,0.018613419546363256
Coastal Carolina,Tennessee,0.003292445204208593
Coastal Carolina,Texas,0.010599157386954664
Coastal Carolina,Texas A&M,0.015164499474635204
Coastal Carolina,Texas State,0.01123981856397061
Coastal Carolina,Texas Tech,0.013115693412150978
Coastal Carolina,Toledo,0.018747454000116254
Coastal Carolina,Troy,0.01112335891140239
Coastal Carolina,Tulane,0.009200484535424313
Coastal Carolina,Tulsa,0.021059171846322316
Coastal Carolina,UAB,0.011149759715563722
Coastal Carolina,UCF,0.020688226319018524
Coastal Carolina,UCLA,0.006412196610555001
Coastal Carolina,UConn,0.014233075873436241
Coastal Carolina,UL Monroe,0.013960385914752712
Coastal Carolina,UNLV,0.007008929572658261
Coastal Carolina,USC,0.011306613874955797
Coastal Carolina,UTEP,0.010501987370093925
Coastal Carolina,UTSA,0.003659244397259792
Coastal Carolina,Utah,0.004682114214154453
Coastal Carolina,Utah State,0.01412067003705874
Coastal Carolina,Vanderbilt,0.008031736167675161
Coastal Carolina,Virginia,0.009835026875166563
Coastal Carolina,Virginia Tech,0.013887093494127974
Coastal Carolina,Wake Forest,0.013461997948826073
Coastal Carolina,Washington,0.014243426558827958
Coastal Carolina,Washington State,0.020326114694317134
Coastal Carolina,West Virginia,0.013593890076191734
Coastal Carolina,Western Kentucky,0.014603649544870307
Coastal Carolina,Western Michigan,0.012352728111529121
Coastal Carolina,Wisconsin,0.017129856645707948
Coastal Carolina,Wyoming,0.011958468651652638
Colorado,Air Force,0.016618424184496255
Colorado,Akron,0.026259650729582543
Colorado,Alabama,0.019001507648692264
Colorado,App State,0.012145861889840424
Colorado,Arizona,0.019102682165313564
Colorado,Arizona State,0.011484013227082972
Colorado,Arkansas,0.017578399743274634
Colorado,Arkansas State,0.020271576424437762
Colorado,Army,0.01763370762562276
Colorado,Auburn,0.024438608495335072
Colorado,BYU,0.01962815060069798
Colorado,Ball State,0.015228522165039693
Colorado,Baylor,0.014293726249818759
Colorado,Boise State,0.02145653424578518
Colorado,Boston College,0.01588151397109058
Colorado,Bowling Green,0.015160863016889767
Colorado,Buffalo,0.023414988204208405
Colorado,California,0.012602281778729596
Colorado,Central Michigan,0.013565230206164083
Colorado,Charlotte,0.020384902444449862
Colorado,Cincinnati,0.014524438886805189
Colorado,Clemson,0.016853120005022478
Colorado,Coastal Carolina,0.016265795225750113
Colorado,Colorado State,0.013260866028901433
Colorado,Delaware,0.01937485169852083
Colorado,Duke,0.017699369584865232
Colorado,East Carolina,0.022986624062693785
Colorado,Eastern Michigan,0.015627974200117623
Colorado,Florida,0.015066376505996196
Colorado,Florida Atlantic,0.012432463569187042
Colorado,Florida International,0.017701844500544406
Colorado,Florida State,0.023589696792055224
Colorado,Fresno State,0.02344293783213947
Colorado,Georgia,0.017933916103089358
Colorado,Georgia Southern,0.029179175222063147
Colorado,Georgia State,0.012879365307311973
Colorado,Georgia Tech,0.016099298731698384
Colorado,Hawai'i,0.0174731549798395
Colorado,Houston,0.017026951768201178
Colorado,Illinois,0.015607092992677136
Colorado,Indiana,0.016455671413670474
Colorado,Iowa,0.01685440125298636
Colorado,Iowa State,0.012674764987188267
Colorado,Jacksonville State,0.016110768966346303
Colorado,James Madison,0.018297526013465747
Colorado,Kansas,0.019673158300574513
Colorado,Kansas State,0.014113545837210376
Colorado,Kennesaw State,0.01758758081893342
Colorado,Kent State,0.0076417612109856495
Colorado,Kentucky,0.012686635681479689
Colorado,LSU,0.021287286139628894
Colorado,Liberty,0.016839853829732212
Colorado,Louisiana,0.021799166241561623
Colorado,Louisiana Tech,0.022753960465204087
Colorado,Louisville,0.01564404203757033
Colorado,Marshall,0.020732431632209586
Colorado,Maryland,0.016708226633997937
Colorado,Massachusetts,0.022542376555653568
Colorado,Memphis,0.019216974514530735
Colorado,Miami,0.014179395099533148
Colorado,Miami (OH),0.015880661891769614
Colorado,Michigan,0.013926245549552733
Colorado,Michigan State,0.018997699788115305
Colorado,Middle Tennessee,0.01536563796120345
Colorado,Minnesota,0.016936113684447703
Colorado,Mississippi State,0.014068782134513983
Colorado,Missouri,0.013901259620640411
Colorado,Missouri State,0.018484254849726718
Colorado,NC State,0.016082738864206667
Colorado,Navy,0.028746105455416927
Colorado,Nebraska,0.012065779446237684
Colorado,Nevada,0.015759847754297056
Colorado,New Mexico,0.010032810108689168
Colorado,New Mexico State,0.01587301384402144
Colorado,North Carolina,0.016145293686584253
Colorado,North Dakota State,0.01517816761956058
Colorado,North Texas,0.03552702114340183
Colorado,Northern Illinois,0.015020424262280873
Colorado,Northwestern,0.015869682731935012
Colorado,Notre Dame,0.015609492343660695
Colorado,Ohio,0.023309603605234958
Colorado,Ohio State,0.015142295380529195
Colorado,Oklahoma,0.016407301996137064
Colorado,Oklahoma State,0.01170889098237305
Colorado,Old Dominion,0.021703849314208296
Colorado,Ole Miss,0.016005508843958294
Colorado,Oregon,0.011253774016007958
Colorado,Oregon State,0.02204432951194353
Colorado,Penn State,0.014920221871055368
Colorado,Pittsburgh,0.019637295593632496
Colorado,Purdue,0.01711300531697964
Colorado,Rice,0.015297557870685537
Colorado,Rutgers,0.01864646479060124
Colorado,SMU,0.018606208795125447
Colorado,Sacramento State,0.01972307468399316
Colorado,Sam Houston,0.012318742980076566
Colorado,San Diego State,0.016336283899052693
Colorado,San José State,0.011069653783019353
Colorado,South Alabama,0.01686017742689976
Colorado,South Carolina,0.02032785238236366
Colorado,South Florida,0.01461799908148128
Colorado,Southern Miss,0.030472567702146937
Colorado,Stanford,0.018048195237635685
Colorado,Syracuse,0.010374883880089971
Colorado,TCU,0.01894708137685706
Colorado,Temple,0.023706595442941278
Colorado,Tennessee,0.013377042964688538
Colorado,Texas,0.023619840576864552
Colorado,Texas A&M,0.020257675371213226
Colorado,Texas State,0.018620992989243173
Colorado,Texas Tech,0.02292254670085007
Colorado,Toledo,0.023840629896694276
Colorado,Troy,0.014985381393797364
Colorado,Tulane,0.016612235296643376
Colorado,Tulsa,0.026152347742900338
Colorado,UAB,0.014157103428204377
Colorado,UCF,0.02578140221559655
Colorado,UCLA,0.013734096261387404
Colorado,UConn,0.019326251770014263
Colorado,UL Monroe,0.01807523020555832
Colorado,UNLV,0.013925512205403806
Colorado,USC,0.019740364038607353
Colorado,UTEP,0.019953056913125412
Colorado,UTSA,0.01667992758716968
Colorado,Utah,0.017702797404064344
Colorado,Utah State,0.019213845933636762
Colorado,Vanderbilt,0.015166053654409626
Colorado,Virginia,0.013736471220144934
Colorado,Virginia Tech,0.018980269390705996
Colorado,Wake Forest,0.01791004778806701
Colorado,Washington,0.019336602455405978
Colorado,Washington State,0.025419290590895156
Colorado,West Virginia,0.02144601543349662
Colorado,Western Kentucky,0.008828988291564583
Colorado,Western Michigan,0.017445904008107145
Colorado,Wisconsin,0.012545563686965515
Colorado,Wyoming,0.019369147066701217
Colorado State,Air Force,0.03736402279286722
Colorado State,Akron,0.041699905784043825
Colorado State,Alabama,0.03645797283759277
Colorado State,App State,0.0070832310384890875
Colorado State,Arizona,0.04068640191659841
Colorado State,Arizona State,0.015077831703522632
Colorado State,Arkansas,0.040335984128715904
Colorado State,Arkansas State,0.048466434327059396
Colorado State,Army,0.04035415494191239
Colorado State,Auburn,0.028284161154802284
Colorado State,BYU,0.04358092378297963
Colorado State,Ball State,0.04044238389126624
Colorado State,Baylor,0.03663919165575139
Colorado State,Boise State,0.01736217414638329
Colorado State,Boston College,0.046807412413232795
Colorado State,Bowling Green,0.04401239422106642
Colorado State,Buffalo,0.03129974870049905
Colorado State,California,0.04153930850694469
Colorado State,Central Michigan,0.03946043305452823
Colorado State,Charlotte,0.05859197953705851
Colorado State,Cincinnati,0.04194729500916635
Colorado State,Clemson,0.045934318983357265
Colorado State,Coastal Carolina,0.029797067447448936
Colorado State,Colorado,0.0385539843067435
Colorado State,Delaware,0.02322040435798805
Colorado State,Duke,0.021544922244332448
Colorado State,East Carolina,0.04147732316202229
Colorado State,Eastern Michigan,0.03600251254890927
Colorado State,Florida,0.045154677118122016
Colorado State,Florida Atlantic,0.04171125383697388
Colorado State,Florida International,0.03038030076630304
Colorado State,Florida State,0.03982164049894612
Colorado State,Fresno State,0.026054487997833824
Colorado State,Georgia,0.014689687536437995
Colorado State,Georgia Southern,0.0386928211048704
Colorado State,Georgia State,0.03849944951267417
Colorado State,Georgia Tech,0.03749959997893771
Colorado State,Hawai'i,0.039820234956744735
Colorado State,Houston,0.01390552236436883
Colorado State,Illinois,0.04960788013078455
Colorado State,Indiana,0.04119850962771363
Colorado State,Iowa,0.038004478160939624
Colorado State,Iowa State,0.03258950150241773
Colorado State,Jacksonville State,0.04641437369747747
Colorado State,James Madison,0.03922670802044852
Colorado State,Kansas,0.03288533962266566
Colorado State,Kansas State,0.04767879639105424
Colorado State,Kennesaw State,0.0435623305760635
Colorado State,Kent State,0.01013382686163017
Colorado State,Kentucky,0.03857450377322922
Colorado State,LSU,0.02513283879909611
Colorado State,Liberty,0.0427926352537262
Colorado State,Louisiana,0.03838371278540247
Colorado State,Louisiana Tech,0.038645657465191656
Colorado State,Louisville,0.03854112078120065
Colorado State,Marshall,0.01422241991027981
Colorado State,Maryland,0.04100282027141755
Colorado State,Massachusetts,0.03618099811397617
Colorado State,Memphis,0.04405797409817609
Colorado State,Miami,0.014104821468242396
Colorado State,Miami (OH),0.019297643340826558
Colorado State,Michigan,0.037886609210176406
Colorado State,Michigan State,0.045213154511189506
Colorado State,Middle Tennessee,0.04619950889266918
Colorado State,Minnesota,0.04376526840923821
Colorado State,Mississippi State,0.017914334793981197
Colorado State,Missouri,0.04072244482657884
Colorado State,Missouri State,0.04074329355754974
Colorado State,NC State,0.04013570608381035
Colorado State,Navy,0.036077203405481297
Colorado State,Nebraska,0.03672339686350366
Colorado State,Nevada,0.04248979280653985
Colorado State,New Mexico,0.01168756245483352
Colorado State,New Mexico State,0.032063741243500685
Colorado State,North Carolina,0.037952237009127816
Colorado State,North Dakota State,0.023028909473048073
Colorado State,North Texas,0.03937257380286905
Colorado State,Northern Illinois,0.0375487627879701
Colorado State,Northwestern,0.03972648269200581
Colorado State,Notre Dame,0.0397446479428192
Colorado State,Ohio,0.046808033453803445
Colorado State,Ohio State,0.04266834066180956
Colorado State,Oklahoma,0.043253692970644485
Colorado State,Oklahoma State,0.035995599969985914
Colorado State,Old Dominion,0.04559903959031975
Colorado State,Ole Miss,0.04176122732477257
Colorado State,Oregon,0.04177710445017209
Colorado State,Oregon State,0.02900513834381115
Colorado State,Penn State,0.041918066844835525
Colorado State,Pittsburgh,0.02348284825309971
Colorado State,Purdue,0.04387752545576312
Colorado State,Rice,0.04411587809321709
Colorado State,Rutgers,0.045598437008709795
Colorado State,SMU,0.04443498299792711
Colorado State,Sacramento State,0.03893917783301505
Colorado State,Sam Houston,0.040222563822469276
Colorado State,San Diego State,0.0065809472433317065
Colorado State,San José State,0.038391759059044774
Colorado State,South Alabama,0.045951245649245465
Colorado State,South Carolina,0.018083936472055008
Colorado State,South Florida,0.03617594246275508
Colorado State,Southern Miss,0.04890348219889387
Colorado State,Stanford,0.01542538352449272
Colorado State,Syracuse,0.012614861018605716
Colorado State,TCU,0.01503757451255584
Colorado State,Temple,0.04169268637233345
Colorado State,Tennessee,0.04453814168734604
Colorado State,Texas,0.019424894289008045
Colorado State,Texas A&M,0.045048785714093896
Colorado State,Texas State,0.03674583903140511
Colorado State,Texas Tech,0.013167210045129087
Colorado State,Toledo,0.027686182556161495
Colorado State,Troy,0.03597350978350928
Colorado State,Tulane,0.042766083231317135
Colorado State,Tulsa,0.0401822514859895
Colorado State,UAB,0.04227069309231443
Colorado State,UCF,0.03667796593480366
Colorado State,UCLA,0.03674026680711463
Colorado State,UConn,0.02317180442948148
Colorado State,UL Monroe,0.051024065985622605
Colorado State,UNLV,0.0400971318639593
Colorado State,USC,0.041336484790008954
Colorado State,UTEP,0.012353763326274908
Colorado State,UTSA,0.04266124625595952
Colorado State,Utah,0.04115444620041936
Colorado State,Utah State,0.03500603734585717
Colorado State,Vanderbilt,0.03697056407152311
Colorado State,Virginia,0.0170187579282772
Colorado State,Virginia Tech,0.022825822050173212
Colorado State,Wake Forest,0.012543007523872371
Colorado State,Washington,0.044854741474165294
Colorado State,Washington State,0.0485056707394388
Colorado State,West Virginia,0.04698270544265309
Colorado State,Western Kentucky,0.013684659119916604
Colorado State,Western Michigan,0.021291456667574357
Colorado State,Wisconsin,0.038537088466933066
Colorado State,Wyoming,0.03634652999089989
Delaware,Air Force,0.018152428578146786
Delaware,Akron,0.021226739335905333
Delaware,Alabama,0.01566424072061591
Delaware,App State,0.013679866283490955
Delaware,Arizona,0.020636686558964095
Delaware,Arizona State,0.013018017620733503
Delaware,Arkansas,0.019112404136925165
Delaware,Arkansas State,0.021805580818088293
Delaware,Army,0.01916771201927329
Delaware,Auburn,0.02071419327328307
Delaware,BYU,0.021162154994348512
Delaware,Ball State,0.014311539108511169
Delaware,Baylor,0.017040196208252905
Delaware,Boise State,0.02299053863943571
Delaware,Boston College,0.01741551836474111
Delaware,Bowling Green,0.0166948674105403
Delaware,Buffalo,0.02082246485770963
Delaware,California,0.01953625808402777
Delaware,Central Michigan,0.015099234599814614
Delaware,Charlotte,0.021202380812108478
Delaware,Cincinnati,0.01605844328045572
Delaware,Clemson,0.019443046745771162
Delaware,Coastal Carolina,0.022325146110759746
Delaware,Colorado,0.019992944610939912
Delaware,Colorado State,0.014794870422551964
Delaware,Duke,0.013158692882950592
Delaware,East Carolina,0.024520628456344316
Delaware,Eastern Michigan,0.017161978593768154
Delaware,Florida,0.016600380899646727
Delaware,Florida Atlantic,0.01537724624175022
Delaware,Florida International,0.02174191279190564
Delaware,Florida State,0.025123701185705755
Delaware,Fresno State,0.02497694222579
Delaware,Georgia,0.01946792049673989
Delaware,Georgia Southern,0.022245198916764974
Delaware,Georgia State,0.014413369700962504
Delaware,Georgia Tech,0.017633303125348915
Delaware,Hawai'i,0.01900715937349003
Delaware,Houston,0.01856095616185171
Delaware,Illinois,0.01714109738632767
Delaware,Indiana,0.017989675807321005
Delaware,Iowa,0.01838840564663689
Delaware,Iowa State,0.01953271205579095
Delaware,Jacksonville State,0.017644773359996833
Delaware,James Madison,0.019831530407116278
Delaware,Kansas,0.021207162694225044
Delaware,Kansas State,0.01607038982751795
Delaware,Kennesaw State,0.01912158521258395
Delaware,Kent State,0.009853975093637437
Delaware,Kentucky,0.01422064007513022
Delaware,LSU,0.015032389941940286
Delaware,Liberty,0.018373858223382743
Delaware,Louisiana,0.023333170635212154
Delaware,Louisiana Tech,0.015819984159905914
Delaware,Louisville,0.01717804643122086
Delaware,Marshall,0.022266436025860117
Delaware,Maryland,0.018242231027648468
Delaware,Massachusetts,0.018125995866832192
Delaware,Memphis,0.026150950819828912
Delaware,Miami,0.015713399493183677
Delaware,Miami (OH),0.017414666285420145
Delaware,Michigan,0.018630823733771
Delaware,Michigan State,0.020531704181765836
Delaware,Middle Tennessee,0.014034915645444861
Delaware,Minnesota,0.018470118078098233
Delaware,Mississippi State,0.015595457357906394
Delaware,Missouri,0.015435264014290942
Delaware,Missouri State,0.014150967501505374
Delaware,NC State,0.01385164709749479
Delaware,Navy,0.03028010984906746
Delaware,Nebraska,0.015398816694705022
Delaware,Nevada,0.010236215654003414
Delaware,New Mexico,0.01365173536308246
Delaware,New Mexico State,0.020058472314707997
Delaware,North Carolina,0.014169976549080865
Delaware,North Dakota State,0.029093304085160608
Delaware,North Texas,0.028593044838103657
Delaware,Northern Illinois,0.023285049855237685
Delaware,Northwestern,0.017403687125585543
Delaware,Notre Dame,0.014081502401086623
Delaware,Ohio,0.02484360799888549
Delaware,Ohio State,0.016676299774179726
Delaware,Oklahoma,0.017941306389787595
Delaware,Oklahoma State,0.016126613588222767
Delaware,Old Dominion,0.020447795985025177
Delaware,Ole Miss,0.017539513237608825
Delaware,Oregon,0.018187750321306134
Delaware,Oregon State,0.02357833390559406
Delaware,Penn State,0.0164542262647059
Delaware,Pittsburgh,0.019141968723633378
Delaware,Purdue,0.018647009710630172
Delaware,Rice,0.016831562264336068
Delaware,Rutgers,0.02018046918425177
Delaware,SMU,0.020140213188775978
Delaware,Sacramento State,0.01419097912766803
Delaware,Sam Houston,0.024114932234760817
Delaware,San Diego State,0.017870288292703224
Delaware,San José State,0.01373045449916391
Delaware,South Alabama,0.01839418182055029
Delaware,South Carolina,0.02186185677601419
Delaware,South Florida,0.01615200347513181
Delaware,Southern Miss,0.02353859139684876
Delaware,Stanford,0.019582199631286216
Delaware,Syracuse,0.011908888273740502
Delaware,TCU,0.02048108577050759
Delaware,Temple,0.016772619137643104
Delaware,Tennessee,0.017943927129467664
Delaware,Texas,0.025153844970515087
Delaware,Texas A&M,0.02216893439663678
Delaware,Texas State,0.020154997382893704
Delaware,Texas Tech,0.024456551094500602
Delaware,Toledo,0.016906653591396103
Delaware,Troy,0.016519385787447893
Delaware,Tulane,0.018146239690293907
Delaware,Tulsa,0.0205014848103437
Delaware,UAB,0.015691107821854906
Delaware,UCF,0.02112412112941025
Delaware,UCLA,0.015381946751094049
Delaware,UConn,0.017454098353110063
Delaware,UL Monroe,0.019609234599208852
Delaware,UNLV,0.015459516599054337
Delaware,USC,0.021274368432257884
Delaware,UTEP,0.021487061306775943
Delaware,UTSA,0.018213931980820212
Delaware,Utah,0.019236801797714875
Delaware,Utah State,0.019063181909263947
Delaware,Vanderbilt,0.017997028756666984
Delaware,Virginia,0.015270475613795464
Delaware,Virginia Tech,0.017018777280024922
Delaware,Wake Forest,0.01944405218171754
Delaware,Washington,0.015737413642553374
Delaware,Washington State,0.018485314285596983
Delaware,West Virginia,0.022980019827147154
Delaware,Western Kentucky,0.015762964596862758
Delaware,Western Michigan,0.016588824276388383
Delaware,Wisconsin,0.014079568080616046
Delaware,Wyoming,0.020903151460351748
Duke,Air Force,0.005118729349951508
Duke,Akron,0.018693369642258883
Duke,Alabama,0.011435226561368602
Duke,App State,0.006560877733120968
Duke,Arizona,0.007368023676764215
Duke,Arizona State,0.00525413793853695
Duke,Arkansas,0.008639689854465425
Duke,Arkansas State,0.008470781266549503
Duke,Army,0.005864062460832707
Duke,Auburn,0.01687232740801141
Duke,BYU,0.005183764340614258
Duke,Ball State,0.007662241077716033
Duke,Baylor,0.006727445162495099
Duke,Boise State,0.005950340399592411
Duke,Boston College,0.007760589192220881
Duke,Bowling Green,0.007151009751877428
Duke,Buffalo,0.01584870711688474
Duke,California,0.020168562866053258
Duke,Central Michigan,0.003172920959455839
Duke,Charlotte,0.01859632647654862
Duke,Cincinnati,0.016001727983743722
Duke,Clemson,0.006989576688620622
Duke,Coastal Carolina,0.010198585613060957
Duke,Colorado,0.011709751489088052
Duke,Colorado State,0.009424901086874807
Duke,Delaware,0.01180857061119717
Duke,East Carolina,0.006561128058302058
Duke,Eastern Michigan,0.003993140511600623
Duke,Florida,0.005159024057612118
Duke,Florida Atlantic,0.016009551023775707
Duke,Florida International,0.010135563413220743
Duke,Florida State,0.006851545626435301
Duke,Fresno State,0.014642654251042947
Duke,Georgia,0.0032778537896471184
Duke,Georgia Southern,0.021612894134739487
Duke,Georgia State,0.004321151618448225
Duke,Georgia Tech,0.0024960530815721846
Duke,Hawai'i,0.004836011728581793
Duke,Houston,0.004402444351664647
Duke,Illinois,0.009612227070274657
Duke,Indiana,0.005001204634515207
Duke,Iowa,0.008889835726071835
Duke,Iowa State,0.007406151558092161
Duke,Jacksonville State,0.006418720636967576
Duke,James Madison,0.007360966702057752
Duke,Kansas,0.011013176734303517
Duke,Kansas State,0.007683143330544343
Duke,Kennesaw State,0.0035666775155536005
Duke,Kent State,0.009209313181508404
Duke,Kentucky,0.005177506458812949
Duke,LSU,0.013721005052305233
Duke,Liberty,0.0027969821932163066
Duke,Louisiana,0.009354258975451852
Duke,Louisiana Tech,0.015187679377880427
Duke,Louisville,0.008230092677037075
Duke,Marshall,0.006688088012162741
Duke,Maryland,0.007701460495202963
Duke,Massachusetts,0.014976095468329906
Duke,Memphis,0.0267832556018544
Duke,Miami,0.0033473121494053226
Duke,Miami (OH),0.007885809594035682
Duke,Michigan,0.006177353676620462
Duke,Michigan State,0.005217501450679613
Duke,Middle Tennessee,0.007799356873879789
Duke,Minnesota,0.008534877709139401
Duke,Mississippi State,0.006502501047190323
Duke,Missouri,0.006292517499382829
Duke,Missouri State,0.010917973762403057
Duke,NC State,0.008516457776883006
Duke,Navy,0.012007954289797007
Duke,Nebraska,0.010718623121200468
Duke,Nevada,0.008193566666973394
Duke,New Mexico,0.006705341056930755
Duke,New Mexico State,0.007931911817009208
Duke,North Carolina,0.00857901259926059
Duke,North Dakota State,0.01696674358746182
Duke,North Texas,0.02796074005607817
Duke,Northern Illinois,0.010831579798087144
Duke,Northwestern,0.0030200254623639036
Duke,Notre Dame,0.008043211256337033
Duke,Ohio,0.006812380393293553
Duke,Ohio State,0.0026726876012996633
Duke,Oklahoma,0.008286395986501494
Duke,Oklahoma State,0.007676227188509395
Duke,Old Dominion,0.014137568226884634
Duke,Ole Miss,0.01086047088664203
Duke,Oregon,0.01882005510333162
Duke,Oregon State,0.010990514716698745
Duke,Penn State,0.0019224137843256274
Duke,Pittsburgh,0.012071014506308833
Duke,Purdue,0.005630244008353252
Duke,Rice,0.004638727026960216
Duke,Rutgers,0.010463588898945123
Duke,SMU,0.008168208656885447
Duke,Sacramento State,0.012156793596669498
Duke,Sam Houston,0.011661462177610276
Duke,San Diego State,0.0093955120458563
Duke,San José State,0.00566849738260057
Duke,South Alabama,0.005955592588735569
Duke,South Carolina,0.0066721027252641335
Duke,South Florida,0.007234851872000405
Duke,Southern Miss,0.022906286614823274
Duke,Stanford,0.004284536615047638
Duke,Syracuse,0.006363267285529953
Duke,TCU,0.0036257407657649637
Duke,Temple,0.016140314355617618
Duke,Tennessee,0.005765550394954231
Duke,Texas,0.008013060542217168
Duke,Texas A&M,0.012691394283889565
Duke,Texas State,0.004618394600429471
Duke,Texas Tech,0.006184395535230149
Duke,Toledo,0.016274348809370617
Duke,Troy,0.004022143277000616
Duke,Tulane,0.0027704301708072437
Duke,Tulsa,0.018586066655576678
Duke,UAB,0.0026964373924929525
Duke,UCF,0.018215121128272886
Duke,UCLA,0.003939091419809362
Duke,UConn,0.011759970682690602
Duke,UL Monroe,0.01643349110549835
Duke,UNLV,0.008450354304491797
Duke,USC,0.008833508684210158
Duke,UTEP,0.0032149057475054908
Duke,UTSA,0.004989665519243698
Duke,Utah,0.004089690301784266
Duke,Utah State,0.0116475648463131
Duke,Vanderbilt,0.0105048413584208
Duke,Virginia,0.005606924181486326
Duke,Virginia Tech,0.011413988303382335
Duke,Wake Forest,0.005008675625755302
Duke,Washington,0.011770321368082318
Duke,Washington State,0.017853009503571497
Duke,West Virginia,0.00698705238214319
Duke,Western Kentucky,0.016395269378888244
Duke,Western Michigan,0.009879622920783482
Duke,Wisconsin,0.008676534322637179
Duke,Wyoming,0.0036795870209839114
East Carolina,Air Force,0.013238310164394983
East Carolina,Akron,0.015344377138876247
East Carolina,Alabama,0.02235668376125824
East Carolina,App State,0.017710872459050814
East Carolina,Arizona,0.010754052183577672
East Carolina,Arizona State,0.018372721121808266
East Carolina,Arkansas,0.012278334605616604
East Carolina,Arkansas State,0.011500347338918146
East Carolina,Army,0.01222302672326848
East Carolina,Auburn,0.013523334904628773
East Carolina,BYU,0.010228583748193257
East Carolina,Ball State,0.017079199634030602
East Carolina,Baylor,0.01582464629032791
East Carolina,Boise State,0.008400200103106058
East Carolina,Boston College,0.01397522037780066
East Carolina,Bowling Green,0.01469587133200147
East Carolina,Buffalo,0.01754728536216918
East Carolina,California,0.023517555369435894
East Carolina,Central Michigan,0.016291504142727155
East Carolina,Charlotte,0.010188357930433291
East Carolina,Cincinnati,0.019350720487126362
East Carolina,Clemson,0.01300361434386876
East Carolina,Coastal Carolina,0.013590939123141124
East Carolina,Colorado,0.011397794131601857
East Carolina,Colorado State,0.016595868319989805
East Carolina,Delaware,0.016614627909803475
East Carolina,Duke,0.01823204585959118
East Carolina,Eastern Michigan,0.014228760148773617
East Carolina,Florida,0.014790357842895042
East Carolina,Florida Atlantic,0.019358543527158344
East Carolina,Florida International,0.015028399933685278
East Carolina,Florida State,0.010170657166917165
East Carolina,Fresno State,0.011293661747660309
East Carolina,Georgia,0.011922818245801882
East Carolina,Georgia Southern,0.022114417965000674
East Carolina,Georgia State,0.016977369041579263
East Carolina,Georgia Tech,0.013757435617192856
East Carolina,Hawai'i,0.01238357936905174
East Carolina,Houston,0.012829782580690062
East Carolina,Illinois,0.014249641356214102
East Carolina,Indiana,0.013401062935220765
East Carolina,Iowa,0.01300233309590488
East Carolina,Iowa State,0.01718196936170297
East Carolina,Jacksonville State,0.013745965382544937
East Carolina,James Madison,0.011559208335425489
East Carolina,Kansas,0.0102799129583345
East Carolina,Kansas State,0.01660546996502636
East Carolina,Kennesaw State,0.012269153529957819
East Carolina,Kent State,0.02221497313790559
East Carolina,Kentucky,0.01717009866741155
East Carolina,LSU,0.026000462677890704
East Carolina,Liberty,0.013016880519159025
East Carolina,Louisiana,0.008057568107329615
East Carolina,Louisiana Tech,0.022146081527674895
East Carolina,Louisville,0.014298683652531993
East Carolina,Marshall,0.012756678987657661
East Carolina,Maryland,0.013148507714893303
East Carolina,Massachusetts,0.013264742875709579
East Carolina,Memphis,0.030132248105237035
East Carolina,Miami,0.01567733924935809
East Carolina,Miami (OH),0.013976072457121624
East Carolina,Michigan,0.015930488799338505
East Carolina,Michigan State,0.010859034560775933
East Carolina,Middle Tennessee,0.01735582309709691
East Carolina,Minnesota,0.01460346868463432
East Carolina,Mississippi State,0.015795281384635373
East Carolina,Missouri,0.015955474728250825
East Carolina,Missouri State,0.01796829506578481
East Carolina,NC State,0.017539091645046977
East Carolina,Navy,0.0069566523828952405
East Carolina,Nebraska,0.017790954902653554
East Carolina,Nevada,0.021154523088538355
East Carolina,New Mexico,0.01982392424020207
East Carolina,New Mexico State,0.013983720504869799
East Carolina,North Carolina,0.018224857312587748
East Carolina,North Dakota State,0.0195938630182971
East Carolina,North Texas,0.024611747552695535
East Carolina,Northern Illinois,0.014836310086610365
East Carolina,Northwestern,0.013987051616956224
East Carolina,Notre Dame,0.017309236341455144
East Carolina,Ohio,0.007595602141044337
East Carolina,Ohio State,0.014714438968362043
East Carolina,Oklahoma,0.013449432352754176
East Carolina,Oklahoma State,0.0204866857219729
East Carolina,Old Dominion,0.010942942757516592
East Carolina,Ole Miss,0.01642791281478577
East Carolina,Oregon,0.022169047606714256
East Carolina,Oregon State,0.007812404836947707
East Carolina,Penn State,0.01493651247783587
East Carolina,Pittsburgh,0.01224877001890839
East Carolina,Purdue,0.012743729031911597
East Carolina,Rice,0.0145591764782057
East Carolina,Rutgers,0.013812581402327759
East Carolina,SMU,0.011250525553765791
East Carolina,Sacramento State,0.01719975961487374
East Carolina,Sam Houston,0.017537991368814673
East Carolina,San Diego State,0.013520450449838546
East Carolina,San José State,0.018787080565871885
East Carolina,South Alabama,0.012996556921991477
East Carolina,South Carolina,0.00952888196652758
East Carolina,South Florida,0.015238735267409959
East Carolina,Southern Miss,0.019557294111440637
East Carolina,Stanford,0.011808539111255553
East Carolina,Syracuse,0.019481850468801267
East Carolina,TCU,0.010909652972034178
East Carolina,Temple,0.016689739228063275
East Carolina,Tennessee,0.016479691384202702
East Carolina,Texas,0.006236893772026684
East Carolina,Texas A&M,0.011300144614411532
East Carolina,Texas State,0.011235741359648065
East Carolina,Texas Tech,0.010730962064575127
East Carolina,Toledo,0.019303204851483305
East Carolina,Troy,0.014871352955093875
East Carolina,Tulane,0.013244499052247862
East Carolina,Tulsa,0.015237074152194042
East Carolina,UAB,0.015699630920686863
East Carolina,UCF,0.01486612862489025
East Carolina,UCLA,0.016122638087503832
East Carolina,UConn,0.013936640389431706
East Carolina,UL Monroe,0.019782483608880987
East Carolina,UNLV,0.015931222143487432
East Carolina,USC,0.010116370310283885
East Carolina,UTEP,0.009903677435765826
East Carolina,UTSA,0.013176806761721557
East Carolina,Utah,0.012153936944826896
East Carolina,Utah State,0.01318919228393691
East Carolina,Vanderbilt,0.014690680694481612
East Carolina,Virginia,0.016120263128746305
East Carolina,Virginia Tech,0.014371961462516847
East Carolina,Wake Forest,0.011946686560824229
East Carolina,Washington,0.015653325099988395
East Carolina,Washington State,0.014562176899332892
East Carolina,West Virginia,0.011209158728615883
East Carolina,Western Kentucky,0.01974426188227088
East Carolina,Western Michigan,0.014801914466153388
East Carolina,Wisconsin,0.017311170661925723
East Carolina,Wyoming,0.010487587282190021
Eastern Michigan,Air Force,0.022512791190340855
Eastern Michigan,Akron,0.019438480432582308
Eastern Michigan,Alabama,0.03163116478720411
Eastern Michigan,App State,0.026985353484996685
Eastern Michigan,Arizona,0.020028533209523545
Eastern Michigan,Arizona State,0.027647202147754138
Eastern Michigan,Arkansas,0.021552815631562475
Eastern Michigan,Arkansas State,0.018859638950399348
Eastern Michigan,Army,0.02149750774921435
Eastern Michigan,Auburn,0.019951026495204572
Eastern Michigan,BYU,0.01950306477413913
Eastern Michigan,Ball State,0.026353680659976474
Eastern Michigan,Baylor,0.02509912731627378
Eastern Michigan,Boise State,0.01767468112905193
Eastern Michigan,Boston College,0.02324970140374653
Eastern Michigan,Bowling Green,0.023970352357947342
Eastern Michigan,Buffalo,0.02682176638811505
Eastern Michigan,California,0.02988277831427746
Eastern Michigan,Central Michigan,0.025565985168673026
Eastern Michigan,Charlotte,0.019462838956379163
Eastern Michigan,Cincinnati,0.02460677648803192
Eastern Michigan,Clemson,0.02227809536981463
Eastern Michigan,Coastal Carolina,0.02314633982765489
Eastern Michigan,Colorado,0.02067227515754773
Eastern Michigan,Colorado State,0.025870349345935677
Eastern Michigan,Delaware,0.025889108935749347
Eastern Michigan,Duke,0.02750652688553705
Eastern Michigan,East Carolina,0.016144591312143325
Eastern Michigan,Florida,0.024064838868840914
Eastern Michigan,Florida Atlantic,0.026698751805650067
Eastern Michigan,Florida International,0.024302880959631148
Eastern Michigan,Florida State,0.015541518582781886
Eastern Michigan,Fresno State,0.01568827754269764
Eastern Michigan,Georgia,0.021197299271747752
Eastern Michigan,Georgia Southern,0.031388898990946545
Eastern Michigan,Georgia State,0.026251850067525135
Eastern Michigan,Georgia Tech,0.023031916643138726
Eastern Michigan,Hawai'i,0.02165806039499761
Eastern Michigan,Houston,0.02210426360663593
Eastern Michigan,Illinois,0.023524122382159972
Eastern Michigan,Indiana,0.022675543961166635
Eastern Michigan,Iowa,0.02227681412185075
Eastern Michigan,Iowa State,0.026456450387648843
Eastern Michigan,Jacksonville State,0.023020446408490807
Eastern Michigan,James Madison,0.020833689361371362
Eastern Michigan,Kansas,0.020058067652438165
Eastern Michigan,Kansas State,0.02587995099097223
Eastern Michigan,Kennesaw State,0.02154363455590369
Eastern Michigan,Kent State,0.03148945416385146
Eastern Michigan,Kentucky,0.026444579693357423
Eastern Michigan,LSU,0.035274943703836575
Eastern Michigan,Liberty,0.022291361545104898
Eastern Michigan,Louisiana,0.017332049133275487
Eastern Michigan,Louisiana Tech,0.031420562553620766
Eastern Michigan,Louisville,0.02348717333726678
Eastern Michigan,Marshall,0.018398783742627524
Eastern Michigan,Maryland,0.022422988740839173
Eastern Michigan,Massachusetts,0.02253922390165545
Eastern Michigan,Memphis,0.030696221514815318
Eastern Michigan,Miami,0.024951820275303963
Eastern Michigan,Miami (OH),0.023250553483067496
Eastern Michigan,Michigan,0.025204969825284376
Eastern Michigan,Michigan State,0.020133515586721804
Eastern Michigan,Middle Tennessee,0.02663030412304278
Eastern Michigan,Minnesota,0.022195101690389407
Eastern Michigan,Mississippi State,0.025069762410581245
Eastern Michigan,Missouri,0.025229955754196697
Eastern Michigan,Missouri State,0.027242776091730682
Eastern Michigan,NC State,0.02681357267099285
Eastern Michigan,Navy,0.01686620386962253
Eastern Michigan,Nebraska,0.027065435928599425
Eastern Michigan,Nevada,0.030429004114484227
Eastern Michigan,New Mexico,0.02909840526614794
Eastern Michigan,New Mexico State,0.02325820153081567
Eastern Michigan,North Carolina,0.02749933833853362
Eastern Michigan,North Dakota State,0.029914497802055753
Eastern Michigan,North Texas,0.024047774143117248
Eastern Michigan,Northern Illinois,0.024110791112556235
Eastern Michigan,Northwestern,0.023261532642902098
Eastern Michigan,Notre Dame,0.026583717367401016
Eastern Michigan,Ohio,0.015821611769602152
Eastern Michigan,Ohio State,0.023988919994307915
Eastern Michigan,Oklahoma,0.022723913378700045
Eastern Michigan,Oklahoma State,0.02976116674791877
Eastern Michigan,Old Dominion,0.020217423783462463
Eastern Michigan,Ole Miss,0.023125706530878816
Eastern Michigan,Oregon,0.03011017238575425
Eastern Michigan,Oregon State,0.02393826893129268
Eastern Michigan,Penn State,0.024210993503781742
Eastern Michigan,Pittsburgh,0.02152325104485426
Eastern Michigan,Purdue,0.02201821005785747
Eastern Michigan,Rice,0.023833657504151572
Eastern Michigan,Rutgers,0.02048475058423587
Eastern Michigan,SMU,0.020525006579711663
Eastern Michigan,Sacramento State,0.026474240640819612
Eastern Michigan,Sam Houston,0.026812472394760544
Eastern Michigan,San Diego State,0.022794931475784416
Eastern Michigan,San José State,0.028061561591817757
Eastern Michigan,South Alabama,0.02227103794793735
Eastern Michigan,South Carolina,0.01880336299247345
Eastern Michigan,South Florida,0.02451321629335583
Eastern Michigan,Southern Miss,0.026748888773513866
Eastern Michigan,Stanford,0.021083020137201425
Eastern Michigan,Syracuse,0.02875633149474714
Eastern Michigan,TCU,0.02018413399798005
Eastern Michigan,Temple,0.025964220254009147
Eastern Michigan,Tennessee,0.025754172410148574
Eastern Michigan,Texas,0.015511374797972556
Eastern Michigan,Texas A&M,0.021513212871168783
Eastern Michigan,Texas State,0.020510222385593937
Eastern Michigan,Texas Tech,0.01620866867398704
Eastern Michigan,Toledo,0.028577685877429176
Eastern Michigan,Troy,0.024145833981039748
Eastern Michigan,Tulane,0.022518980078193734
Eastern Michigan,Tulsa,0.02253940709934456
Eastern Michigan,UAB,0.024974111946632734
Eastern Michigan,UCF,0.01954109863907739
Eastern Michigan,UCLA,0.025397119113449704
Eastern Michigan,UConn,0.023211121415377577
Eastern Michigan,UL Monroe,0.021055985169278788
Eastern Michigan,UNLV,0.025205703169433304
Eastern Michigan,USC,0.019390851336229756
Eastern Michigan,UTEP,0.019178158461711697
Eastern Michigan,UTSA,0.022451287787667428
Eastern Michigan,Utah,0.021428417970772766
Eastern Michigan,Utah State,0.02246367330988278
Eastern Michigan,Vanderbilt,0.023965161720427484
Eastern Michigan,Virginia,0.025394744154692176
Eastern Michigan,Virginia Tech,0.02364644248846272
Eastern Michigan,Wake Forest,0.0212211675867701
Eastern Michigan,Washington,0.024927806125934267
Eastern Michigan,Washington State,0.023836657925278764
Eastern Michigan,West Virginia,0.01768519994134049
Eastern Michigan,Western Kentucky,0.020308235291849164
Eastern Michigan,Western Michigan,0.024076395492099258
Eastern Michigan,Wisconsin,0.026585651687871595
Eastern Michigan,Wyoming,0.019762068308135892
Florida,Air Force,0.0069589622886821675
Florida,Akron,0.013383120693059341
Florida,Alabama,0.007716685647228886
Florida,App State,0.011871126682320512
Florida,Arizona,0.012678272625963757
Florida,Arizona State,0.006598279585102668
Florida,Arkansas,0.013949938803664966
Florida,Arkansas State,0.011289754725874755
Florida,Army,0.01117431141003225
Florida,Auburn,0.011562078458811867
Florida,BYU,0.0050607784146022875
Florida,Ball State,0.0056967917294484735
Florida,Baylor,0.0014171962132955565
Florida,Boise State,0.006889162059689485
Florida,Boston College,0.008652402784216445
Florida,Bowling Green,0.012106625251961711
Florida,Buffalo,0.0105384581676852
Florida,California,0.0254788118152528
Florida,Central Michigan,0.006294282282625051
Florida,Charlotte,0.005101004232362251
Florida,Cincinnati,0.021311976932943268
Florida,Clemson,0.0039163284896536815
Florida,Coastal Carolina,0.005330319970788129
Florida,Colorado,0.00639950253988851
Florida,Colorado State,0.01239738449764559
Florida,Delaware,0.006498321661997628
Florida,Duke,0.01229194434993831
Florida,East Carolina,0.008419251876598092
Florida,Eastern Michigan,0.0052458807784907776
Florida,Florida Atlantic,0.02131979997297525
Florida,Florida International,0.004825314464021201
Florida,Florida State,0.009057681691506529
Florida,Fresno State,0.009332405301843405
Florida,Georgia,0.0075685957066109226
Florida,Georgia Southern,0.016302645185539946
Florida,Georgia State,0.009631400567647767
Florida,Georgia Tech,0.007667207225617418
Florida,Hawai'i,0.010146260677781335
Florida,Houston,0.009358059851748929
Florida,Illinois,0.012475416764555356
Florida,Indiana,0.01031145358371475
Florida,Iowa,0.005842310198377698
Florida,Iowa State,0.005385618781124139
Florida,Jacksonville State,0.00847549906277666
Florida,James Madison,0.004232821201444546
Florida,Kansas,0.009166937482923864
Florida,Kansas State,0.0013386957297168703
Florida,Kennesaw State,0.003840636303154815
Florida,Kent State,0.014519562130707946
Florida,Kentucky,0.010487755408012491
Florida,LSU,0.01071110051509516
Florida,Liberty,0.004948744961020493
Florida,Louisiana,0.007231794055465929
Florida,Louisiana Tech,0.009877430428680885
Florida,Louisville,0.013185708177121357
Florida,Marshall,0.011643703512247024
Florida,Maryland,0.004823890538586949
Florida,Massachusetts,0.009665846519130364
Florida,Memphis,0.03209350455105394
Florida,Miami,0.008302927649489604
Florida,Miami (OH),0.006717023490318054
Florida,Michigan,0.008832634247790763
Florida,Michigan State,0.008971649446139722
Florida,Middle Tennessee,0.010104621146632416
Florida,Minnesota,0.013583675685252492
Florida,Mississippi State,0.0049437100590925325
Florida,Missouri,0.0019764029975082465
Florida,Missouri State,0.005607724813203515
Florida,NC State,0.012629568204123122
Florida,Navy,0.014178733269321234
Florida,Nebraska,0.016028872070400012
Florida,Nevada,0.008657497604224032
Florida,New Mexico,0.005034520241156899
Florida,New Mexico State,0.005127933516085877
Florida,North Carolina,0.0038159492753770665
Florida,North Dakota State,0.007362674615954344
Florida,North Texas,0.02265049110687863
Florida,Northern Illinois,0.010052493398561131
Florida,Northwestern,0.008101626513239327
Florida,Notre Dame,0.008302939876433275
Florida,Ohio,0.008742231419139263
Florida,Ohio State,0.00506532020087708
Florida,Oklahoma,0.003329931944933601
Florida,Oklahoma State,0.012631842688593676
Florida,Old Dominion,0.008827319277685092
Florida,Ole Miss,0.01617071983584157
Florida,Oregon,0.02413030405253116
Florida,Oregon State,0.007476957325847837
Florida,Penn State,0.005905948178766255
Florida,Pittsburgh,0.006760765557109291
Florida,Purdue,0.004668773123665555
Florida,Rice,0.007083040325975689
Florida,Rutgers,0.015773837848144664
Florida,SMU,0.004038836609029753
Florida,Sacramento State,0.009682357255527456
Florida,Sam Houston,0.008793566030588429
Florida,San Diego State,0.014705760995055842
Florida,San José State,0.0049445717269339115
Florida,South Alabama,0.009608720232598053
Florida,South Carolina,0.006130376427447278
Florida,South Florida,0.012190467372084686
Florida,Southern Miss,0.01759603766562373
Florida,Stanford,0.00924015211513192
Florida,Syracuse,0.005743934056332682
Florida,TCU,0.006152700970419734
Florida,Temple,0.010830065406418076
Florida,Tennessee,0.011075799344153774
Florida,Texas,0.00905246839076886
Florida,Texas A&M,0.007381145334690023
Florida,Texas State,0.0077421117409841225
Florida,Texas Tech,0.00961798658916449
Florida,Toledo,0.010964099860171075
Florida,Troy,0.0076256520884159015
Florida,Tulane,0.005702777712437824
Florida,Tulsa,0.013275817706377136
Florida,UAB,0.007652052892577235
Florida,UCF,0.012904872179073344
Florida,UCLA,0.002529512136890733
Florida,UConn,0.00644972173349106
Florida,UL Monroe,0.021743740054697893
Florida,UNLV,0.013760603253691338
Florida,USC,0.00642024282662779
Florida,UTEP,0.007004280547107437
Florida,UTSA,0.00847699224119038
Florida,Utah,0.00834373883790216
Florida,Utah State,0.006337315897113558
Florida,Vanderbilt,0.015815090307620343
Florida,Virginia,0.006337320052180074
Florida,Virginia Tech,0.006103739354182793
Florida,Wake Forest,0.009964291125839585
Florida,Washington,0.007425997057948965
Florida,Washington State,0.012542760554371955
Florida,West Virginia,0.010096183253205247
Florida,Western Kentucky,0.021705518328087786
Florida,Western Michigan,0.00456937397158394
Florida,Wisconsin,0.01363214982272146
Florida,Wyoming,0.008989835970183454
Florida Atlantic,Air Force,0.03084484415054871
Florida Atlantic,Akron,0.033919154908307256
Florida Atlantic,Alabama,0.021726470553685453
Florida Atlantic,App State,0.02637228185589288
Florida Atlantic,Arizona,0.03332910213136602
Florida Atlantic,Arizona State,0.025710433193135426
Florida Atlantic,Arkansas,0.03180481970932709
Florida Atlantic,Arkansas State,0.03449799639049021
Florida Atlantic,Army,0.03186012759167521
Florida Atlantic,Auburn,0.03340660884568499
Florida Atlantic,BYU,0.03385457056675044
Florida Atlantic,Ball State,0.027003954680913093
Florida Atlantic,Baylor,0.028258508024615783
Florida Atlantic,Boise State,0.035682954211837634
Florida Atlantic,Boston College,0.030107933937143033
Florida Atlantic,Bowling Green,0.02938728298294222
Florida Atlantic,Buffalo,0.026535868952774513
Florida Atlantic,California,0.023474857026612103
Florida Atlantic,Central Michigan,0.027791650172216537
Florida Atlantic,Charlotte,0.0338947963845104
Florida Atlantic,Cincinnati,0.028750858852857643
Florida Atlantic,Clemson,0.031079539971074932
Florida Atlantic,Coastal Carolina,0.030492215191802566
Florida Atlantic,Colorado,0.03268536018334183
Florida Atlantic,Colorado State,0.027487285994953887
Florida Atlantic,Delaware,0.027468526405140217
Florida Atlantic,Duke,0.025851108455352517
Florida Atlantic,East Carolina,0.03721304402874624
Florida Atlantic,Eastern Michigan,0.029854394166170077
Florida Atlantic,Florida,0.02929279647204865
Florida Atlantic,Florida International,0.029054754381258416
Florida Atlantic,Florida State,0.03781611675810768
Florida Atlantic,Fresno State,0.03766935779819192
Florida Atlantic,Georgia,0.03216033606914181
Florida Atlantic,Georgia Southern,0.02196873634994302
Florida Atlantic,Georgia State,0.02710578527336443
Florida Atlantic,Georgia Tech,0.030325718697750838
Florida Atlantic,Hawai'i,0.031699574945891956
Florida Atlantic,Houston,0.03125337173425363
Florida Atlantic,Illinois,0.029833512958729592
Florida Atlantic,Indiana,0.03068209137972293
Florida Atlantic,Iowa,0.031080821219038813
Florida Atlantic,Iowa State,0.02690118495324072
Florida Atlantic,Jacksonville State,0.030337188932398756
Florida Atlantic,James Madison,0.0325239459795182
Florida Atlantic,Kansas,0.03389957826662696
Florida Atlantic,Kansas State,0.027477684349917333
Florida Atlantic,Kennesaw State,0.03181400078498587
Florida Atlantic,Kent State,0.021868181177038103
Florida Atlantic,Kentucky,0.026913055647532144
Florida Atlantic,LSU,0.018082691637052988
Florida Atlantic,Liberty,0.031066273795784666
Florida Atlantic,Louisiana,0.03602558620761408
Florida Atlantic,Louisiana Tech,0.021937072787268794
Florida Atlantic,Louisville,0.029870462003622783
Florida Atlantic,Marshall,0.03495885159826204
Florida Atlantic,Maryland,0.03093464660005039
Florida Atlantic,Massachusetts,0.030818411439234115
Florida Atlantic,Memphis,0.027255547904351807
Florida Atlantic,Miami,0.0284058150655856
Florida Atlantic,Miami (OH),0.030107081857822068
Florida Atlantic,Michigan,0.028152665515605187
Florida Atlantic,Michigan State,0.03322411975416776
Florida Atlantic,Middle Tennessee,0.026727331217846782
Florida Atlantic,Minnesota,0.031162533650500156
Florida Atlantic,Mississippi State,0.02828787293030832
Florida Atlantic,Missouri,0.028127679586692864
Florida Atlantic,Missouri State,0.026114859249158885
Florida Atlantic,NC State,0.026544062669896715
Florida Atlantic,Navy,0.042972525421469385
Florida Atlantic,Nebraska,0.02629219941229014
Florida Atlantic,Nevada,0.022928631226405337
Florida Atlantic,New Mexico,0.024259230074741622
Florida Atlantic,New Mexico State,0.030099433810073895
Florida Atlantic,North Carolina,0.025858297002355944
Florida Atlantic,North Dakota State,0.024489291296646593
Florida Atlantic,North Texas,0.03547371329171013
Florida Atlantic,Northern Illinois,0.02924684422833333
Florida Atlantic,Northwestern,0.030096102697987466
Florida Atlantic,Notre Dame,0.026773917973488548
Florida Atlantic,Ohio,0.03753602357128741
Florida Atlantic,Ohio State,0.02936871534658165
Florida Atlantic,Oklahoma,0.030633721962189518
Florida Atlantic,Oklahoma State,0.023596468592970793
Florida Atlantic,Old Dominion,0.0331402115574271
Florida Atlantic,Ole Miss,0.030231928810010748
Florida Atlantic,Oregon,0.023247462955135315
Florida Atlantic,Oregon State,0.03627074947799599
Florida Atlantic,Penn State,0.02914664183710782
Florida Atlantic,Pittsburgh,0.0318343842960353
Florida Atlantic,Purdue,0.031339425283032095
Florida Atlantic,Rice,0.02952397783673799
Florida Atlantic,Rutgers,0.03287288475665369
Florida Atlantic,SMU,0.0328326287611779
Florida Atlantic,Sacramento State,0.02688339470006995
Florida Atlantic,Sam Houston,0.02654516294612902
Florida Atlantic,San Diego State,0.030562703865105147
Florida Atlantic,San José State,0.025296073749071807
Florida Atlantic,South Alabama,0.031086597392952213
Florida Atlantic,South Carolina,0.03455427234841611
Florida Atlantic,South Florida,0.028844419047533734
Florida Atlantic,Southern Miss,0.026608746567375698
Florida Atlantic,Stanford,0.03227461520368814
Florida Atlantic,Syracuse,0.024601303846142425
Florida Atlantic,TCU,0.033173501342909514
Florida Atlantic,Temple,0.027393415086880417
Florida Atlantic,Tennessee,0.02760346293074099
Florida Atlantic,Texas,0.03784626054291701
Florida Atlantic,Texas A&M,0.03278300970053216
Florida Atlantic,Texas State,0.03284741295529563
Florida Atlantic,Texas Tech,0.037148966666902525
Florida Atlantic,Toledo,0.024779949463460387
Florida Atlantic,Troy,0.029211801359849816
Florida Atlantic,Tulane,0.03083865526269583
Florida Atlantic,Tulsa,0.030818228241545002
Florida Atlantic,UAB,0.02838352339425683
Florida Atlantic,UCF,0.03381653670181217
Florida Atlantic,UCLA,0.02796051622743986
Florida Atlantic,UConn,0.030146513925511986
Florida Atlantic,UL Monroe,0.032301650171610775
Florida Atlantic,UNLV,0.02815193217145626
Florida Atlantic,USC,0.03396678400465981
Florida Atlantic,UTEP,0.03417947687917787
Florida Atlantic,UTSA,0.030906347553222135
Florida Atlantic,Utah,0.031929217370116794
Florida Atlantic,Utah State,0.030893962031006784
Florida Atlantic,Vanderbilt,0.02939247362046208
Florida Atlantic,Virginia,0.027962891186197388
Florida Atlantic,Virginia Tech,0.029711192852426845
Florida Atlantic,Wake Forest,0.03213646775411946
Florida Atlantic,Washington,0.028429829214955297
Florida Atlantic,Washington State,0.0295209774156108
Florida Atlantic,West Virginia,0.03567243539954908
Florida Atlantic,Western Kentucky,0.016867561681385652
Florida Atlantic,Western Michigan,0.029281239848790306
Florida Atlantic,Wisconsin,0.02677198365301797
Florida Atlantic,Wyoming,0.033595567032753675
Florida International,Air Force,0.030412569043845553
Florida International,Akron,0.03000882955114839
Florida International,Alabama,0.03131861899912
Florida International,App State,0.011861117940590077
Florida International,Arizona,0.02709018992011436
Florida International,Arizona State,0.014981457865621266
Florida International,Arkansas,0.027440607707996872
Florida International,Arkansas State,0.019310157509653376
Florida International,Army,0.027422436894800385
Florida International,Auburn,0.028187787316900918
Florida International,BYU,0.024195668053733143
Florida International,Ball State,0.027334207945446533
Florida International,Baylor,0.03113740018096138
Florida International,Boise State,0.01726580030848192
Florida International,Boston College,0.02096917942347998
Florida International,Bowling Green,0.023764197615646354
Florida International,Buffalo,0.03647684313621373
Florida International,California,0.026237283329768084
Florida International,Central Michigan,0.028316158782184547
Florida International,Charlotte,0.02110640999330781
Florida International,Cincinnati,0.02582929682754643
Florida International,Clemson,0.021842272853355507
Florida International,Coastal Carolina,0.03797952438926384
Florida International,Colorado,0.02922260752996928
Florida International,Colorado State,0.018356037689328072
Florida International,Delaware,0.02312403052008668
Florida International,Duke,0.02144854840643108
Florida International,East Carolina,0.026299268674690485
Florida International,Eastern Michigan,0.03177407928780351
Florida International,Florida,0.022621914718590763
Florida International,Florida Atlantic,0.026065337999738893
Florida International,Florida State,0.027954951337766657
Florida International,Fresno State,0.025958114159932454
Florida International,Georgia,0.014925199006744697
Florida International,Georgia Southern,0.032928354043628996
Florida International,Georgia State,0.029277142324038604
Florida International,Georgia Tech,0.030276991857775066
Florida International,Hawai'i,0.027956356879968038
Florida International,Houston,0.016714663151882705
Florida International,Illinois,0.01983202006468913
Florida International,Indiana,0.02657808220899914
Florida International,Iowa,0.02977211367577315
Florida International,Iowa State,0.03518709033429504
Florida International,Jacksonville State,0.021362218139235306
Florida International,James Madison,0.02854988381626426
Florida International,Kansas,0.03489125221404711
Florida International,Kansas State,0.02009779544565854
Florida International,Kennesaw State,0.02421426126064928
Florida International,Kent State,0.01491171376373116
Florida International,Kentucky,0.029202088063483553
Florida International,LSU,0.025036464961194743
Florida International,Liberty,0.024983956582986574
Florida International,Louisiana,0.029392879051310303
Florida International,Louisiana Tech,0.02913093437152112
Florida International,Louisville,0.029235471055512125
Florida International,Marshall,0.0190003068123808
Florida International,Maryland,0.026773771565295226
Florida International,Massachusetts,0.03159559372273661
Florida International,Memphis,0.023718617738536684
Florida International,Miami,0.015659530949623378
Florida International,Miami (OH),0.01920126950292519
Florida International,Michigan,0.02988998262653637
Florida International,Michigan State,0.022563437325523267
Florida International,Middle Tennessee,0.021577082944043598
Florida International,Minnesota,0.024011323427474564
Florida International,Mississippi State,0.01781796095607983
Florida International,Missouri,0.02705414701013394
Florida International,Missouri State,0.027033298279163034
Florida International,NC State,0.027640885752902425
Florida International,Navy,0.031699388431231476
Florida International,Nebraska,0.031053194973209117
Florida International,Nevada,0.02528679903017293
Florida International,New Mexico,0.011591188616932152
Florida International,New Mexico State,0.03571285059321209
Florida International,North Carolina,0.02982435482758496
Florida International,North Dakota State,0.044747682363664706
Florida International,North Texas,0.03927619996496768
Florida International,Northern Illinois,0.030227829048742678
Florida International,Northwestern,0.028050109144706972
Florida International,Notre Dame,0.028031943893893577
Florida International,Ohio,0.020968558382909327
Florida International,Ohio State,0.02510825117490322
Florida International,Oklahoma,0.024522898866068288
Florida International,Oklahoma State,0.031780991866726865
Florida International,Old Dominion,0.025453028135774144
Florida International,Ole Miss,0.026015364511940208
Florida International,Oregon,0.025999487386540683
Florida International,Oregon State,0.03877145349290163
Florida International,Penn State,0.025858524991877255
Florida International,Pittsburgh,0.023386474415198342
Florida International,Purdue,0.02389906638094965
Florida International,Rice,0.023660713743495685
Florida International,Rutgers,0.022178154828002977
Florida International,SMU,0.023341608838785673
Florida International,Sacramento State,0.02883741400369773
Florida International,Sam Houston,0.027554028014243497
Florida International,San Diego State,0.009055992499098565
Florida International,San José State,0.029384832777668006
Florida International,South Alabama,0.02182534618746731
Florida International,South Carolina,0.01798756263415364
Florida International,South Florida,0.03160064937395769
Florida International,Southern Miss,0.03422174652371278
Florida International,Stanford,0.016596755415265695
Florida International,Syracuse,0.013100537356466456
Florida International,TCU,0.014941200674654473
Florida International,Temple,0.027455774264507127
Florida International,Tennessee,0.023238450149366735
Florida International,Texas,0.019328520451106675
Florida International,Texas A&M,0.02400685419277907
Florida International,Texas State,0.031030752805307663
Florida International,Texas Tech,0.016974589889298265
Florida International,Toledo,0.027589808718260125
Florida International,Troy,0.031803082053203494
Florida International,Tulane,0.025010508605395637
Florida International,Tulsa,0.029901526564466187
Florida International,UAB,0.025505898744398344
Florida International,UCF,0.031098625901909115
Florida International,UCLA,0.031036325029598143
Florida International,UConn,0.023075430591580112
Florida International,UL Monroe,0.016752525851090168
Florida International,UNLV,0.027679459972753475
Florida International,USC,0.026440107046703826
Florida International,UTEP,0.014360883847241213
Florida International,UTSA,0.025115345580753262
Florida International,Utah,0.026622145636293414
Florida International,Utah State,0.0327705544908556
Florida International,Vanderbilt,0.030806027765189665
Florida International,Virginia,0.016922384090375834
Florida International,Virginia Tech,0.022729448212271845
Florida International,Wake Forest,0.01732089442597336
Florida International,Washington,0.023085781276971827
Florida International,Washington State,0.029168469412461005
Florida International,West Virginia,0.020793886394059692
Florida International,Western Kentucky,0.018462546022017592
Florida International,Western Michigan,0.02119508282967299
Florida International,Wisconsin,0.02923950336977971
Florida International,Wyoming,0.03143006184581288
Florida State,Air Force,0.0162621986864264
Florida State,Akron,0.02108154337964408
Florida State,Alabama,0.0138234002987538
Florida State,App State,0.011594570196102874
Florida State,Arizona,0.015812908263526205
Florida State,Arizona State,0.009500805251456508
Florida State,Arkansas,0.008255873531026976
Florida State,Arkansas State,0.014076788467812077
Florida State,Army,0.007107880288385668
Florida State,Auburn,0.019260501145396607
Florida State,BYU,0.016327233677089152
Florida State,Ball State,0.010402293107110702
Florida State,Baylor,0.01573019548757726
Florida State,Boise State,0.010259853983251235
Florida State,Boston College,0.012417766553985472
Florida State,Bowling Green,0.0096227483618191
Florida State,Buffalo,0.01823688085426994
Florida State,California,0.01778038912866806
Florida State,Central Michigan,0.011110779547742441
Florida State,Charlotte,0.024202333677811196
Florida State,Cincinnati,0.013613554246358526
Florida State,Clemson,0.018133046025095516
Florida State,Coastal Carolina,0.010768764865771047
Florida State,Colorado,0.01409792522647325
Florida State,Colorado State,0.015030908288137381
Florida State,Delaware,0.014196744348582369
Florida State,Duke,0.012521262234926769
Florida State,East Carolina,0.012038318528974358
Florida State,Eastern Michigan,0.012214023556792025
Florida State,Florida,0.011951978846991083
Florida State,Florida Atlantic,0.013621377286390509
Florida State,Florida International,0.012523737150605941
Florida State,Fresno State,0.017030827988428147
Florida State,Georgia,0.008530489129948254
Florida State,Georgia Southern,0.024001067872124686
Florida State,Georgia State,0.009148341787867035
Florida State,Georgia Tech,0.013344142409419061
Florida State,Hawai'i,0.01337857849568151
Florida State,Houston,0.006741024984810247
Florida State,Illinois,0.01521823427153723
Florida State,Indiana,0.00878778696516995
Florida State,Iowa,0.011278009463457033
Florida State,Iowa State,0.010713466055435036
Florida State,Jacksonville State,0.01372289890468239
Florida State,James Madison,0.01186626363511463
Florida State,Kansas,0.013401350471688715
Florida State,Kansas State,0.014760389106842305
Florida State,Kennesaw State,0.01225844853340436
Florida State,Kent State,0.008543974372961791
Florida State,Kentucky,0.0075652047862959
Florida State,LSU,0.016109178789690433
Florida State,Liberty,0.011150339875538684
Florida State,Louisiana,0.015054061026842955
Florida State,Louisiana Tech,0.017575853115265626
Florida State,Louisville,0.006634811578467291
Florida State,Marshall,0.00859369693719351
Florida State,Maryland,0.011275194297972226
Florida State,Massachusetts,0.017364269205715106
Florida State,Memphis,0.0243950818644692
Florida State,Miami,0.007796157187069571
Florida State,Miami (OH),0.01027398333142088
Florida State,Michigan,0.017320823013095357
Florida State,Michigan State,0.012349401982230685
Florida State,Middle Tennessee,0.01180986303342186
Florida State,Minnesota,0.009375622549990891
Florida State,Mississippi State,0.011155374777466642
Florida State,Missouri,0.01412268183905093
Florida State,Missouri State,0.013306147499788255
Florida State,NC State,0.010904631514268204
Florida State,Navy,0.016607370760400853
Florida State,Nebraska,0.008850553853958658
Florida State,Nevada,0.010581740404358593
Florida State,New Mexico,0.012341734642406814
Florida State,New Mexico State,0.013963669631759854
Florida State,North Carolina,0.012283135561182108
Florida State,North Dakota State,0.011360736386199248
Florida State,North Texas,0.03034891379346337
Florida State,Northern Illinois,0.02197504913456204
Florida State,Northwestern,0.00812344387411099
Florida State,Notre Dame,0.010431384993722231
Florida State,Ohio,0.012418387594556126
Florida State,Ohio State,0.012414004066528516
Florida State,Oklahoma,0.012769152891625574
Florida State,Oklahoma State,0.006530783632434589
Florida State,Old Dominion,0.016525741964269834
Florida State,Ole Miss,0.008472297149256831
Florida State,Oregon,0.01643188136594642
Florida State,Oregon State,0.018925736353563493
Florida State,Penn State,0.012099930840432881
Florida State,Pittsburgh,0.014459188243694032
Florida State,Purdue,0.01143031171289362
Florida State,Rice,0.00972623223396977
Florida State,Rutgers,0.011208791149462476
Florida State,SMU,0.015936128886808548
Florida State,Sacramento State,0.014544967334054696
Florida State,Sam Houston,0.02280493151408517
Florida State,San Diego State,0.014399695637594386
Florida State,San José State,0.011154513109625263
Florida State,South Alabama,0.011561599789998142
Florida State,South Carolina,0.009968708409111897
Florida State,South Florida,0.005842197557223814
Florida State,Southern Miss,0.025294460352208472
Florida State,Stanford,0.006858932721427256
Florida State,Syracuse,0.010355150780226495
Florida State,TCU,0.009946383866139441
Florida State,Temple,0.018528488093002816
Florida State,Tennessee,0.016633926408792018
Florida State,Texas,0.011584971427390487
Florida State,Texas A&M,0.020858933675961134
Florida State,Texas State,0.008356973095575053
Florida State,Texas Tech,0.010783812005833995
Florida State,Toledo,0.018662522546755815
Florida State,Troy,0.008473432748143274
Florida State,Tulane,0.01039630712412135
Florida State,Tulsa,0.020974240392961876
Florida State,UAB,0.008447031943981942
Florida State,UCF,0.020603294865658085
Florida State,UCLA,0.013569572699668443
Florida State,UConn,0.0141481444200758
Florida State,UL Monroe,0.016634420126375286
Florida State,UNLV,0.012587862086887402
Florida State,USC,0.011221682421595356
Florida State,UTEP,0.009094804289451738
Florida State,UTSA,0.016133134855718594
Florida State,Utah,0.01523315963825916
Florida State,Utah State,0.0177531811885883
Florida State,Vanderbilt,0.016687028035991338
Florida State,Virginia,0.0097617647843791
Florida State,Virginia Tech,0.013802162040767533
Florida State,Wake Forest,0.006134793710719591
Florida State,Washington,0.014158495105467517
Florida State,Washington State,0.020241183240956695
Florida State,West Virginia,0.012593059583405765
Florida State,Western Kentucky,0.014007095641503046
Florida State,Western Michigan,0.01374343458792136
Florida State,Wisconsin,0.004147442607685745
Florida State,Wyoming,0.0076383230078930255
Fresno State,Air Force,0.013085354639352736
Fresno State,Akron,0.03342743762109424
Fresno State,Alabama,0.026169294540203964
Fresno State,App State,0.008514428616443295
Fresno State,Arizona,0.015471248891916436
Fresno State,Arizona State,0.018400065935567117
Fresno State,Arkansas,0.013946966469877505
Fresno State,Arkansas State,0.01664014315104063
Fresno State,Army,0.01400227435222563
Fresno State,Auburn,0.03160639538684677
Fresno State,BYU,0.017142128363530892
Fresno State,Ball State,0.02239630905655139
Fresno State,Baylor,0.02146151314133046
Fresno State,Boise State,0.020684408378427773
Fresno State,Boston College,0.02249465717105624
Fresno State,Bowling Green,0.01818968252006127
Fresno State,Buffalo,0.030582775095720105
Fresno State,California,0.005617003787162519
Fresno State,Central Michigan,0.013750034645409852
Fresno State,Charlotte,0.024525018063253665
Fresno State,Cincinnati,0.010893005613408061
Fresno State,Clemson,0.016127988438381223
Fresno State,Coastal Carolina,0.017111910045662745
Fresno State,Colorado,0.026443819467923416
Fresno State,Colorado State,0.009629432755504303
Fresno State,Delaware,0.02654263859003253
Fresno State,Duke,0.024867156476376932
Fresno State,East Carolina,0.02129519603713742
Fresno State,Eastern Michigan,0.014798436149544125
Fresno State,Florida,0.013254635067167534
Fresno State,Florida Atlantic,0.008801030295789915
Fresno State,Florida International,0.024869631392056106
Fresno State,Florida State,0.019958263518658093
Fresno State,Georgia,0.01801192176848248
Fresno State,Georgia Southern,0.03634696211357485
Fresno State,Georgia State,0.010412916360387135
Fresno State,Georgia Tech,0.012467865458301253
Fresno State,Hawai'i,0.01384172170644237
Fresno State,Houston,0.017227756596413315
Fresno State,Illinois,0.012948644284725398
Fresno State,Indiana,0.012824238140273343
Fresno State,Iowa,0.023623903704907197
Fresno State,Iowa State,0.018352971600248014
Fresno State,Jacksonville State,0.012479335692949171
Fresno State,James Madison,0.022095034680893112
Fresno State,Kansas,0.025747244713138877
Fresno State,Kansas State,0.021281332728722076
Fresno State,Kennesaw State,0.018123672356739916
Fresno State,Kent State,0.008028337983767425
Fresno State,Kentucky,0.009556561520022412
Fresno State,LSU,0.028455073031140594
Fresno State,Liberty,0.01700351019451959
Fresno State,Louisiana,0.024088326954287212
Fresno State,Louisiana Tech,0.029921747356715787
Fresno State,Louisville,0.018980705819917454
Fresno State,Marshall,0.01723397304389138
Fresno State,Maryland,0.022435528474038326
Fresno State,Massachusetts,0.029710163447165268
Fresno State,Memphis,0.012049187623019037
Fresno State,Miami,0.01742705570028688
Fresno State,Miami (OH),0.022619877572871046
Fresno State,Michigan,0.011211682680244141
Fresno State,Michigan State,0.015366266514718178
Fresno State,Middle Tennessee,0.022533424852715152
Fresno State,Minnesota,0.013963720729393725
Fresno State,Mississippi State,0.021236569026025685
Fresno State,Missouri,0.021026585478218188
Fresno State,Missouri State,0.02565204174123842
Fresno State,NC State,0.023250525755718367
Fresno State,Navy,0.0251146721820198
Fresno State,Nebraska,0.008434346172840557
Fresno State,Nevada,0.022927634645808756
Fresno State,New Mexico,0.015009796686878005
Fresno State,New Mexico State,0.014916383411949027
Fresno State,North Carolina,0.023313080578095953
Fresno State,North Dakota State,0.015641898322066587
Fresno State,North Texas,0.04269480803491353
Fresno State,Northern Illinois,0.011388990988883744
Fresno State,Northwestern,0.012238249458537884
Fresno State,Notre Dame,0.022777279235172393
Fresno State,Ohio,0.01967817033183783
Fresno State,Ohio State,0.014978996727157825
Fresno State,Oklahoma,0.023020463965336857
Fresno State,Oklahoma State,0.01887667787388475
Fresno State,Old Dominion,0.028871636205719996
Fresno State,Ole Miss,0.015788164859545175
Fresno State,Oregon,0.011414021250629652
Fresno State,Oregon State,0.022194218829182995
Fresno State,Penn State,0.014138368749268649
Fresno State,Pittsburgh,0.026805082485144197
Fresno State,Purdue,0.02036431198718861
Fresno State,Rice,0.019372795005795578
Fresno State,Rutgers,0.01501503151720411
Fresno State,SMU,0.02290227663572081
Fresno State,Sacramento State,0.02689086157550486
Fresno State,Sam Houston,0.011250750897446475
Fresno State,San Diego State,0.012704850625655562
Fresno State,San José State,0.015454920492351726
Fresno State,South Alabama,0.01882385365697423
Fresno State,South Carolina,0.021406170704099496
Fresno State,South Florida,0.018188091798673978
Fresno State,Southern Miss,0.03764035459365864
Fresno State,Stanford,0.018747617756537202
Fresno State,Syracuse,0.0159370952506502
Fresno State,TCU,0.018359808744600324
Fresno State,Temple,0.030874382334452978
Fresno State,Tennessee,0.009745609691291408
Fresno State,Texas,0.02274712852105253
Fresno State,Texas A&M,0.027425462262724926
Fresno State,Texas State,0.01935246257926483
Fresno State,Texas Tech,0.019291113427452943
Fresno State,Toledo,0.031008416788205977
Fresno State,Troy,0.013862624751130146
Fresno State,Tulane,0.016102972767416842
Fresno State,Tulsa,0.03332013463441204
Fresno State,UAB,0.016771890888537134
Fresno State,UCF,0.03294918910710825
Fresno State,UCLA,0.018673159398644723
Fresno State,UConn,0.026494038661525963
Fresno State,UL Monroe,0.01444379693216119
Fresno State,UNLV,0.010294078932006677
Fresno State,USC,0.02356757666304552
Fresno State,UTEP,0.016321623639728285
Fresno State,UTSA,0.013048494313772552
Fresno State,Utah,0.014071364130667213
Fresno State,Utah State,0.026381632825148462
Fresno State,Vanderbilt,0.011534620381012496
Fresno State,Virginia,0.02034099216032169
Fresno State,Virginia Tech,0.026148056282217697
Fresno State,Wake Forest,0.01427861451466988
Fresno State,Washington,0.02650438934691768
Fresno State,Washington State,0.03258707748240686
Fresno State,West Virginia,0.018957600176593925
Fresno State,Western Kentucky,0.01157917024205386
Fresno State,Western Michigan,0.024613690899618845
Fresno State,Wisconsin,0.014105377342891502
Fresno State,Wyoming,0.01573771379330409
Georgia,Air Force,0.008638095563174488
Georgia,Akron,0.018894481377443397
Georgia,Alabama,0.0165178950602706
Georgia,App State,0.013305724053498015
Georgia,Arizona,0.010714755460412877
Georgia,Arizona State,0.01539948899814438
Georgia,Arkansas,0.016644420718573912
Georgia,Arkansas State,0.019188581276549224
Georgia,Army,0.017792413961215222
Georgia,Auburn,0.013525595624362747
Georgia,BYU,0.008573060572511736
Georgia,Ball State,0.014498001142490186
Georgia,Baylor,0.00917009876202363
Georgia,Boise State,0.014640440266349653
Georgia,Boston College,0.017453612197258158
Georgia,Bowling Green,0.020907834665003424
Georgia,Buffalo,0.017079856398907606
Georgia,California,0.02351529464970192
Georgia,Central Michigan,0.013789514701858447
Georgia,Charlotte,0.012466758723261279
Georgia,Cincinnati,0.019348459767392384
Georgia,Clemson,0.006767248224505373
Georgia,Coastal Carolina,0.014131529383829841
Georgia,Colorado,0.013559203913536105
Georgia,Colorado State,0.013881776427807791
Georgia,Delaware,0.012610375197157613
Georgia,Duke,0.021093153762980023
Georgia,East Carolina,0.01286197572062653
Georgia,Eastern Michigan,0.012686270692808864
Georgia,Florida,0.012948315402609805
Georgia,Florida Atlantic,0.01935628280742437
Georgia,Florida International,0.01252439699830617
Georgia,Florida State,0.017858891104548243
Georgia,Fresno State,0.01605125942289254
Georgia,Georgia Southern,0.018266162351090826
Georgia,Georgia State,0.015751952461733852
Georgia,Georgia Tech,0.011556151840181828
Georgia,Hawai'i,0.011521715753919378
Georgia,Houston,0.018159269264790643
Georgia,Illinois,0.02127662617759707
Georgia,Indiana,0.01611250728443094
Georgia,Iowa,0.01464351961141941
Georgia,Iowa State,0.014186828194165852
Georgia,Jacksonville State,0.011177395344918498
Georgia,James Madison,0.013034030614486259
Georgia,Kansas,0.017968146895965577
Georgia,Kansas State,0.010139905142758584
Georgia,Kennesaw State,0.012641845716196528
Georgia,Kent State,0.016356319876639096
Georgia,Kentucky,0.01733508946330499
Georgia,LSU,0.011177905028336248
Georgia,Liberty,0.013749954374062205
Georgia,Louisiana,0.009846233222757933
Georgia,Louisiana Tech,0.01228870822825719
Georgia,Louisville,0.02198691759016307
Georgia,Marshall,0.020444912925288737
Georgia,Maryland,0.013625099951628663
Georgia,Massachusetts,0.011629363684681244
Georgia,Memphis,0.03012998738550306
Georgia,Miami,0.01710413706253132
Georgia,Miami (OH),0.015518232903359767
Georgia,Michigan,0.007579471236505533
Georgia,Michigan State,0.012550892267370203
Georgia,Middle Tennessee,0.01890583055967413
Georgia,Minnesota,0.022291702622265396
Georgia,Mississippi State,0.013744919472134246
Georgia,Missouri,0.01077761241054996
Georgia,Missouri State,0.01205932746877116
Georgia,NC State,0.021430777617164835
Georgia,Navy,0.014644886320526317
Georgia,Nebraska,0.01604974039564223
Georgia,Nevada,0.017458707017265745
Georgia,New Mexico,0.012558559607194075
Georgia,New Mexico State,0.010936624617841034
Georgia,North Carolina,0.01261715868841878
Georgia,North Dakota State,0.01616388402899606
Georgia,North Texas,0.02461400827242951
Georgia,Northern Illinois,0.008088976233010251
Georgia,Northwestern,0.0167768503754899
Georgia,Notre Dame,0.017104149289474988
Georgia,Ohio,0.015283836078675414
Georgia,Ohio State,0.012486290183072372
Georgia,Oklahoma,0.012131141357975314
Georgia,Oklahoma State,0.02143305210163539
Georgia,Old Dominion,0.013516285583020227
Georgia,Ole Miss,0.024116146752416846
Georgia,Oregon,0.02216678688698028
Georgia,Oregon State,0.0059745578960373955
Georgia,Penn State,0.012800363409168007
Georgia,Pittsburgh,0.014651727661867812
Georgia,Purdue,0.013469982536707269
Georgia,Rice,0.015884249739017402
Georgia,Rutgers,0.02103616748416927
Georgia,SMU,0.008964165362792341
Georgia,Sacramento State,0.01848356666856917
Georgia,Sam Houston,0.0068300488650375486
Georgia,San Diego State,0.012742243829504962
Georgia,San José State,0.013745781139975625
Georgia,South Alabama,0.018409929645639766
Georgia,South Carolina,0.014931585840488992
Georgia,South Florida,0.0209916767851264
Georgia,Southern Miss,0.01955955483117461
Georgia,Stanford,0.018041361528173632
Georgia,Syracuse,0.014545143469374393
Georgia,TCU,0.014953910383461447
Georgia,Temple,0.013828916136165957
Georgia,Tennessee,0.009112282178602894
Georgia,Texas,0.013315322822210401
Georgia,Texas A&M,0.009344662500240903
Georgia,Texas State,0.016543321154025837
Georgia,Texas Tech,0.018419196002206203
Georgia,Toledo,0.018698871971754336
Georgia,Troy,0.016426861501457612
Georgia,Tulane,0.014503987125479538
Georgia,Tulsa,0.015239334871928016
Georgia,UAB,0.016453262305618947
Georgia,UCF,0.014868389344624224
Georgia,UCLA,0.011330721549932445
Georgia,UConn,0.012501733927710524
Georgia,UL Monroe,0.019780222889147013
Georgia,UNLV,0.012312432162713487
Georgia,USC,0.015221452239669503
Georgia,UTEP,0.01580548996014915
Georgia,UTSA,0.008767159393882297
Georgia,Utah,0.009667134611341728
Georgia,Utah State,0.008300833062664438
Georgia,Vanderbilt,0.013851573142069463
Georgia,Virginia,0.015138529465221788
Georgia,Virginia Tech,0.008067256519733673
Georgia,Wake Forest,0.018765500538881298
Georgia,Washington,0.016227206470990678
Georgia,Washington State,0.014506277719922835
Georgia,West Virginia,0.01889739266624696
Georgia,Western Kentucky,0.019907152134925533
Georgia,Western Michigan,0.011156859661679529
Georgia,Wisconsin,0.022433359235763173
Georgia,Wyoming,0.017261971241707863
Georgia Southern,Air Force,0.016379980092128016
Georgia Southern,Akron,0.022342807193561118
Georgia Southern,Alabama,0.015084664112670836
Georgia Southern,App State,0.01171235160180449
Georgia Southern,Arizona,0.01593068966922782
Georgia Southern,Arizona State,0.009618586657158123
Georgia Southern,Arkansas,0.008373654936728592
Georgia Southern,Arkansas State,0.008487848862694877
Georgia Southern,Army,0.007225661694087284
Georgia Southern,Auburn,0.020521764959313644
Georgia Southern,BYU,0.016445015082790768
Georgia Southern,Ball State,0.011311678629018267
Georgia Southern,Baylor,0.015847976893278874
Georgia Southern,Boise State,0.01037763538895285
Georgia Southern,Boston College,0.011410026743523115
Georgia Southern,Bowling Green,0.007105052092528142
Georgia Southern,Buffalo,0.019498144668186976
Georgia Southern,California,0.016519125314751023
Georgia Southern,Central Michigan,0.011228560953444057
Georgia Southern,Charlotte,0.013440387635720537
Georgia Southern,Cincinnati,0.01235229043244149
Georgia Southern,Clemson,0.01825082743079713
Georgia Southern,Coastal Carolina,0.016186734725318827
Georgia Southern,Colorado,0.015359189040390287
Georgia Southern,Colorado State,0.011136299227494713
Georgia Southern,Delaware,0.015458008162499405
Georgia Southern,Duke,0.013782526048843804
Georgia Southern,East Carolina,0.012156099934675974
Georgia Southern,Eastern Michigan,0.01233180496249364
Georgia Southern,Florida,0.012069760252692699
Georgia Southern,Florida Atlantic,0.012360113472473473
Georgia Southern,Florida International,0.015603501406464724
Georgia Southern,Florida State,0.011805969230312338
Georgia Southern,Fresno State,0.01829209180234518
Georgia Southern,Georgia,0.00864827053564987
Georgia Southern,Georgia State,0.00926612319356865
Georgia Southern,Georgia Tech,0.013461923815120676
Georgia Southern,Hawai'i,0.013496359901383126
Georgia Southern,Houston,0.006858806390511863
Georgia Southern,Illinois,0.003823365430934251
Georgia Southern,Indiana,0.008905568370871565
Georgia Southern,Iowa,0.012539273277374068
Georgia Southern,Iowa State,0.013394300670350029
Georgia Southern,Jacksonville State,0.013840680310384006
Georgia Southern,James Madison,0.011984045040816245
Georgia Southern,Kansas,0.014662614285605752
Georgia Southern,Kansas State,0.01487817051254392
Georgia Southern,Kennesaw State,0.012376229939105976
Georgia Southern,Kent State,0.008661755778663406
Georgia Southern,Kentucky,0.007682986191997515
Georgia Southern,LSU,0.017370442603607466
Georgia Southern,Liberty,0.0112681212812403
Georgia Southern,Louisiana,0.015171842432544571
Georgia Southern,Louisiana Tech,0.018837116929182662
Georgia Southern,Louisville,0.007896075392384325
Georgia Southern,Marshall,0.0089487040704667
Georgia Southern,Maryland,0.011392975703673841
Georgia Southern,Massachusetts,0.01862553301963214
Georgia Southern,Memphis,0.023133818050552164
Georgia Southern,Miami,0.007913938592771187
Georgia Southern,Miami (OH),0.011535247145337917
Georgia Southern,Michigan,0.017438604418796973
Georgia Southern,Michigan State,0.0124671833879323
Georgia Southern,Middle Tennessee,0.011448794425182023
Georgia Southern,Minnesota,0.005152386122704819
Georgia Southern,Mississippi State,0.011273156183168258
Georgia Southern,Missouri,0.014240463244752545
Georgia Southern,Missouri State,0.01456741131370529
Georgia Southern,NC State,0.012165895328185239
Georgia Southern,Navy,0.016962377893674045
Georgia Southern,Nebraska,0.009260405309264103
Georgia Southern,Nevada,0.011843004218275627
Georgia Southern,New Mexico,0.012459516048108429
Georgia Southern,New Mexico State,0.01408145103746147
Georgia Southern,North Carolina,0.012400916966883724
Georgia Southern,North Dakota State,0.02295489269971969
Georgia Southern,North Texas,0.031610177607380406
Georgia Southern,Northern Illinois,0.022092830540263654
Georgia Southern,Northwestern,0.008241225279812605
Georgia Southern,Notre Dame,0.011692648807639268
Georgia Southern,Ohio,0.011525876043492072
Georgia Southern,Ohio State,0.012531785472230132
Georgia Southern,Oklahoma,0.01288693429732719
Georgia Southern,Oklahoma State,0.009988202202781848
Georgia Southern,Old Dominion,0.017787005778186867
Georgia Southern,Ole Miss,0.007211033335339795
Georgia Southern,Oregon,0.015170617552029385
Georgia Southern,Oregon State,0.01904351775926511
Georgia Southern,Penn State,0.012217712246134497
Georgia Southern,Pittsburgh,0.015720452057611068
Georgia Southern,Purdue,0.011548093118595235
Georgia Southern,Rice,0.009133825916285102
Georgia Southern,Rutgers,0.006862737228858353
Georgia Southern,SMU,0.016053910292510163
Georgia Southern,Sacramento State,0.015806231147971733
Georgia Southern,Sam Houston,0.022922712919786786
Georgia Southern,San Diego State,0.014517477043296001
Georgia Southern,San José State,0.011272294515326879
Georgia Southern,South Alabama,0.007739223229441102
Georgia Southern,South Carolina,0.010321540276566368
Georgia Southern,South Florida,0.009807859710012683
Georgia Southern,Southern Miss,0.02655572416612551
Georgia Southern,Stanford,0.007662987329004076
Georgia Southern,Syracuse,0.01047293218592811
Georgia Southern,TCU,0.010064165271841057
Georgia Southern,Temple,0.019789751906919853
Georgia Southern,Tennessee,0.016751707814493633
Georgia Southern,Texas,0.011836113015121668
Georgia Southern,Texas A&M,0.02097671508166275
Georgia Southern,Texas State,0.00923796314136265
Georgia Southern,Texas Tech,0.011138819139107185
Georgia Southern,Toledo,0.01992378636067285
Georgia Southern,Troy,0.010010292389258484
Georgia Southern,Tulane,0.010514088529822966
Georgia Southern,Tulsa,0.022235504206878913
Georgia Southern,UAB,0.008564813349683557
Georgia Southern,UCF,0.02186455867957512
Georgia Southern,UCLA,0.013687354105370059
Georgia Southern,UConn,0.015409408233992835
Georgia Southern,UL Monroe,0.012784053554196116
Georgia Southern,UNLV,0.012705643492589017
Georgia Southern,USC,0.012482946235512393
Georgia Southern,UTEP,0.009212585695153354
Georgia Southern,UTSA,0.01625091626142021
Georgia Southern,Utah,0.015350941043960776
Georgia Southern,Utah State,0.017870962594289917
Georgia Southern,Vanderbilt,0.016804809441692953
Georgia Southern,Virginia,0.009879546190080716
Georgia Southern,Virginia Tech,0.015063425854684568
Georgia Southern,Wake Forest,0.006252575116421207
Georgia Southern,Washington,0.015419758919384553
Georgia Southern,Washington State,0.02150244705487373
Georgia Southern,West Virginia,0.009662287871753735
Georgia Southern,Western Kentucky,0.01274583182758601
Georgia Southern,Western Michigan,0.013861215993622975
Georgia Southern,Wisconsin,0.007446713705834697
Georgia Southern,Wyoming,0.009637272181867867
Georgia State,Air Force,0.026265741842947072
Georgia State,Akron,0.02934005260070562
Georgia State,Alabama,0.017147368246083816
Georgia State,App State,0.02179317954829124
Georgia State,Arizona,0.02874999982376438
Georgia State,Arizona State,0.02113133088553379
Georgia State,Arkansas,0.02722571740172545
Georgia State,Arkansas State,0.02991889408288858
Georgia State,Army,0.027281025284073578
Georgia State,Auburn,0.028827506538083355
Georgia State,BYU,0.0292754682591488
Georgia State,Ball State,0.022424852373311453
Georgia State,Baylor,0.023679405717014147
Georgia State,Boise State,0.031103851904235997
Georgia State,Boston College,0.025528831629541397
Georgia State,Bowling Green,0.024808180675340585
Georgia State,Buffalo,0.021956766645172876
Georgia State,California,0.023854195681079285
Georgia State,Central Michigan,0.0232125478646149
Georgia State,Charlotte,0.03683644780246081
Georgia State,Cincinnati,0.024171756545256006
Georgia State,Clemson,0.026500437663473295
Georgia State,Coastal Carolina,0.02591311288420093
Georgia State,Colorado,0.028106257875740198
Georgia State,Colorado State,0.027665022412786996
Georgia State,Delaware,0.02288942409753858
Georgia State,Duke,0.021272006147750877
Georgia State,East Carolina,0.0326339417211446
Georgia State,Eastern Michigan,0.02527529185856844
Georgia State,Florida,0.024713694164447013
Georgia State,Florida Atlantic,0.02207978122763786
Georgia State,Florida International,0.02447565207365678
Georgia State,Florida State,0.033237014450506044
Georgia State,Fresno State,0.03309025549059029
Georgia State,Georgia,0.027581233761540175
Georgia State,Georgia Southern,0.01792726131971346
Georgia State,Georgia Tech,0.0257466163901492
Georgia State,Hawai'i,0.027120472638290316
Georgia State,Houston,0.026674269426651995
Georgia State,Illinois,0.027852348396186846
Georgia State,Indiana,0.02610298907212129
Georgia State,Iowa,0.026501718911437176
Georgia State,Iowa State,0.022322082645639084
Georgia State,Jacksonville State,0.02575808662479712
Georgia State,James Madison,0.027944843671916565
Georgia State,Kansas,0.02932047595902533
Georgia State,Kansas State,0.02592326465645653
Georgia State,Kennesaw State,0.027234898477384237
Georgia State,Kent State,0.017289078869436467
Georgia State,Kentucky,0.022333953339930504
Georgia State,LSU,0.013503589329451351
Georgia State,Liberty,0.02648717148818303
Georgia State,Louisiana,0.031446483900012444
Georgia State,Louisiana Tech,0.01735797047966716
Georgia State,Louisville,0.025291359696021146
Georgia State,Marshall,0.030379749290660403
Georgia State,Maryland,0.026355544292448754
Georgia State,Massachusetts,0.026239309131632478
Georgia State,Memphis,0.030468888416880426
Georgia State,Miami,0.023826712757983964
Georgia State,Miami (OH),0.02552797955022043
Georgia State,Michigan,0.02357356320800355
Georgia State,Michigan State,0.028645017446566123
Georgia State,Middle Tennessee,0.02444397715807147
Georgia State,Minnesota,0.02658343134289852
Georgia State,Mississippi State,0.023708770622706682
Georgia State,Missouri,0.02354857727909123
Georgia State,Missouri State,0.021535756941557245
Georgia State,NC State,0.021964960362295078
Georgia State,Navy,0.038393423113867745
Georgia State,Nebraska,0.0217130971046885
Georgia State,Nevada,0.02073426107194214
Georgia State,New Mexico,0.019680127767139986
Georgia State,New Mexico State,0.02552033150247226
Georgia State,North Carolina,0.021279194694754307
Georgia State,North Dakota State,0.019910188989044956
Georgia State,North Texas,0.0308946109841085
Georgia State,Northern Illinois,0.024667741920731692
Georgia State,Northwestern,0.02551700039038583
Georgia State,Notre Dame,0.02219481566588691
Georgia State,Ohio,0.032956921263685775
Georgia State,Ohio State,0.024789613038980012
Georgia State,Oklahoma,0.02605461965458788
Georgia State,Oklahoma State,0.019017366285369156
Georgia State,Old Dominion,0.028561109249825464
Georgia State,Ole Miss,0.02565282650240911
Georgia State,Oregon,0.022505687918357647
Georgia State,Oregon State,0.03169164717039435
Georgia State,Penn State,0.024567539529506185
Georgia State,Pittsburgh,0.027255281988433668
Georgia State,Purdue,0.026760322975430458
Georgia State,Rice,0.024944875529136355
Georgia State,Rutgers,0.028293782449052056
Georgia State,SMU,0.028253526453576264
Georgia State,Sacramento State,0.022304292392468315
Georgia State,Sam Houston,0.021966060638527383
Georgia State,San Diego State,0.02598360155750351
Georgia State,San José State,0.02071697144147017
Georgia State,South Alabama,0.026507495085350576
Georgia State,South Carolina,0.029975170040814476
Georgia State,South Florida,0.024265316739932097
Georgia State,Southern Miss,0.027147950464296168
Georgia State,Stanford,0.027695512896086502
Georgia State,Syracuse,0.020022201538540788
Georgia State,TCU,0.028594399035307878
Georgia State,Temple,0.02281431277927878
Georgia State,Tennessee,0.023024360623139353
Georgia State,Texas,0.03326715823531537
Georgia State,Texas A&M,0.028203907392930525
Georgia State,Texas State,0.02826831064769399
Georgia State,Texas Tech,0.03256986435930089
Georgia State,Toledo,0.02020084715585875
Georgia State,Troy,0.02463269905224818
Georgia State,Tulane,0.026259552955094193
Georgia State,Tulsa,0.026239125933943366
Georgia State,UAB,0.023804421086655193
Georgia State,UCF,0.029237434394210535
Georgia State,UCLA,0.023381413919838223
Georgia State,UConn,0.02556741161791035
Georgia State,UL Monroe,0.0292685342510249
Georgia State,UNLV,0.023572829863854623
Georgia State,USC,0.02938768169705817
Georgia State,UTEP,0.02960037457157623
Georgia State,UTSA,0.0263272452456205
Georgia State,Utah,0.02735011506251516
Georgia State,Utah State,0.026314859723405148
Georgia State,Vanderbilt,0.024813371312860443
Georgia State,Virginia,0.02338378887859575
Georgia State,Virginia Tech,0.02513209054482521
Georgia State,Wake Forest,0.027557365446517827
Georgia State,Washington,0.02385072690735366
Georgia State,Washington State,0.0267501390048411
Georgia State,West Virginia,0.031093333091947437
Georgia State,Western Kentucky,0.02008090219391427
Georgia State,Western Michigan,0.02470213754118867
Georgia State,Wisconsin,0.022192881345416332
Georgia State,Wyoming,0.029016464725152034
Georgia Tech,Air Force,0.011580096670837786
Georgia Tech,Akron,0.02274013594632509
Georgia Tech,Alabama,0.01548199286543481
Georgia Tech,App State,0.006912468180514259
Georgia Tech,Arizona,0.01113080624793759
Georgia Tech,Arizona State,0.0077127642607979635
Georgia Tech,Arkansas,0.004592923550399216
Georgia Tech,Arkansas State,0.009456210032374185
Georgia Tech,Army,0.0024257782727970527
Georgia Tech,Auburn,0.020919093712077615
Georgia Tech,BYU,0.011645131661500536
Georgia Tech,Ball State,0.01170900738178224
Georgia Tech,Baylor,0.011048093471988644
Georgia Tech,Boise State,0.009997106703658618
Georgia Tech,Boston College,0.011807355496287088
Georgia Tech,Bowling Green,0.007502380845292116
Georgia Tech,Buffalo,0.019895473420950948
Georgia Tech,California,0.01612179656198705
Georgia Tech,Central Michigan,0.006428677532153825
Georgia Tech,Charlotte,0.0195817552423733
Georgia Tech,Cincinnati,0.011954961679677516
Georgia Tech,Clemson,0.013450944009506902
Georgia Tech,Coastal Carolina,0.009213156847236278
Georgia Tech,Colorado,0.01575651779315426
Georgia Tech,Colorado State,0.010410329852699487
Georgia Tech,Delaware,0.015855336915263377
Georgia Tech,Duke,0.014179854801607779
Georgia Tech,East Carolina,0.010607894362368265
Georgia Tech,Eastern Michigan,0.00753192154120341
Georgia Tech,Florida,0.0072698768314024675
Georgia Tech,Florida Atlantic,0.0119627847197095
Georgia Tech,Florida International,0.01418232971728695
Georgia Tech,Florida State,0.005652952800611204
Georgia Tech,Fresno State,0.018689420555109155
Georgia Tech,Georgia,0.007324620093713326
Georgia Tech,Georgia Southern,0.025659660438805694
Georgia Tech,Georgia State,0.005057378684132046
Georgia Tech,Hawai'i,0.008696476480092894
Georgia Tech,Houston,0.006540454921644161
Georgia Tech,Illinois,0.010597655836099337
Georgia Tech,Indiana,0.004105684949581334
Georgia Tech,Iowa,0.012936602030138043
Georgia Tech,Iowa State,0.007665669925478862
Georgia Tech,Jacksonville State,0.009040796889093776
Georgia Tech,James Madison,0.011407733006123959
Georgia Tech,Kansas,0.015059943038369725
Georgia Tech,Kansas State,0.010594031053952922
Georgia Tech,Kennesaw State,0.0075763465178157454
Georgia Tech,Kent State,0.01029498278045837
Georgia Tech,Kentucky,0.005250108309964331
Georgia Tech,LSU,0.01776777135637144
Georgia Tech,Liberty,0.006468237859950068
Georgia Tech,Louisiana,0.01340102527951806
Georgia Tech,Louisiana Tech,0.019234445681946634
Georgia Tech,Louisville,0.008293404145148299
Georgia Tech,Marshall,0.006546671369122225
Georgia Tech,Maryland,0.01174822679926917
Georgia Tech,Massachusetts,0.019022861772396114
Georgia Tech,Memphis,0.022736489297788192
Georgia Tech,Miami,0.006739754025517727
Georgia Tech,Miami (OH),0.01193257589810189
Georgia Tech,Michigan,0.01263872099750674
Georgia Tech,Michigan State,0.00766729996664207
Georgia Tech,Middle Tennessee,0.011846123177945997
Georgia Tech,Minnesota,0.004755044114552998
Georgia Tech,Mississippi State,0.01054926735125653
Georgia Tech,Missouri,0.010339283803449036
Georgia Tech,Missouri State,0.014964740066469265
Georgia Tech,NC State,0.012563224080949214
Georgia Tech,Navy,0.010809361463972909
Georgia Tech,Nebraska,0.00667185681713426
Georgia Tech,Nevada,0.012240332971039602
Georgia Tech,New Mexico,0.007903933882754852
Georgia Tech,New Mexico State,0.00928156761617124
Georgia Tech,North Carolina,0.012625778903326798
Georgia Tech,North Dakota State,0.01598131482163714
Georgia Tech,North Texas,0.03200750636014438
Georgia Tech,Northern Illinois,0.017292947118973424
Georgia Tech,Northwestern,0.0034413418585223753
Georgia Tech,Notre Dame,0.012089977560403241
Georgia Tech,Ohio,0.0077978091591182335
Georgia Tech,Ohio State,0.0077319020509399004
Georgia Tech,Oklahoma,0.012333162290567702
Georgia Tech,Oklahoma State,0.00856669536452568
Georgia Tech,Old Dominion,0.018184334530950842
Georgia Tech,Ole Miss,0.006813704582575821
Georgia Tech,Oregon,0.014773288799265412
Georgia Tech,Oregon State,0.014243634337974879
Georgia Tech,Penn State,0.007417828824844265
Georgia Tech,Pittsburgh,0.01611778081037504
Georgia Tech,Purdue,0.009677010312419458
Georgia Tech,Rice,0.008685493331026422
Georgia Tech,Rutgers,0.006588212714024583
Georgia Tech,SMU,0.012214974960951655
Georgia Tech,Sacramento State,0.016203559900735704
Georgia Tech,Sam Houston,0.018122829498496557
Georgia Tech,San Diego State,0.00971759362200577
Georgia Tech,San José State,0.006867090208424667
Georgia Tech,South Alabama,0.008136551982205076
Georgia Tech,South Carolina,0.010718869029330341
Georgia Tech,South Florida,0.007500790123904823
Georgia Tech,Southern Miss,0.02695305291888948
Georgia Tech,Stanford,0.00806031608176805
Georgia Tech,Syracuse,0.007561860111354049
Georgia Tech,TCU,0.007672507069831171
Georgia Tech,Temple,0.020187080659683825
Georgia Tech,Tennessee,0.011951824393203402
Georgia Tech,Texas,0.012059826846283376
Georgia Tech,Texas A&M,0.016738160587955773
Georgia Tech,Texas State,0.008665160904495678
Georgia Tech,Texas Tech,0.005762613280642928
Georgia Tech,Toledo,0.020321115113436823
Georgia Tech,Troy,0.003791330732554659
Georgia Tech,Tulane,0.005714205108532737
Georgia Tech,Tulsa,0.022632832959642885
Georgia Tech,UAB,0.00608458921376798
Georgia Tech,UCF,0.022261887432339093
Georgia Tech,UCLA,0.008887470684079827
Georgia Tech,UConn,0.01580673698675681
Georgia Tech,UL Monroe,0.012386724801432143
Georgia Tech,UNLV,0.007905760071298788
Georgia Tech,USC,0.012880274988276366
Georgia Tech,UTEP,0.0049886958835502395
Georgia Tech,UTSA,0.011451032840129976
Georgia Tech,Utah,0.010551057622670544
Georgia Tech,Utah State,0.01569433115037931
Georgia Tech,Vanderbilt,0.012004926020402722
Georgia Tech,Virginia,0.009653690485552533
Georgia Tech,Virginia Tech,0.015460754607448543
Georgia Tech,Wake Forest,0.0023992052109080295
Georgia Tech,Washington,0.015817087672148525
Georgia Tech,Washington State,0.021899775807637703
Georgia Tech,West Virginia,0.008270298501824772
Georgia Tech,Western Kentucky,0.012348503074822036
Georgia Tech,Western Michigan,0.01392638922484969
Georgia Tech,Wisconsin,0.0053911803044785055
Georgia Tech,Wyoming,0.002956220992304411
Hawai'i,Air Force,0.033665353429789054
Hawai'i,Akron,0.029329470438612445
Hawai'i,Alabama,0.0345714033850635
Hawai'i,App State,0.01586453363260119
Hawai'i,Arizona,0.030342974306057858
Hawai'i,Arizona State,0.013770768687954824
Hawai'i,Arkansas,0.03069339209394037
Hawai'i,Arkansas State,0.022562941895596874
Hawai'i,Army,0.030675221280743882
Hawai'i,Auburn,0.01932385132834874
Hawai'i,BYU,0.02744845243967664
Hawai'i,Ball State,0.03058699233139003
Hawai'i,Baylor,0.03439018456690488
Hawai'i,Boise State,0.014529817419749552
Hawai'i,Boston College,0.02422196380942348
Hawai'i,Bowling Green,0.027016982001589855
Hawai'i,Buffalo,0.039729627522157224
Hawai'i,California,0.029490067715711582
Hawai'i,Central Michigan,0.03156894316812804
Hawai'i,Charlotte,0.016703498962837925
Hawai'i,Cincinnati,0.029082081213489926
Hawai'i,Clemson,0.025095057239299005
Hawai'i,Coastal Carolina,0.04123230877520734
Hawai'i,Colorado,0.032475391915912775
Hawai'i,Colorado State,0.021608822075271573
Hawai'i,Delaware,0.016559882488941594
Hawai'i,Duke,0.011854446818831625
Hawai'i,East Carolina,0.029552053060633982
Hawai'i,Eastern Michigan,0.035026863673747
Hawai'i,Florida,0.02587469910453426
Hawai'i,Florida Atlantic,0.02931812238568239
Hawai'i,Florida International,0.04064907545635323
Hawai'i,Florida State,0.031207735723710155
Hawai'i,Fresno State,0.016364012572333
Hawai'i,Georgia,0.01280045256644657
Hawai'i,Georgia Southern,0.032336555117785874
Hawai'i,Georgia State,0.0325299267099821
Hawai'i,Georgia Tech,0.03352977624371856
Hawai'i,Houston,0.011010988421308564
Hawai'i,Illinois,0.021421496091871724
Hawai'i,Indiana,0.029830866594942638
Hawai'i,Iowa,0.03302489806171665
Hawai'i,Iowa State,0.03843987472023854
Hawai'i,Jacksonville State,0.024615002525178804
Hawai'i,James Madison,0.03180266820220776
Hawai'i,Kansas,0.03814403659999061
Hawai'i,Kansas State,0.023350579831602037
Hawai'i,Kennesaw State,0.02746704564659278
Hawai'i,Kent State,0.012813937809460108
Hawai'i,Kentucky,0.032454872449427054
Hawai'i,LSU,0.017992352657762955
Hawai'i,Liberty,0.02823674096893007
Hawai'i,Louisiana,0.0326456634372538
Hawai'i,Louisiana Tech,0.03238371875746462
Hawai'i,Louisville,0.03248825544145562
Hawai'i,Marshall,0.00872534476081047
Hawai'i,Maryland,0.030026555951238723
Hawai'i,Massachusetts,0.034848378108680106
Hawai'i,Memphis,0.02697140212448018
Hawai'i,Miami,0.012066120623567888
Hawai'i,Miami (OH),0.013652024782739438
Hawai'i,Michigan,0.03314276701247987
Hawai'i,Michigan State,0.025816221711466768
Hawai'i,Middle Tennessee,0.024829867329987095
Hawai'i,Minnesota,0.02726410781341806
Hawai'i,Mississippi State,0.015425338213964959
Hawai'i,Missouri,0.030306931396077437
Hawai'i,Missouri State,0.03028608266510653
Hawai'i,NC State,0.030893670138845922
Hawai'i,Navy,0.03495217281717498
Hawai'i,Nebraska,0.03430597935915261
Hawai'i,Nevada,0.028539583416116426
Hawai'i,New Mexico,0.01661169807890513
Hawai'i,New Mexico State,0.03896563497915559
Hawai'i,North Carolina,0.03307713921352846
Hawai'i,North Dakota State,0.0480004667496082
Hawai'i,North Texas,0.036367972371747825
Hawai'i,Northern Illinois,0.033480613434686175
Hawai'i,Northwestern,0.031302893530650466
Hawai'i,Notre Dame,0.031284728279837075
Hawai'i,Ohio,0.024221342768852825
Hawai'i,Ohio State,0.028361035560846716
Hawai'i,Oklahoma,0.027775683252011785
Hawai'i,Oklahoma State,0.03503377625267036
Hawai'i,Old Dominion,0.02543033663233652
Hawai'i,Ole Miss,0.029268148897883706
Hawai'i,Oregon,0.02925227177248418
Hawai'i,Oregon State,0.04202423787884513
Hawai'i,Penn State,0.029111309377820752
Hawai'i,Pittsburgh,0.014518530024231393
Hawai'i,Purdue,0.02715185076689315
Hawai'i,Rice,0.026913498129439183
Hawai'i,Rutgers,0.025430939213946478
Hawai'i,SMU,0.026594393224729167
Hawai'i,Sacramento State,0.03209019838964122
Hawai'i,Sam Houston,0.030806812400186994
Hawai'i,San Diego State,0.018669659074092702
Hawai'i,San José State,0.0326376171636115
Hawai'i,South Alabama,0.02507813057341081
Hawai'i,South Carolina,0.014238671845610215
Hawai'i,South Florida,0.034853433759901194
Hawai'i,Southern Miss,0.02462764493611333
Hawai'i,Stanford,0.011128896157925573
Hawai'i,Syracuse,0.014625114216724812
Hawai'i,TCU,0.014216347302637758
Hawai'i,Temple,0.02933668985032283
Hawai'i,Tennessee,0.026491234535310233
Hawai'i,Texas,0.015854934863888802
Hawai'i,Texas A&M,0.025980590508562378
Hawai'i,Texas State,0.034283537191251164
Hawai'i,Texas Tech,0.010751061683893002
Hawai'i,Toledo,0.017995707130660673
Hawai'i,Troy,0.035055866439146995
Hawai'i,Tulane,0.028263292991339135
Hawai'i,Tulsa,0.03084712473666677
Hawai'i,UAB,0.02875868313034184
Hawai'i,UCF,0.034351410287852616
Hawai'i,UCLA,0.03428910941554164
Hawai'i,UConn,0.016668523758388683
Hawai'i,UL Monroe,0.02000531023703367
Hawai'i,UNLV,0.030932244358696973
Hawai'i,USC,0.029692891432647323
Hawai'i,UTEP,0.013364767725950055
Hawai'i,UTSA,0.02836812996669676
Hawai'i,Utah,0.02987493002223691
Hawai'i,Utah State,0.0360233388767991
Hawai'i,Vanderbilt,0.03405881215113316
Hawai'i,Virginia,0.014031728220877417
Hawai'i,Virginia Tech,0.01313534662467239
Hawai'i,Wake Forest,0.010404757147217909
Hawai'i,Washington,0.026174634748490976
Hawai'i,Washington State,0.02252370548321747
Hawai'i,West Virginia,0.02404667078000319
Hawai'i,Western Kentucky,0.01467391105759819
Hawai'i,Western Michigan,0.018013398024419675
Hawai'i,Wisconsin,0.03249228775572321
Hawai'i,Wyoming,0.03468284623175638
Houston,Air Force,0.025401427655906167
Houston,Akron,0.028475738413664714
Houston,Alabama,0.025907535206473355
Houston,App State,0.020928865361250337
Houston,Arizona,0.027885685636723476
Houston,Arizona State,0.020267016698492884
Houston,Arkansas,0.026361403214684546
Houston,Arkansas State,0.029054579895847674
Houston,Army,0.026416711097032673
Houston,Auburn,0.02796319235104245
Houston,BYU,0.028411154072107894
Houston,Ball State,0.021923124152799883
Houston,Baylor,0.02572631638831473
Houston,Boise State,0.030239537717195092
Houston,Boston College,0.02466451744250049
Houston,Bowling Green,0.02394386648829968
Houston,Buffalo,0.031065759343567076
Houston,California,0.020826199537121434
Houston,Central Michigan,0.022905074989537897
Houston,Charlotte,0.02845137988986786
Houston,Cincinnati,0.0233074423582151
Houston,Clemson,0.02563612347643239
Houston,Coastal Carolina,0.03256844059661719
Houston,Colorado,0.027241943688699293
Houston,Colorado State,0.022043869500311345
Houston,Delaware,0.022025109910497675
Houston,Duke,0.020407691960709975
Houston,East Carolina,0.0317696275341037
Houston,Eastern Michigan,0.026362995495156853
Houston,Florida,0.023849379977406108
Houston,Florida Atlantic,0.021215467040596955
Houston,Florida International,0.031985207277763085
Houston,Florida State,0.032372700263465136
Houston,Fresno State,0.03222594130354938
Houston,Georgia,0.02671691957449927
Houston,Georgia Southern,0.023672686939195726
Houston,Georgia State,0.023866058531391954
Houston,Georgia Tech,0.024882302203108296
Houston,Hawai'i,0.02625615845124941
Houston,Illinois,0.02439009646408705
Houston,Indiana,0.025238674885080387
Houston,Iowa,0.02563740472439627
Houston,Iowa State,0.029776006541648393
Houston,Jacksonville State,0.024893772437756215
Houston,James Madison,0.02708052948487566
Houston,Kansas,0.029480168421400464
Houston,Kansas State,0.02203426785527479
Houston,Kennesaw State,0.02637058429034333
Houston,Kent State,0.01642476468239556
Houston,Kentucky,0.023791004270836903
Houston,LSU,0.015211128059558548
Houston,Liberty,0.025622857301142124
Houston,Louisiana,0.030582169712971535
Houston,Louisiana Tech,0.02371985057887447
Houston,Louisville,0.02442704550898024
Houston,Marshall,0.029515435103619498
Houston,Maryland,0.02549123010540785
Houston,Massachusetts,0.02618450993008996
Houston,Memphis,0.025293132594601083
Houston,Miami,0.02296239857094306
Houston,Miami (OH),0.024663665363179526
Houston,Michigan,0.02447889883388972
Houston,Michigan State,0.027780703259525218
Houston,Middle Tennessee,0.02128391472320424
Houston,Minnesota,0.025719117155857615
Houston,Mississippi State,0.022844456435665777
Houston,Missouri,0.022684263092050322
Houston,Missouri State,0.021622214486516383
Houston,NC State,0.022229801960255775
Houston,Navy,0.03752910892682684
Houston,Nebraska,0.025642111180562466
Houston,Nevada,0.01987571523752628
Houston,New Mexico,0.01881581358009908
Houston,New Mexico State,0.03030176680056544
Houston,North Carolina,0.02441327103493831
Houston,North Dakota State,0.03933659857101805
Houston,North Texas,0.030030296797067594
Houston,Northern Illinois,0.024816745256096027
Houston,Northwestern,0.024652686203344924
Houston,Notre Dame,0.022620860101246927
Houston,Ohio,0.032092607076644866
Houston,Ohio State,0.023925298851939107
Houston,Oklahoma,0.025190305467546976
Houston,Oklahoma State,0.02636990807408021
Houston,Old Dominion,0.02769679506278456
Houston,Ole Miss,0.024788512315368206
Houston,Oregon,0.020588403593894033
Houston,Oregon State,0.03336036970025498
Houston,Penn State,0.02370322534246528
Houston,Pittsburgh,0.02639096780139276
Houston,Purdue,0.025896008788389553
Houston,Rice,0.02408056134209545
Houston,Rutgers,0.02742946826201115
Houston,SMU,0.02738921226653536
Houston,Sacramento State,0.023426330211051078
Houston,Sam Houston,0.022142944221596846
Houston,San Diego State,0.025119287370462606
Houston,San José State,0.023973748985021352
Houston,South Alabama,0.02564318089830967
Houston,South Carolina,0.02911085585377357
Houston,South Florida,0.026189565581311046
Houston,Southern Miss,0.02439640962207659
Houston,Stanford,0.026831198709045597
Houston,Syracuse,0.019157887351499883
Houston,TCU,0.027730084848266973
Houston,Temple,0.021949998592237875
Houston,Tennessee,0.022160046436098448
Houston,Texas,0.03240284404827447
Houston,Texas A&M,0.02733959320588962
Houston,Texas State,0.027403996460653085
Houston,Texas Tech,0.03170555017225998
Houston,Toledo,0.019336532968817845
Houston,Troy,0.026391998260556847
Houston,Tulane,0.025395238768053288
Houston,Tulsa,0.02537481174690246
Houston,UAB,0.022940106899614288
Houston,UCF,0.02837312020716963
Houston,UCLA,0.025625241236951493
Houston,UConn,0.024703097430869445
Houston,UL Monroe,0.026858233676968234
Houston,UNLV,0.022708515676813718
Houston,USC,0.028523367510017265
Houston,UTEP,0.028736060384535324
Houston,UTSA,0.025462931058579594
Houston,Utah,0.026485800875474256
Houston,Utah State,0.02735947069820895
Houston,Vanderbilt,0.025394943972543015
Houston,Virginia,0.022519474691554846
Houston,Virginia Tech,0.024267776357784304
Houston,Wake Forest,0.02669305125947692
Houston,Washington,0.022986412720312755
Houston,Washington State,0.024077560920968258
Houston,West Virginia,0.030229018904906535
Houston,Western Kentucky,0.014905146371634929
Houston,Western Michigan,0.023837823354147764
Houston,Wisconsin,0.02382841957713306
Houston,Wyoming,0.02815215053811113
Illinois,Air Force,0.013414941532288876
Illinois,Akron,0.025315930668457894
Illinois,Alabama,0.01805778758756761
Illinois,App State,0.00995073178370623
Illinois,Arizona,0.015899199513106185
Illinois,Arizona State,0.012044496728352595
Illinois,Arkansas,0.014374917091067255
Illinois,Arkansas State,0.017068093772230383
Illinois,Army,0.014437421691423435
Illinois,Auburn,0.02349488843421042
Illinois,BYU,0.016424667948490602
Illinois,Ball State,0.014284802103915042
Illinois,Baylor,0.01335000618869411
Illinois,Boise State,0.0182530515935778
Illinois,Boston College,0.01438315021841989
Illinois,Bowling Green,0.017552842395211637
Illinois,Buffalo,0.022471268143083752
Illinois,California,0.013546001839854247
Illinois,Central Michigan,0.010434522432066662
Illinois,Charlotte,0.016464893766250568
Illinois,Cincinnati,0.01132095623459781
Illinois,Clemson,0.0136496373528151
Illinois,Coastal Carolina,0.013062312573542735
Illinois,Colorado,0.018332312515287063
Illinois,Colorado State,0.010526784158016006
Illinois,Delaware,0.01843113163739618
Illinois,Duke,0.01773816149318824
Illinois,East Carolina,0.019783141410486406
Illinois,Eastern Michigan,0.012424491547910243
Illinois,Florida,0.011862893853788817
Illinois,Florida Atlantic,0.009828412566085265
Illinois,Florida International,0.016758124439419753
Illinois,Florida State,0.020386214139847845
Illinois,Fresno State,0.021265215277241956
Illinois,Georgia,0.014730433450881977
Illinois,Georgia Southern,0.028235455160938498
Illinois,Georgia State,0.012396960191942068
Illinois,Georgia Tech,0.012895816079491003
Illinois,Hawai'i,0.01426967232763212
Illinois,Houston,0.014804276994998856
Illinois,Indiana,0.013252188761463094
Illinois,Iowa,0.015512396752270846
Illinois,Iowa State,0.010831835924374067
Illinois,Jacksonville State,0.012907286314138922
Illinois,James Madison,0.01509404336125837
Illinois,Kansas,0.017635737760502528
Illinois,Kansas State,0.013169825776085727
Illinois,Kennesaw State,0.01438409816672604
Illinois,Kent State,0.013001327606847312
Illinois,Kentucky,0.013980097193513202
Illinois,LSU,0.020343566078504245
Illinois,Liberty,0.013636371177524835
Illinois,Louisiana,0.018595683589354244
Illinois,Louisiana Tech,0.021810240404079438
Illinois,Louisville,0.018631925320371286
Illinois,Marshall,0.017528948980002207
Illinois,Maryland,0.014324021521401973
Illinois,Massachusetts,0.02159865649452892
Illinois,Memphis,0.020160694575655388
Illinois,Miami,0.013749144792739532
Illinois,Miami (OH),0.014508370620234693
Illinois,Michigan,0.010722762897345355
Illinois,Michigan State,0.015794217135907927
Illinois,Middle Tennessee,0.015550838289882341
Illinois,Minnesota,0.018936710352473612
Illinois,Mississippi State,0.013125062073389333
Illinois,Missouri,0.012915078525581838
Illinois,Missouri State,0.01754053478860207
Illinois,NC State,0.01807578534737305
Illinois,Navy,0.02554262280320955
Illinois,Nebraska,0.012694748125850445
Illinois,Nevada,0.014816127693172405
Illinois,New Mexico,0.00920356733740229
Illinois,New Mexico State,0.01266953119181406
Illinois,North Carolina,0.0152015736254596
Illinois,North Dakota State,0.012808891759204272
Illinois,North Texas,0.03458330108227718
Illinois,Northern Illinois,0.011816941610073494
Illinois,Northwestern,0.013421858105698112
Illinois,Notre Dame,0.014665772282536044
Illinois,Ohio,0.02010612095302758
Illinois,Ohio State,0.011938812728321816
Illinois,Oklahoma,0.014908957012700504
Illinois,Oklahoma State,0.018078059831843605
Illinois,Old Dominion,0.020760129253083646
Illinois,Ole Miss,0.020761154482625062
Illinois,Oregon,0.016387010873709536
Illinois,Oregon State,0.01884084685973615
Illinois,Penn State,0.011716739218847989
Illinois,Pittsburgh,0.018693575532507844
Illinois,Purdue,0.013909522664772262
Illinois,Rice,0.012529257469225617
Illinois,Rutgers,0.01768117521437748
Illinois,SMU,0.015402726142918068
Illinois,Sacramento State,0.01877935462286851
Illinois,Sam Houston,0.009115260327869187
Illinois,San Diego State,0.013132801246845313
Illinois,San José State,0.01039078887018384
Illinois,South Alabama,0.01505493737584798
Illinois,South Carolina,0.01712436973015628
Illinois,South Florida,0.017636684515334615
Illinois,Southern Miss,0.029528847641022284
Illinois,Stanford,0.014844712585428306
Illinois,Syracuse,0.011190151199582608
Illinois,TCU,0.01574359872464968
Illinois,Temple,0.02276287538181663
Illinois,Tennessee,0.010173560312481159
Illinois,Texas,0.020416357924657173
Illinois,Texas A&M,0.019313955310088574
Illinois,Texas State,0.015417510337035794
Illinois,Texas Tech,0.019719064048642692
Illinois,Toledo,0.022896909835569627
Illinois,Troy,0.013071869231665829
Illinois,Tulane,0.013408752644435997
Illinois,Tulsa,0.02520862768177569
Illinois,UAB,0.013098270035827161
Illinois,UCF,0.024837682154471897
Illinois,UCLA,0.010561652446008372
Illinois,UConn,0.018382531708889614
Illinois,UL Monroe,0.014871747553350943
Illinois,UNLV,0.010722029553196427
Illinois,USC,0.016536881386399974
Illinois,UTEP,0.016749574260918033
Illinois,UTSA,0.013476444934962303
Illinois,Utah,0.014499314751856963
Illinois,Utah State,0.01827012587251211
Illinois,Vanderbilt,0.011962571002202247
Illinois,Virginia,0.012229485207685336
Illinois,Virginia Tech,0.018036549329581347
Illinois,Wake Forest,0.015410508269089511
Illinois,Washington,0.01839288239428133
Illinois,Washington State,0.024475570529770507
Illinois,West Virginia,0.01824253278128924
Illinois,Western Kentucky,0.016552159865133746
Illinois,Western Michigan,0.016502183946982493
Illinois,Wisconsin,0.019078366965971386
Illinois,Wyoming,0.01616566441449384
Indiana,Air Force,0.029738068729935816
Indiana,Akron,0.034071804898485505
Indiana,Alabama,0.02681366181759523
Indiana,App State,0.025265506435279986
Indiana,Arizona,0.032222326710753126
Indiana,Arizona State,0.024603657772522533
Indiana,Arkansas,0.030698044288714196
Indiana,Arkansas State,0.033391220969877324
Indiana,Army,0.03075335217106232
Indiana,Auburn,0.032299833425072096
Indiana,BYU,0.03274779514613754
Indiana,Ball State,0.025897179260300197
Indiana,Baylor,0.02715173260400289
Indiana,Boise State,0.03457617879122474
Indiana,Boston College,0.02900115851653014
Indiana,Bowling Green,0.02828050756232933
Indiana,Buffalo,0.031227142373111368
Indiana,California,0.02236808160599921
Indiana,Central Michigan,0.026684874751603645
Indiana,Charlotte,0.032788020963897505
Indiana,Cincinnati,0.02764408343224475
Indiana,Clemson,0.02997276455046204
Indiana,Coastal Carolina,0.029385439771189674
Indiana,Colorado,0.03157858476272894
Indiana,Colorado State,0.026380510574340994
Indiana,Delaware,0.027187005867423796
Indiana,Duke,0.025511523753768195
Indiana,East Carolina,0.036106268608133346
Indiana,Eastern Michigan,0.028747618745557185
Indiana,Florida,0.028186021051435757
Indiana,Florida Atlantic,0.025552108114626604
Indiana,Florida International,0.027947978960645523
Indiana,Florida State,0.03670934133749479
Indiana,Fresno State,0.036562582377579034
Indiana,Georgia,0.03105356064852892
Indiana,Georgia Southern,0.03699132939096611
Indiana,Georgia State,0.025999009852751536
Indiana,Georgia Tech,0.029218943277137945
Indiana,Hawai'i,0.03059279952527906
Indiana,Houston,0.03014659631364074
Indiana,Illinois,0.0287267375381167
Indiana,Iowa,0.02997404579842592
Indiana,Iowa State,0.025794409532627828
Indiana,Jacksonville State,0.029230413511785864
Indiana,James Madison,0.03141717055890531
Indiana,Kansas,0.032792802846014074
Indiana,Kansas State,0.02637090892930444
Indiana,Kennesaw State,0.03070722536437298
Indiana,Kent State,0.02076140575642521
Indiana,Kentucky,0.025806280226919248
Indiana,LSU,0.029099440308531857
Indiana,Liberty,0.029959498375171773
Indiana,Louisiana,0.03491881078700119
Indiana,Louisiana Tech,0.030566114634107053
Indiana,Louisville,0.02876368658300989
Indiana,Marshall,0.03385207617764915
Indiana,Maryland,0.0298278711794375
Indiana,Massachusetts,0.03035453072455653
Indiana,Memphis,0.021893759049104504
Indiana,Miami,0.027299039644972708
Indiana,Miami (OH),0.029000306437209175
Indiana,Michigan,0.027045890094992295
Indiana,Michigan State,0.03211734433355487
Indiana,Middle Tennessee,0.02562055579723389
Indiana,Minnesota,0.030055758229887264
Indiana,Mississippi State,0.027181097509695426
Indiana,Missouri,0.027020904166079975
Indiana,Missouri State,0.02629640901862968
Indiana,NC State,0.025437287249283822
Indiana,Navy,0.04186575000085649
Indiana,Nebraska,0.025185423991677246
Indiana,Nevada,0.02357200192320002
Indiana,New Mexico,0.02315245465412873
Indiana,New Mexico State,0.028992658389461003
Indiana,North Carolina,0.02475152158174305
Indiana,North Dakota State,0.0233825158760337
Indiana,North Texas,0.0433391753123048
Indiana,Northern Illinois,0.028140068807720436
Indiana,Northwestern,0.028989327277374573
Indiana,Notre Dame,0.025667142552875655
Indiana,Ohio,0.03642924815067452
Indiana,Ohio State,0.028261939925968756
Indiana,Oklahoma,0.029526946541576626
Indiana,Oklahoma State,0.0224896931723579
Indiana,Old Dominion,0.032033436136814204
Indiana,Ole Miss,0.029125153389397855
Indiana,Oregon,0.022140687534522422
Indiana,Oregon State,0.03516397405738309
Indiana,Penn State,0.02803986641649493
Indiana,Pittsburgh,0.03072760887542241
Indiana,Purdue,0.030232649862419202
Indiana,Rice,0.0284172024161251
Indiana,Rutgers,0.0317661093360408
Indiana,SMU,0.03172585334056501
Indiana,Sacramento State,0.027535228852896124
Indiana,Sam Houston,0.025438387525516127
Indiana,San Diego State,0.029455928444492255
Indiana,San José State,0.024189298328458914
Indiana,South Alabama,0.02997982197233932
Indiana,South Carolina,0.033447496927803216
Indiana,South Florida,0.02773764362692084
Indiana,Southern Miss,0.0382847218710499
Indiana,Stanford,0.031167839783075246
Indiana,Syracuse,0.023494528425529532
Indiana,TCU,0.03206672592229662
Indiana,Temple,0.03151874961184424
Indiana,Tennessee,0.026496687510128097
Indiana,Texas,0.036739485122304114
Indiana,Texas A&M,0.031676234279919266
Indiana,Texas State,0.03174063753468274
Indiana,Texas Tech,0.036042191246289636
Indiana,Toledo,0.03165278406559724
Indiana,Troy,0.028105025939236923
Indiana,Tulane,0.029731879842082937
Indiana,Tulsa,0.03396450191180331
Indiana,UAB,0.027276747973643937
Indiana,UCF,0.03359355638449951
Indiana,UCLA,0.026853740806826967
Indiana,UConn,0.029039738504899094
Indiana,UL Monroe,0.031194874750997883
Indiana,UNLV,0.027045156750843367
Indiana,USC,0.03286000858404692
Indiana,UTEP,0.033072701458564974
Indiana,UTSA,0.029799572132609243
Indiana,Utah,0.030822441949503905
Indiana,Utah State,0.029787186610393892
Indiana,Vanderbilt,0.028285698199849187
Indiana,Virginia,0.026856115765584495
Indiana,Virginia Tech,0.028604417431813953
Indiana,Wake Forest,0.03102969233350657
Indiana,Washington,0.027323053794342404
Indiana,Washington State,0.033231444759798126
Indiana,West Virginia,0.03456565997893618
Indiana,Western Kentucky,0.011575258458702237
Indiana,Western Michigan,0.028174464428177413
Indiana,Wisconsin,0.025665208232405076
Indiana,Wyoming,0.03248879161214078
Iowa,Air Force,0.010973325211807404
Iowa,Akron,0.023996716379872343
Iowa,Alabama,0.020015294172507588
Iowa,App State,0.01536948287030016
Iowa,Arizona,0.010524034788907208
Iowa,Arizona State,0.01603133153305761
Iowa,Arkansas,0.00993694501686595
Iowa,Arkansas State,0.0072437683357028234
Iowa,Army,0.009881637134517826
Iowa,Auburn,0.022175674145624866
Iowa,BYU,0.011038360202470152
Iowa,Ball State,0.014737810045279947
Iowa,Baylor,0.013483256701577255
Iowa,Boise State,0.01125368713720587
Iowa,Boston College,0.013063935929834338
Iowa,Bowling Green,0.012354481743250817
Iowa,Buffalo,0.0211520538544982
Iowa,California,0.018266907699580937
Iowa,Central Michigan,0.013950114553976501
Iowa,Charlotte,0.015094296822031762
Iowa,Cincinnati,0.012990905873335394
Iowa,Clemson,0.012844172550476518
Iowa,Coastal Carolina,0.0178088489251202
Iowa,Colorado,0.01701309822670151
Iowa,Colorado State,0.014254478731239152
Iowa,Delaware,0.01711191734881063
Iowa,Duke,0.015890656270840523
Iowa,East Carolina,0.011864474795915516
Iowa,Eastern Michigan,0.011887370560022963
Iowa,Florida,0.012448968254144389
Iowa,Florida Atlantic,0.01508288119095354
Iowa,Florida International,0.0172256156062661
Iowa,Florida State,0.00778427587362302
Iowa,Fresno State,0.019946000988656405
Iowa,Georgia,0.009581428657051229
Iowa,Georgia Southern,0.026916240872352948
Iowa,Georgia State,0.014635979452828612
Iowa,Georgia Tech,0.011416046028442203
Iowa,Hawai'i,0.010042189780301086
Iowa,Houston,0.010488392991939408
Iowa,Illinois,0.011908251767463449
Iowa,Indiana,0.011059673346470112
Iowa,Iowa State,0.015016414870151405
Iowa,Jacksonville State,0.011404575793794284
Iowa,James Madison,0.012664313439671209
Iowa,Kansas,0.016316523471916977
Iowa,Kansas State,0.014264080376275705
Iowa,Kennesaw State,0.009927763941207167
Iowa,Kent State,0.019873583549154937
Iowa,Kentucky,0.014828709078660896
Iowa,LSU,0.023659073089140052
Iowa,Liberty,0.010675490930408371
Iowa,Louisiana,0.01465760571306531
Iowa,Louisiana Tech,0.020491026115493888
Iowa,Louisville,0.011871302722570256
Iowa,Marshall,0.007803251802669477
Iowa,Maryland,0.01300480723281642
Iowa,Massachusetts,0.020279442205943365
Iowa,Memphis,0.02147990886424094
Iowa,Miami,0.013335949660607437
Iowa,Miami (OH),0.013189156331649141
Iowa,Michigan,0.013589099210587851
Iowa,Michigan State,0.008517644972025278
Iowa,Middle Tennessee,0.015014433508346255
Iowa,Minnesota,0.01057923107569288
Iowa,Mississippi State,0.013453891795884722
Iowa,Missouri,0.013614085139500173
Iowa,Missouri State,0.016221320500016515
Iowa,NC State,0.015197702056296326
Iowa,Navy,0.011528712967087839
Iowa,Nebraska,0.015449565313902899
Iowa,Nevada,0.0188131334997877
Iowa,New Mexico,0.017482534651451418
Iowa,New Mexico State,0.015542175129068452
Iowa,North Carolina,0.015883467723837093
Iowa,North Dakota State,0.024577006899521064
Iowa,North Texas,0.03326408679369163
Iowa,Northern Illinois,0.016686175659943042
Iowa,Northwestern,0.011645662028205571
Iowa,Notre Dame,0.014967846752704492
Iowa,Ohio,0.006482077991243219
Iowa,Ohio State,0.01237304937961139
Iowa,Oklahoma,0.013589742724114952
Iowa,Oklahoma State,0.018145296133222244
Iowa,Old Dominion,0.019440914964498093
Iowa,Ole Miss,0.011509835916182293
Iowa,Oregon,0.018494301771057722
Iowa,Oregon State,0.018600778028757987
Iowa,Penn State,0.012595122889085215
Iowa,Pittsburgh,0.01737436124392229
Iowa,Purdue,0.010933590745966709
Iowa,Rice,0.012217786889455047
Iowa,Rutgers,0.008868879969539346
Iowa,SMU,0.013471555394498905
Iowa,Sacramento State,0.017460140334282954
Iowa,Sam Houston,0.017516058039466174
Iowa,San Diego State,0.011179060861087893
Iowa,San José State,0.01644569097712123
Iowa,South Alabama,0.010655167333240824
Iowa,South Carolina,0.011975449462877591
Iowa,South Florida,0.012897345678659305
Iowa,Southern Miss,0.02820963335243673
Iowa,Stanford,0.009467149522504898
Iowa,Syracuse,0.017140460880050615
Iowa,TCU,0.008929087503378421
Iowa,Temple,0.02144366109323108
Iowa,Tennessee,0.014138301795452047
Iowa,Texas,0.013316407279830626
Iowa,Texas A&M,0.017994741021503023
Iowa,Texas State,0.010860077341164027
Iowa,Texas Tech,0.007019193714190179
Iowa,Toledo,0.021577695546984077
Iowa,Troy,0.012529963366343221
Iowa,Tulane,0.010903109463497209
Iowa,Tulsa,0.02388941339319014
Iowa,UAB,0.013358241331936208
Iowa,UCF,0.023518467865886343
Iowa,UCLA,0.01378124849875318
Iowa,UConn,0.01706331742030406
Iowa,UL Monroe,0.011130144367884892
Iowa,UNLV,0.013589832554736779
Iowa,USC,0.014136855421823616
Iowa,UTEP,0.0075622878470151715
Iowa,UTSA,0.010844261381099594
Iowa,Utah,0.00994428616364016
Iowa,Utah State,0.01695091158392656
Iowa,Vanderbilt,0.012349291105730959
Iowa,Virginia,0.013778873539995651
Iowa,Virginia Tech,0.016717335040995793
Iowa,Wake Forest,0.009605296972073575
Iowa,Washington,0.01707366810569578
Iowa,Washington State,0.023156356241184957
Iowa,West Virginia,0.009526878935372022
Iowa,Western Kentucky,0.011091922641274786
Iowa,Western Michigan,0.01518296965839694
Iowa,Wisconsin,0.01496978107317507
Iowa,Wyoming,0.011259386381669243
Iowa State,Air Force,0.00805276175012347
Iowa State,Akron,0.02701413820044128
Iowa State,Alabama,0.019755995119551
Iowa State,App State,0.001759890825061428
Iowa State,Arizona,0.005586398096845562
Iowa State,Arizona State,0.011986766514914152
Iowa State,Arkansas,0.00508080041427479
Iowa State,Arkansas State,0.0067552923559697576
Iowa State,Army,0.005062629601078302
Iowa State,Auburn,0.025193095966193804
Iowa State,BYU,0.010728828942877926
Iowa State,Ball State,0.01598300963589843
Iowa State,Baylor,0.015048213720677495
Iowa State,Boise State,0.014271108957774808
Iowa State,Boston College,0.01608135775040328
Iowa State,Bowling Green,0.011776383099408306
Iowa State,Buffalo,0.024169475675067137
Iowa State,California,0.01184779430787086
Iowa State,Central Michigan,0.007336735224756888
Iowa State,Charlotte,0.0181117186426007
Iowa State,Cincinnati,0.007680959425561327
Iowa State,Clemson,0.009714689017728257
Iowa State,Coastal Carolina,0.015619717095541757
Iowa State,Colorado,0.020030520047270448
Iowa State,Colorado State,0.004003769604394008
Iowa State,Delaware,0.02012933916937957
Iowa State,Duke,0.018453857055723968
Iowa State,East Carolina,0.014881896616484454
Iowa State,Eastern Michigan,0.009414271994081423
Iowa State,Florida,0.00684133564651457
Iowa State,Florida Atlantic,0.00768878246559331
Iowa State,Florida International,0.018456331971403138
Iowa State,Florida State,0.01007341272358722
Iowa State,Fresno State,0.022963422809225344
Iowa State,Georgia,0.011598622347829515
Iowa State,Georgia Southern,0.029933662692921886
Iowa State,Georgia State,0.006917335030316521
Iowa State,Georgia Tech,0.007917184564052984
Iowa State,Hawai'i,0.005596549586245957
Iowa State,Houston,0.01081445717576035
Iowa State,Illinois,0.007216368259499205
Iowa State,Indiana,0.00421827491527706
Iowa State,Iowa,0.017210604284254232
Iowa State,Jacksonville State,0.005155518444605279
Iowa State,James Madison,0.015681735260240148
Iowa State,Kansas,0.019333945292485916
Iowa State,Kansas State,0.014868033308069111
Iowa State,Kennesaw State,0.011710372936086951
Iowa State,Kent State,0.005874522857482354
Iowa State,Kentucky,0.006842280769761472
Iowa State,LSU,0.02204177361048763
Iowa State,Liberty,0.010590210773866625
Iowa State,Louisiana,0.01767502753363425
Iowa State,Louisiana Tech,0.023508447936062826
Iowa State,Louisville,0.01256740639926449
Iowa State,Marshall,0.010820673623238415
Iowa State,Maryland,0.016022229053385358
Iowa State,Massachusetts,0.023296864026512303
Iowa State,Memphis,0.018462487043672003
Iowa State,Miami,0.011013756279633916
Iowa State,Miami (OH),0.016206578152218078
Iowa State,Michigan,0.007530175332814288
Iowa State,Michigan State,0.005481415719647303
Iowa State,Middle Tennessee,0.016120125432062184
Iowa State,Minnesota,0.008231444704167533
Iowa State,Mississippi State,0.014823269605372719
Iowa State,Missouri,0.014613286057565225
Iowa State,Missouri State,0.019238742320585454
Iowa State,NC State,0.016837226335065403
Iowa State,Navy,0.015229821386948925
Iowa State,Nebraska,0.008693387679487033
Iowa State,Nevada,0.01651433522515579
Iowa State,New Mexico,0.00859649726622504
Iowa State,New Mexico State,0.013353043299490008
Iowa State,North Carolina,0.016899781157442985
Iowa State,North Dakota State,0.022387875069942623
Iowa State,North Texas,0.03628150861426057
Iowa State,Northern Illinois,0.011135012803059015
Iowa State,Northwestern,0.005690301850984889
Iowa State,Notre Dame,0.016363979814519432
Iowa State,Ohio,0.009793319536766954
Iowa State,Ohio State,0.00856569730650486
Iowa State,Oklahoma,0.01660716454468389
Iowa State,Oklahoma State,0.012463378453231786
Iowa State,Old Dominion,0.02245833678506703
Iowa State,Ole Miss,0.010055888834318981
Iowa State,Oregon,0.010499286545149223
Iowa State,Oregon State,0.016411646199179543
Iowa State,Penn State,0.007725069328615684
Iowa State,Pittsburgh,0.02039178306449123
Iowa State,Purdue,0.013951012566535647
Iowa State,Rice,0.012959495585142613
Iowa State,Rutgers,0.006975909566071403
Iowa State,SMU,0.016488977215067844
Iowa State,Sacramento State,0.020477562154851893
Iowa State,Sam Houston,0.011964895182582147
Iowa State,San Diego State,0.003559659306091361
Iowa State,San José State,0.009041621071698761
Iowa State,South Alabama,0.012410554236321265
Iowa State,South Carolina,0.01499287128344653
Iowa State,South Florida,0.011774792378021013
Iowa State,Southern Miss,0.03122705517300567
Iowa State,Stanford,0.01233431833588424
Iowa State,Syracuse,0.009523795829997236
Iowa State,TCU,0.01194650932394736
Iowa State,Temple,0.024461082913800017
Iowa State,Tennessee,0.005793890077288992
Iowa State,Texas,0.016333829100399565
Iowa State,Texas A&M,0.02101216284207196
Iowa State,Texas State,0.012939163158611867
Iowa State,Texas Tech,0.010036615534759118
Iowa State,Toledo,0.024595117367553015
Iowa State,Troy,0.009443274759481415
Iowa State,Tulane,0.009689673346763879
Iowa State,Tulsa,0.026906835213759077
Iowa State,UAB,0.01035859146788417
Iowa State,UCF,0.02653588968645528
Iowa State,UCLA,0.012259859977991758
Iowa State,UConn,0.020080739240873
Iowa State,UL Monroe,0.008112722547315954
Iowa State,UNLV,0.005319652679031392
Iowa State,USC,0.017154277242392553
Iowa State,UTEP,0.009262698137666428
Iowa State,UTSA,0.005293098524215567
Iowa State,Utah,0.005287278669479779
Iowa State,Utah State,0.019968333404495497
Iowa State,Vanderbilt,0.008446220471467583
Iowa State,Virginia,0.013927692739668722
Iowa State,Virginia Tech,0.019734756861564732
Iowa State,Wake Forest,0.006673207465024219
Iowa State,Washington,0.020091089926264717
Iowa State,Washington State,0.026173778061753895
Iowa State,West Virginia,0.01254430075594096
Iowa State,Western Kentucky,0.008074500820705847
Iowa State,Western Michigan,0.018200391478965877
Iowa State,Wisconsin,0.008373101317665308
Iowa State,Wyoming,0.0090702545520908
Jacksonville State,Air Force,0.037821695982363936
Jacksonville State,Akron,0.03348581299118733
Jacksonville State,Alabama,0.038727745937638385
Jacksonville State,App State,0.011915492621681074
Jacksonville State,Arizona,0.03449931685863274
Jacksonville State,Arizona State,0.01400925756632744
Jacksonville State,Arkansas,0.03484973464651525
Jacksonville State,Arkansas State,0.026719284448171756
Jacksonville State,Army,0.034831563833318764
Jacksonville State,Auburn,0.0221780508146813
Jacksonville State,BYU,0.03160479499225152
Jacksonville State,Ball State,0.034743334883964916
Jacksonville State,Baylor,0.03854652711947976
Jacksonville State,Boise State,0.01547103720973944
Jacksonville State,Boston College,0.02837830636199836
Jacksonville State,Bowling Green,0.031173324554164737
Jacksonville State,Buffalo,0.043885970074732106
Jacksonville State,California,0.033646410268286464
Jacksonville State,Central Michigan,0.03572528572070292
Jacksonville State,Charlotte,0.01659373923817264
Jacksonville State,Cincinnati,0.033238423766064805
Jacksonville State,Clemson,0.029251399791873887
Jacksonville State,Coastal Carolina,0.04538865132778222
Jacksonville State,Colorado,0.03663173446848766
Jacksonville State,Colorado State,0.025765164627846456
Jacksonville State,Delaware,0.017114294017867057
Jacksonville State,Duke,0.019702922331163084
Jacksonville State,East Carolina,0.03370839561320887
Jacksonville State,Eastern Michigan,0.03918320622632188
Jacksonville State,Florida,0.030031041657109143
Jacksonville State,Florida Atlantic,0.03347446493825727
Jacksonville State,Florida International,0.044805418008928115
Jacksonville State,Florida State,0.03536407827628504
Jacksonville State,Fresno State,0.019948377657712835
Jacksonville State,Georgia,0.014979573687835694
Jacksonville State,Georgia Southern,0.036492897670360756
Jacksonville State,Georgia State,0.036686269262556984
Jacksonville State,Georgia Tech,0.037686118796293445
Jacksonville State,Hawai'i,0.03536548381848642
Jacksonville State,Houston,0.0167690378329737
Jacksonville State,Illinois,0.025577838644446606
Jacksonville State,Indiana,0.03398720914751752
Jacksonville State,Iowa,0.03718124061429153
Jacksonville State,Iowa State,0.04259621727281342
Jacksonville State,James Madison,0.03595901075478264
Jacksonville State,Kansas,0.042300379152565494
Jacksonville State,Kansas State,0.02750692238417692
Jacksonville State,Kennesaw State,0.03162338819916766
Jacksonville State,Kent State,0.014966088444822157
Jacksonville State,Kentucky,0.036611215002001936
Jacksonville State,LSU,0.01902672845897512
Jacksonville State,Liberty,0.03239308352150495
Jacksonville State,Louisiana,0.03680200598982868
Jacksonville State,Louisiana Tech,0.0365400613100395
Jacksonville State,Louisville,0.036644597994030505
Jacksonville State,Marshall,0.019054681493471795
Jacksonville State,Maryland,0.034182898503813605
Jacksonville State,Massachusetts,0.03900472066125499
Jacksonville State,Memphis,0.031127744677055064
Jacksonville State,Miami,0.015713905630714377
Jacksonville State,Miami (OH),0.014128001471542827
Jacksonville State,Michigan,0.03729910956505475
Jacksonville State,Michigan State,0.02997256426404165
Jacksonville State,Middle Tennessee,0.028986209882561977
Jacksonville State,Minnesota,0.03142045036599295
Jacksonville State,Mississippi State,0.012354688040317306
Jacksonville State,Missouri,0.03446327394865232
Jacksonville State,Missouri State,0.03444242521768141
Jacksonville State,NC State,0.03505001269142081
Jacksonville State,Navy,0.03910851536974986
Jacksonville State,Nebraska,0.03846232191172749
Jacksonville State,Nevada,0.03269592596869131
Jacksonville State,New Mexico,0.011168328175377135
Jacksonville State,New Mexico State,0.04312197753173047
Jacksonville State,North Carolina,0.03723348176610334
Jacksonville State,North Dakota State,0.05215680930218308
Jacksonville State,North Texas,0.04052431492432271
Jacksonville State,Northern Illinois,0.03763695598726106
Jacksonville State,Northwestern,0.03545923608322535
Jacksonville State,Notre Dame,0.03544107083241196
Jacksonville State,Ohio,0.028377685321427707
Jacksonville State,Ohio State,0.0325173781134216
Jacksonville State,Oklahoma,0.03193202580458667
Jacksonville State,Oklahoma State,0.03919011880524524
Jacksonville State,Old Dominion,0.029586679184911403
Jacksonville State,Ole Miss,0.03342449145045859
Jacksonville State,Oregon,0.033408614325059066
Jacksonville State,Oregon State,0.04618058043142001
Jacksonville State,Penn State,0.03326765193039563
Jacksonville State,Pittsburgh,0.017376737912978724
Jacksonville State,Purdue,0.03130819331946803
Jacksonville State,Rice,0.031069840682014065
Jacksonville State,Rutgers,0.02958728176652136
Jacksonville State,SMU,0.03075073577730405
Jacksonville State,Sacramento State,0.036246540942216104
Jacksonville State,Sam Houston,0.03496315495276188
Jacksonville State,San Diego State,0.010350786863006951
Jacksonville State,San José State,0.03679395971618638
Jacksonville State,South Alabama,0.02923447312598569
Jacksonville State,South Carolina,0.014342355346317916
Jacksonville State,South Florida,0.039009776312476076
Jacksonville State,Southern Miss,0.028212010021493164
Jacksonville State,Stanford,0.016651130096356694
Jacksonville State,Syracuse,0.013154912037557453
Jacksonville State,TCU,0.013563678951644507
Jacksonville State,Temple,0.03349303240289771
Jacksonville State,Tennessee,0.030647577087885115
Jacksonville State,Texas,0.017634343540818814
Jacksonville State,Texas A&M,0.03013693306113726
Jacksonville State,Texas State,0.038439879743826046
Jacksonville State,Texas Tech,0.017028964570389264
Jacksonville State,Toledo,0.021580072216040504
Jacksonville State,Troy,0.03921220899172188
Jacksonville State,Tulane,0.03241963554391402
Jacksonville State,Tulsa,0.035003467289241655
Jacksonville State,UAB,0.032915025682916724
Jacksonville State,UCF,0.0385077528404275
Jacksonville State,UCLA,0.03844545196811652
Jacksonville State,UConn,0.01706569408936049
Jacksonville State,UL Monroe,0.02416165278960855
Jacksonville State,UNLV,0.035088586911271855
Jacksonville State,USC,0.0338492339852222
Jacksonville State,UTEP,0.01441525852833221
Jacksonville State,UTSA,0.03252447251927164
Jacksonville State,Utah,0.0340312725748118
Jacksonville State,Utah State,0.04017968142937398
Jacksonville State,Vanderbilt,0.038215154703708044
Jacksonville State,Virginia,0.013748298033404847
Jacksonville State,Virginia Tech,0.016719711710052224
Jacksonville State,Wake Forest,0.017375269107064356
Jacksonville State,Washington,0.03033097730106586
Jacksonville State,Washington State,0.026680048035792353
Jacksonville State,West Virginia,0.02820301333257807
Jacksonville State,Western Kentucky,0.01851692070310859
Jacksonville State,Western Michigan,0.01518534632745337
Jacksonville State,Wisconsin,0.03664863030829809
Jacksonville State,Wyoming,0.03883918878433126
James Madison,Air Force,0.012214796700947559
James Madison,Akron,0.030772944035488727
James Madison,Alabama,0.023514800954598444
James Madison,App State,0.007547168210624031
James Madison,Arizona,0.011765506278047363
James Madison,Arizona State,0.0157455723499616
James Madison,Arkansas,0.008017269585999144
James Madison,Arkansas State,0.01071044626716227
James Madison,Army,0.008072577468347268
James Madison,Auburn,0.028951901801241253
James Madison,BYU,0.014487634777925373
James Madison,Ball State,0.019741815470945875
James Madison,Baylor,0.018807019555724943
James Madison,Boise State,0.018029914792822253
James Madison,Boston College,0.019840163585450724
James Madison,Bowling Green,0.015535188934455752
James Madison,Buffalo,0.027928281510114585
James Madison,California,0.008621597666163425
James Madison,Central Michigan,0.011095541059804336
James Madison,Charlotte,0.021870524477648146
James Madison,Cincinnati,0.008043300447046913
James Madison,Clemson,0.014085644039616672
James Madison,Coastal Carolina,0.01445741646005723
James Madison,Colorado,0.023789325882317896
James Madison,Colorado State,0.006971115836314254
James Madison,Delaware,0.023888145004427014
James Madison,Duke,0.022212662890771416
James Madison,East Carolina,0.0186407024515319
James Madison,Eastern Michigan,0.012143942563938607
James Madison,Florida,0.010600141481562016
James Madison,Florida Atlantic,0.007669487428244995
James Madison,Florida International,0.022215137806450586
James Madison,Florida State,0.014028566634779732
James Madison,Fresno State,0.02672222864427279
James Madison,Georgia,0.015357428182876961
James Madison,Georgia Southern,0.03369246852796933
James Madison,Georgia State,0.007758422774781617
James Madison,Georgia Tech,0.009722616116811968
James Madison,Hawai'i,0.009331176510202668
James Madison,Houston,0.014573263010807797
James Madison,Illinois,0.006045962835401645
James Madison,Indiana,0.0070783697587146355
James Madison,Iowa,0.02096941011930168
James Madison,Iowa State,0.015698478014642497
James Madison,Jacksonville State,0.009675496919203549
James Madison,Kansas,0.02309275112753336
James Madison,Kansas State,0.01862683914311656
James Madison,Kennesaw State,0.015469178771134398
James Madison,Kent State,0.004496572387482948
James Madison,Kentucky,0.006902067934416894
James Madison,LSU,0.025800579445535078
James Madison,Liberty,0.014349016608914071
James Madison,Louisiana,0.021433833368681696
James Madison,Louisiana Tech,0.02726725377111027
James Madison,Louisville,0.016326212234311934
James Madison,Marshall,0.014579479458285862
James Madison,Maryland,0.019781034888432806
James Madison,Massachusetts,0.02705566986155975
James Madison,Memphis,0.014703681208624555
James Madison,Miami,0.014772562114681363
James Madison,Miami (OH),0.019965383987265526
James Madison,Michigan,0.013273421027616514
James Madison,Michigan State,0.009436569630839815
James Madison,Middle Tennessee,0.019878931267109632
James Madison,Minnesota,0.007374983527172213
James Madison,Mississippi State,0.018582075440420166
James Madison,Missouri,0.01837209189261267
James Madison,Missouri State,0.022997548155632902
James Madison,NC State,0.020596032170112848
James Madison,Navy,0.01918497529814144
James Madison,Nebraska,0.004803151868479815
James Madison,Nevada,0.02027314106020324
James Madison,New Mexico,0.012355303101272487
James Madison,New Mexico State,0.012261889826343509
James Madison,North Carolina,0.020658586992490433
James Madison,North Dakota State,0.012987404736461068
James Madison,North Texas,0.040040314449308015
James Madison,Northern Illinois,0.017927647149083195
James Madison,Northwestern,0.009288196829190059
James Madison,Notre Dame,0.020122785649566877
James Madison,Ohio,0.013748473447959465
James Madison,Ohio State,0.012324503141552307
James Madison,Oklahoma,0.020365970379731337
James Madison,Oklahoma State,0.016222184288279234
James Madison,Old Dominion,0.02621714262011448
James Madison,Ole Miss,0.0064443786866828015
James Madison,Oregon,0.006740480710101776
James Madison,Oregon State,0.01953972524357748
James Madison,Penn State,0.011483875163663131
James Madison,Pittsburgh,0.024150588899538677
James Madison,Purdue,0.017709818401583095
James Madison,Rice,0.016718301420190058
James Madison,Rutgers,0.009085334633325746
James Madison,SMU,0.020247783050115292
James Madison,Sacramento State,0.02423636798989934
James Madison,Sam Houston,0.018757529528606327
James Madison,San Diego State,0.010352293652115544
James Madison,San José State,0.012800426906746208
James Madison,South Alabama,0.01616936007136871
James Madison,South Carolina,0.018751677118493976
James Madison,South Florida,0.01553359821306846
James Madison,Southern Miss,0.03498586100805312
James Madison,Stanford,0.016093124170931686
James Madison,Syracuse,0.013282601665044682
James Madison,TCU,0.015705315158994808
James Madison,Temple,0.02821988874884746
James Madison,Tennessee,0.012586524423313174
James Madison,Texas,0.02009263493544701
James Madison,Texas A&M,0.024770968677119407
James Madison,Texas State,0.016697968993659315
James Madison,Texas Tech,0.013795421369806564
James Madison,Toledo,0.02835392320260046
James Madison,Troy,0.011208131165524628
James Madison,Tulane,0.013448479181811326
James Madison,Tulsa,0.030665641048806522
James Madison,UAB,0.014117397302931616
James Madison,UCF,0.03029469552150273
James Madison,UCLA,0.016018665813039207
James Madison,UConn,0.023839545075920447
James Madison,UL Monroe,0.00851410004828283
James Madison,UNLV,0.00854046010140856
James Madison,USC,0.02091308307744
James Madison,UTEP,0.013021503972713875
James Madison,UTSA,0.01208573287023975
James Madison,Utah,0.011185757652780317
James Madison,Utah State,0.023727139239542942
James Madison,Vanderbilt,0.012639626050512495
James Madison,Virginia,0.01768649857471617
James Madison,Virginia Tech,0.02349356269661218
James Madison,Wake Forest,0.010432013300071666
James Madison,Washington,0.023849895761312162
James Madison,Washington State,0.02993258389680134
James Madison,West Virginia,0.01630310659098841
James Madison,Western Kentucky,0.0043156949856584005
James Madison,Western Michigan,0.021959197314013326
James Madison,Wisconsin,0.006283225250128864
James Madison,Wyoming,0.009808016909425727
Kansas,Air Force,0.005085788864147206
Kansas,Akron,0.025427871845888714
Kansas,Alabama,0.018169728764998436
Kansas,App State,0.006302642784325371
Kansas,Arizona,0.004578656482003597
Kansas,Arizona State,0.010400500160361589
Kansas,Arkansas,0.006604887125506241
Kansas,Arkansas State,0.012358688892464581
Kansas,Army,0.007752880368147549
Kansas,Auburn,0.02360682961164124
Kansas,BYU,0.00914256258832536
Kansas,Ball State,0.014396743281345863
Kansas,Baylor,0.013461947366124931
Kansas,Boise State,0.012684842603222241
Kansas,Boston College,0.014495091395850711
Kansas,Bowling Green,0.010868301071935753
Kansas,Buffalo,0.022583209320514573
Kansas,California,0.013434060662423426
Kansas,Central Michigan,0.0057504688702043226
Kansas,Charlotte,0.022484234102463696
Kansas,Cincinnati,0.009267225780113892
Kansas,Clemson,0.00982657354876245
Kansas,Coastal Carolina,0.009112344270457217
Kansas,Colorado,0.018444253692717884
Kansas,Colorado State,0.013312808712789885
Kansas,Delaware,0.018543072814827
Kansas,Duke,0.0168675907011714
Kansas,East Carolina,0.013295630261931889
Kansas,Eastern Michigan,0.006798870374338596
Kansas,Florida,0.009046931683527194
Kansas,Florida Atlantic,0.009275048820145876
Kansas,Florida International,0.016870065616850574
Kansas,Florida State,0.00781935751148057
Kansas,Fresno State,0.02137715645467278
Kansas,Georgia,0.010012355993276949
Kansas,Georgia Southern,0.02834739633836932
Kansas,Georgia State,0.005712418868666183
Kansas,Georgia Tech,0.004377543927211956
Kansas,Hawai'i,0.0037124895221499195
Kansas,Houston,0.009228190821207785
Kansas,Illinois,0.013500134696189735
Kansas,Indiana,0.006072973691363268
Kansas,Iowa,0.015624337929701667
Kansas,Iowa State,0.010353405825042485
Kansas,Jacksonville State,0.010306628262882653
Kansas,James Madison,0.014095468905687584
Kansas,Kansas State,0.013281766953516547
Kansas,Kennesaw State,0.010124106581534386
Kansas,Kent State,0.010806743463180146
Kansas,Kentucky,0.0072955558702373175
Kansas,LSU,0.020455507255935063
Kansas,Liberty,0.009003944419314059
Kansas,Louisiana,0.016088761179081684
Kansas,Louisiana Tech,0.02192218158151026
Kansas,Louisville,0.011947383997095398
Kansas,Marshall,0.010405379332221066
Kansas,Maryland,0.014435962698832794
Kansas,Massachusetts,0.021710597671959736
Kansas,Memphis,0.020048753398224567
Kansas,Miami,0.00942748992508135
Kansas,Miami (OH),0.014620311797665514
Kansas,Michigan,0.004522259124613063
Kansas,Michigan State,0.00910540907659469
Kansas,Middle Tennessee,0.01453385907750962
Kansas,Minnesota,0.012252169029197724
Kansas,Mississippi State,0.013237003250820153
Kansas,Missouri,0.01302701970301266
Kansas,Missouri State,0.017652475966032886
Kansas,NC State,0.015250959980512837
Kansas,Navy,0.010297600781251134
Kansas,Nebraska,0.006382725227928111
Kansas,Nevada,0.014928068870603226
Kansas,New Mexico,0.008415694565476629
Kansas,New Mexico State,0.006916817636743497
Kansas,North Carolina,0.015313514802890421
Kansas,North Dakota State,0.013078835961546745
Kansas,North Texas,0.034695242259708006
Kansas,Northern Illinois,0.007114288478028821
Kansas,Northwestern,0.006737316782422227
Kansas,Notre Dame,0.014777713459966865
Kansas,Ohio,0.01070028801920863
Kansas,Ohio State,0.006979430951952294
Kansas,Oklahoma,0.015020898190131325
Kansas,Oklahoma State,0.011393518508567718
Kansas,Old Dominion,0.020872070430514464
Kansas,Ole Miss,0.014076613159349174
Kansas,Oregon,0.012085552899701788
Kansas,Oregon State,0.014194653053977465
Kansas,Penn State,0.006138802974063119
Kansas,Pittsburgh,0.018805516709938665
Kansas,Purdue,0.012364746211983083
Kansas,Rice,0.011373229230590046
Kansas,Rutgers,0.010996633891101596
Kansas,SMU,0.014902710860515278
Kansas,Sacramento State,0.01889129580029933
Kansas,Sam Houston,0.007944170857551953
Kansas,San Diego State,0.002661009842226468
Kansas,San José State,0.007455354717146196
Kansas,South Alabama,0.0108242878817687
Kansas,South Carolina,0.013406604928893964
Kansas,South Florida,0.010952143192058728
Kansas,Southern Miss,0.029640788818453105
Kansas,Stanford,0.010748051981331674
Kansas,Syracuse,0.008073620794075826
Kansas,TCU,0.010360242969394796
Kansas,Temple,0.02287481655924745
Kansas,Tennessee,0.008430396252751222
Kansas,Texas,0.014747562745847
Kansas,Texas A&M,0.019425896487519398
Kansas,Texas State,0.011352896804059303
Kansas,Texas Tech,0.008450349180206552
Kansas,Toledo,0.023008851013000448
Kansas,Troy,0.006387327908389943
Kansas,Tulane,0.008103406992211314
Kansas,Tulsa,0.02532056885920651
Kansas,UAB,0.008772325113331604
Kansas,UCF,0.024949623331902718
Kansas,UCLA,0.010673593623439193
Kansas,UConn,0.01849447288632043
Kansas,UL Monroe,0.01491632055102779
Kansas,UNLV,0.004522992468761989
Kansas,USC,0.01556801088783999
Kansas,UTEP,0.007676431783113863
Kansas,UTSA,0.006553500821364698
Kansas,Utah,0.005046700765824545
Kansas,Utah State,0.018382067049942934
Kansas,Vanderbilt,0.0037703391547909693
Kansas,Virginia,0.012341426385116157
Kansas,Virginia Tech,0.018148490507012165
Kansas,Wake Forest,0.008725966945813627
Kansas,Washington,0.01850482357171215
Kansas,Washington State,0.024587511707201328
Kansas,West Virginia,0.010958034401388395
Kansas,Western Kentucky,0.00986761854185786
Kansas,Western Michigan,0.016614125124413313
Kansas,Wisconsin,0.012393825642695502
Kansas,Wyoming,0.007222437648640192
Kansas State,Air Force,0.017075325364678724
Kansas State,Akron,0.019731421503047908
Kansas State,Alabama,0.012473278422157626
Kansas State,App State,0.012407696874355195
Kansas State,Arizona,0.016626034941778528
Kansas State,Arizona State,0.01031393192970883
Kansas State,Arkansas,0.012579028849083837
Kansas State,Arkansas State,0.015785348533997153
Kansas State,Army,0.012634336731431961
Kansas State,Auburn,0.017910379268800434
Kansas State,BYU,0.017140360355341472
Kansas State,Ball State,0.011215419785363024
Kansas State,Baylor,0.01654332216582958
Kansas State,Boise State,0.016457163351594382
Kansas State,Boston College,0.014126326620170548
Kansas State,Bowling Green,0.011331308428004174
Kansas State,Buffalo,0.016886758977673767
Kansas State,California,0.019130511005264233
Kansas State,Central Michigan,0.011923906225994763
Kansas State,Charlotte,0.025910893743996268
Kansas State,Cincinnati,0.0149636761229547
Kansas State,Clemson,0.018946172703347836
Kansas State,Coastal Carolina,0.011581891544023368
Kansas State,Colorado,0.013459569323098584
Kansas State,Colorado State,0.016739468354322454
Kansas State,Delaware,0.013103045730695597
Kansas State,Duke,0.011171140358330594
Kansas State,East Carolina,0.017987253168502988
Kansas State,Eastern Michigan,0.013027150235044346
Kansas State,Florida,0.012765105525243403
Kansas State,Florida Atlantic,0.014971499162986684
Kansas State,Florida International,0.01318902392954704
Kansas State,Florida State,0.018590325897864426
Kansas State,Fresno State,0.01844356693794867
Kansas State,Georgia,0.012934545208898559
Kansas State,Georgia Southern,0.022650945995528513
Kansas State,Georgia State,0.009961468466119356
Kansas State,Georgia Tech,0.014157269087671382
Kansas State,Hawai'i,0.014191705173933832
Kansas State,Houston,0.01202758087401038
Kansas State,Illinois,0.016926794337722303
Kansas State,Indiana,0.011456300519479675
Kansas State,Iowa,0.01185503035879556
Kansas State,Iowa State,0.011526592733687358
Kansas State,Jacksonville State,0.014536025582934712
Kansas State,James Madison,0.013298155119274952
Kansas State,Kansas,0.014673787406383716
Kansas State,Kennesaw State,0.013071575211656682
Kansas State,Kent State,0.009357101051214112
Kansas State,Kentucky,0.008378331464548222
Kansas State,LSU,0.014759056913094256
Kansas State,Liberty,0.011963466553791005
Kansas State,Louisiana,0.016799795347370826
Kansas State,Louisiana Tech,0.016225731238669452
Kansas State,Louisville,0.010644671143379532
Kansas State,Marshall,0.01573306073801879
Kansas State,Maryland,0.012088320976224549
Kansas State,Massachusetts,0.01601414732911893
Kansas State,Memphis,0.025745203741065373
Kansas State,Miami,0.009180024205342351
Kansas State,Miami (OH),0.010881290997578816
Kansas State,Michigan,0.018133949691347677
Kansas State,Michigan State,0.013998328893924508
Kansas State,Middle Tennessee,0.013518423099606932
Kansas State,Minnesota,0.011936742790256907
Kansas State,Mississippi State,0.011968501455718964
Kansas State,Missouri,0.01493580851730325
Kansas State,Missouri State,0.01365409345908205
Kansas State,NC State,0.009554509637672029
Kansas State,Navy,0.023746734561226134
Kansas State,Nebraska,0.009680571260411445
Kansas State,Nevada,0.0098087070134776
Kansas State,New Mexico,0.013154861320659135
Kansas State,New Mexico State,0.014776796310012176
Kansas State,North Carolina,0.01309626223943443
Kansas State,North Dakota State,0.009652176320014173
Kansas State,North Texas,0.028998791916867196
Kansas State,Northern Illinois,0.02278817581281436
Kansas State,Northwestern,0.010870311837744217
Kansas State,Notre Dame,0.009081263117126056
Kansas State,Ohio,0.01831023271104416
Kansas State,Ohio State,0.013227130744780838
Kansas State,Oklahoma,0.013582279569877896
Kansas State,Oklahoma State,0.005180661755838414
Kansas State,Old Dominion,0.015175620087673657
Kansas State,Ole Miss,0.011006137949767495
Kansas State,Oregon,0.017782003242542595
Kansas State,Oregon State,0.019738863031815816
Kansas State,Penn State,0.012913057518685201
Kansas State,Pittsburgh,0.013109066367097856
Kansas State,Purdue,0.012243438391145941
Kansas State,Rice,0.011434792300154845
Kansas State,Rutgers,0.013647093896410441
Kansas State,SMU,0.01674925556506087
Kansas State,Sacramento State,0.013194845457458521
Kansas State,Sam Houston,0.02361805819233749
Kansas State,San Diego State,0.015212822315846707
Kansas State,San José State,0.011967639787877585
Kansas State,South Alabama,0.013270159856183218
Kansas State,South Carolina,0.015328481488172861
Kansas State,South Florida,0.009618628187290482
Kansas State,Southern Miss,0.0239443384756123
Kansas State,Stanford,0.013048824343444888
Kansas State,Syracuse,0.011168277458478816
Kansas State,TCU,0.013947710482666263
Kansas State,Temple,0.017178366216406643
Kansas State,Tennessee,0.017447053087044338
Kansas State,Texas,0.01862046968267376
Kansas State,Texas A&M,0.021672060354213457
Kansas State,Texas State,0.013621622095052376
Kansas State,Texas Tech,0.017923175806659274
Kansas State,Toledo,0.01731240067015964
Kansas State,Troy,0.009986010499606566
Kansas State,Tulane,0.011612864402452579
Kansas State,Tulsa,0.020004610767920372
Kansas State,UAB,0.009589607299252186
Kansas State,UCF,0.01925317298906191
Kansas State,UCLA,0.014382699377920765
Kansas State,UConn,0.013211687000142686
Kansas State,UL Monroe,0.01834298019256036
Kansas State,UNLV,0.013400988765139725
Kansas State,USC,0.014740993144416556
Kansas State,UTEP,0.014953686018934615
Kansas State,UTSA,0.016946261533970913
Kansas State,Utah,0.01604628631651148
Kansas State,Utah State,0.018566307866840624
Kansas State,Vanderbilt,0.017500154714243658
Kansas State,Virginia,0.010574891462631422
Kansas State,Virginia Tech,0.012452040164171358
Kansas State,Wake Forest,0.012910676893876212
Kansas State,Washington,0.012808373228871342
Kansas State,Washington State,0.01889106136436052
Kansas State,West Virginia,0.016446644539305826
Kansas State,Western Kentucky,0.015357217518099221
Kansas State,Western Michigan,0.014556561266173681
Kansas State,Wisconsin,0.007546192792774718
Kansas State,Wyoming,0.01436977617251042
Kennesaw State,Air Force,0.01693710192430755
Kennesaw State,Akron,0.012601218933130947
Kennesaw State,Alabama,0.017843151879582003
Kennesaw State,App State,0.020677202991506136
Kennesaw State,Arizona,0.021484348935149382
Kennesaw State,Arizona State,0.010450327301653413
Kennesaw State,Arkansas,0.022756015112850594
Kennesaw State,Arkansas State,0.02009583103506038
Kennesaw State,Army,0.019980387719217875
Kennesaw State,Auburn,0.00542439662218511
Kennesaw State,BYU,0.01170826487368964
Kennesaw State,Ball State,0.013858740825908532
Kennesaw State,Baylor,0.017661933061423378
Kennesaw State,Boise State,0.008165984858792757
Kennesaw State,Boston College,0.00749371230394198
Kennesaw State,Bowling Green,0.01066071071715926
Kennesaw State,Buffalo,0.023001376016675727
Kennesaw State,California,0.034284888124438424
Kennesaw State,Central Michigan,0.015100358591810678
Kennesaw State,Charlotte,0.004325375173966865
Kennesaw State,Cincinnati,0.030118053242128892
Kennesaw State,Clemson,0.012722404798839309
Kennesaw State,Coastal Carolina,0.024504057269725835
Kennesaw State,Colorado,0.01574714041043128
Kennesaw State,Colorado State,0.021203460806831217
Kennesaw State,Delaware,0.004436583281283563
Kennesaw State,Duke,0.006054001231071263
Kennesaw State,East Carolina,0.012823801555152484
Kennesaw State,Eastern Michigan,0.0182986121682655
Kennesaw State,Florida,0.015595758170052995
Kennesaw State,Florida Atlantic,0.030125876282160874
Kennesaw State,Florida International,0.023920823950871736
Kennesaw State,Florida State,0.014718375852612537
Kennesaw State,Fresno State,0.0057642481117681455
Kennesaw State,Georgia,0.01083847146873805
Kennesaw State,Georgia Southern,0.015608303612304374
Kennesaw State,Georgia State,0.018437476876833395
Kennesaw State,Georgia Tech,0.016801524738237063
Kennesaw State,Hawai'i,0.018952336986966963
Kennesaw State,Houston,0.011622636640807215
Kennesaw State,Illinois,0.021005154483943234
Kennesaw State,Indiana,0.019117529892900376
Kennesaw State,Iowa,0.016296646556235146
Kennesaw State,Iowa State,0.021711623214757038
Kennesaw State,Jacksonville State,0.017281575371962284
Kennesaw State,James Madison,0.015074416696726257
Kennesaw State,Kansas,0.02141578509450911
Kennesaw State,Kansas State,0.007569060508498453
Kennesaw State,Kent State,0.023325638439893572
Kennesaw State,Kentucky,0.019293831717198118
Kennesaw State,LSU,0.01382241804937079
Kennesaw State,Liberty,0.01184688304270094
Kennesaw State,Louisiana,0.0159174119317723
Kennesaw State,Louisiana Tech,0.015655467251983118
Kennesaw State,Louisville,0.015760003935974123
Kennesaw State,Marshall,0.01161642019332915
Kennesaw State,Maryland,0.013298304445757225
Kennesaw State,Massachusetts,0.01812012660319861
Kennesaw State,Memphis,0.040899580860239565
Kennesaw State,Miami,0.011423337536933649
Kennesaw State,Miami (OH),0.006230515664349486
Kennesaw State,Michigan,0.017638710556976387
Kennesaw State,Michigan State,0.01777772575532535
Kennesaw State,Middle Tennessee,0.008101615824505595
Kennesaw State,Minnesota,0.022389751994438118
Kennesaw State,Mississippi State,0.007613824211194846
Kennesaw State,Missouri,0.013578679890595937
Kennesaw State,Missouri State,0.013557831159625031
Kennesaw State,NC State,0.014165418633364422
Kennesaw State,Navy,0.018223921311693474
Kennesaw State,Nebraska,0.024834948379585636
Kennesaw State,Nevada,0.011811331910634926
Kennesaw State,New Mexico,0.013840596550342525
Kennesaw State,New Mexico State,0.022237383473674086
Kennesaw State,North Carolina,0.016348887708046957
Kennesaw State,North Dakota State,0.0312722152441267
Kennesaw State,North Texas,0.01963972086626633
Kennesaw State,Northern Illinois,0.018858569707746756
Kennesaw State,Northwestern,0.01690770282242495
Kennesaw State,Notre Dame,0.014556476774355577
Kennesaw State,Ohio,0.012937594004755408
Kennesaw State,Ohio State,0.013871396510062705
Kennesaw State,Oklahoma,0.011047431746530285
Kennesaw State,Oklahoma State,0.01830552474718886
Kennesaw State,Old Dominion,0.008702085126855021
Kennesaw State,Ole Miss,0.024976796145027198
Kennesaw State,Oregon,0.03293638036171679
Kennesaw State,Oregon State,0.025295986373363624
Kennesaw State,Penn State,0.014712024487951881
Kennesaw State,Pittsburgh,0.002045310752076335
Kennesaw State,Purdue,0.01042359926141165
Kennesaw State,Rice,0.010185246623957683
Kennesaw State,Rutgers,0.02457991415733029
Kennesaw State,SMU,0.009866141719247669
Kennesaw State,Sacramento State,0.015361946884159724
Kennesaw State,Sam Houston,0.017599642339774055
Kennesaw State,San Diego State,0.023511837304241466
Kennesaw State,San José State,0.015909365658130004
Kennesaw State,South Alabama,0.0100265395802463
Kennesaw State,South Carolina,0.0074442225331210355
Kennesaw State,South Florida,0.018125182254419694
Kennesaw State,Southern Miss,0.008789961356438105
Kennesaw State,Stanford,0.010102775480683326
Kennesaw State,Syracuse,0.01291329798657033
Kennesaw State,TCU,0.010490584492620206
Kennesaw State,Temple,0.012608438344841329
Kennesaw State,Tennessee,0.0198818756533394
Kennesaw State,Texas,0.0061032647161680005
Kennesaw State,Texas A&M,0.01122944240629582
Kennesaw State,Texas State,0.01755528568576966
Kennesaw State,Texas Tech,0.012400478281808448
Kennesaw State,Toledo,0.00712516022296339
Kennesaw State,Troy,0.018327614933665495
Kennesaw State,Tulane,0.012747420469803686
Kennesaw State,Tulsa,0.01411887323118527
Kennesaw State,UAB,0.012078502348683396
Kennesaw State,UCF,0.017623158782371112
Kennesaw State,UCLA,0.01756085791006014
Kennesaw State,UConn,0.0027690690522250514
Kennesaw State,UL Monroe,0.03054981636388352
Kennesaw State,UNLV,0.022566679562876966
Kennesaw State,USC,0.012964639927165822
Kennesaw State,UTEP,0.013174395678901137
Kennesaw State,UTSA,0.017283068550376007
Kennesaw State,Utah,0.017149815147087785
Kennesaw State,Utah State,0.019295087371317597
Kennesaw State,Vanderbilt,0.024621166616805967
Kennesaw State,Virginia,0.008509401076898843
Kennesaw State,Virginia Tech,0.0027023369550028334
Kennesaw State,Wake Forest,0.015763886351543348
Kennesaw State,Washington,0.009446383243009476
Kennesaw State,Washington State,0.006687205960026555
Kennesaw State,West Virginia,0.009892793060626605
Kennesaw State,Western Kentucky,0.03051159463727341
Kennesaw State,Western Michigan,0.004236702337601686
Kennesaw State,Wisconsin,0.019912674401486148
Kennesaw State,Wyoming,0.017954594726274878
Kent State,Air Force,0.012287016621967626
Kent State,Akron,0.02149033577934988
Kent State,Alabama,0.014232192698459597
Kent State,App State,0.007017678409966865
Kent State,Arizona,0.008964637498236434
Kent State,Arizona State,0.007679527072724318
Kent State,Arkansas,0.009315055286118945
Kent State,Arkansas State,0.0031825396395842183
Kent State,Army,0.009296884472922458
Kent State,Auburn,0.019669293545102405
Kent State,BYU,0.007544913720314417
Kent State,Ball State,0.010459207214807026
Kent State,Baylor,0.013011847759083456
Kent State,Boise State,0.008747306536683406
Kent State,Boston College,0.010557555329311874
Kent State,Bowling Green,0.006252580678316903
Kent State,Buffalo,0.018645673253975738
Kent State,California,0.01737159672896226
Kent State,Central Michigan,0.01019060636030662
Kent State,Charlotte,0.012587916221509298
Kent State,Cincinnati,0.01320476184665273
Kent State,Clemson,0.009350726068320782
Kent State,Coastal Carolina,0.019853971967385912
Kent State,Colorado,0.014506717626179047
Kent State,Colorado State,0.005902674270905857
Kent State,Delaware,0.014605536748288165
Kent State,Duke,0.012930054634632565
Kent State,East Carolina,0.009358094195393052
Kent State,Eastern Michigan,0.013648526865925579
Kent State,Florida,0.004496362296712837
Kent State,Florida Atlantic,0.013212584886684713
Kent State,Florida International,0.01927073864853181
Kent State,Florida State,0.00982939891588873
Kent State,Fresno State,0.01743962038813394
Kent State,Georgia,0.006074819926738113
Kent State,Georgia Southern,0.024409860271830484
Kent State,Georgia State,0.011151589902160676
Kent State,Georgia Tech,0.01215143943589714
Kent State,Hawai'i,0.009830804458090113
Kent State,Houston,0.005290654754668948
Kent State,Illinois,0.005158651884770915
Kent State,Indiana,0.008452529787121216
Kent State,Iowa,0.01168680186316283
Kent State,Iowa State,0.017061537912417116
Kent State,Jacksonville State,0.004940578947907656
Kent State,James Madison,0.010424331394386333
Kent State,Kansas,0.016765699792169186
Kent State,Kansas State,0.00934423088697771
Kent State,Kennesaw State,0.006186570514995549
Kent State,Kentucky,0.011076535641605628
Kent State,LSU,0.016517971189396227
Kent State,Liberty,0.006858404161108648
Kent State,Louisiana,0.012151225112542846
Kent State,Louisiana Tech,0.017984645514971424
Kent State,Louisville,0.011109918633634197
Kent State,Marshall,0.0052968712021470125
Kent State,Maryland,0.010498426632293957
Kent State,Massachusetts,0.0177730616054209
Kent State,Memphis,0.023986289464763402
Kent State,Miami,0.005489953858542514
Kent State,Miami (OH),0.010682775731126677
Kent State,Michigan,0.011764430204658444
Kent State,Michigan State,0.004437884903645342
Kent State,Middle Tennessee,0.010596323010970783
Kent State,Minnesota,0.006173728329439242
Kent State,Mississippi State,0.009299467184281316
Kent State,Missouri,0.009089483636473822
Kent State,Missouri State,0.013714939899494051
Kent State,NC State,0.011313423913974
Kent State,Navy,0.013573836009353552
Kent State,Nebraska,0.012927642551331189
Kent State,Nevada,0.010990532804064389
Kent State,New Mexico,0.009130730191118123
Kent State,New Mexico State,0.017587298171334163
Kent State,North Carolina,0.011698802405707032
Kent State,North Dakota State,0.026622129941786775
Kent State,North Texas,0.030757706193169167
Kent State,Northern Illinois,0.013192729177787304
Kent State,Northwestern,0.009924556722829044
Kent State,Notre Dame,0.010840177393428027
Kent State,Ohio,0.004146063305427668
Kent State,Ohio State,0.006982698753025291
Kent State,Oklahoma,0.011083362123592488
Kent State,Oklahoma State,0.013655439444848937
Kent State,Old Dominion,0.01693453436397563
Kent State,Ole Miss,0.008063504749551035
Kent State,Oregon,0.016023088966240624
Kent State,Oregon State,0.020645901071023702
Kent State,Penn State,0.0077329725699993275
Kent State,Pittsburgh,0.014867980643399828
Kent State,Purdue,0.008427210145444246
Kent State,Rice,0.00743569316405121
Kent State,Rutgers,0.007666622761854128
Kent State,SMU,0.010965174793976441
Kent State,Sacramento State,0.014953759733760492
Kent State,Sam Houston,0.014022611557310436
Kent State,San Diego State,0.006598545908765305
Kent State,San José State,0.011259280355790078
Kent State,South Alabama,0.006886751815229863
Kent State,South Carolina,0.009469068862355127
Kent State,South Florida,0.013475096952079768
Kent State,Southern Miss,0.02570325275191427
Kent State,Stanford,0.006810515914792837
Kent State,Syracuse,0.00878865641971732
Kent State,TCU,0.006422706902855959
Kent State,Temple,0.018937280492708614
Kent State,Tennessee,0.007851606452017282
Kent State,Texas,0.010810026679308162
Kent State,Texas A&M,0.015488360420980559
Kent State,Texas State,0.012905200383429738
Kent State,Texas Tech,0.004512813113667715
Kent State,Toledo,0.019071314946461613
Kent State,Troy,0.01367752963132557
Kent State,Tulane,0.006884956183517711
Kent State,Tulsa,0.021383032792667674
Kent State,UAB,0.007380346322520419
Kent State,UCF,0.021012087265363882
Kent State,UCLA,0.012910772607720215
Kent State,UConn,0.014556936819781596
Kent State,UL Monroe,0.013636524968407357
Kent State,UNLV,0.009553907550875547
Kent State,USC,0.011630474821301152
Kent State,UTEP,0.0037388957165750266
Kent State,UTSA,0.0073508148989438575
Kent State,Utah,0.008496593214415487
Kent State,Utah State,0.014645002068977675
Kent State,Vanderbilt,0.012680475343311738
Kent State,Virginia,0.00840389031857732
Kent State,Virginia Tech,0.01421095444047333
Kent State,Wake Forest,0.002647526246055143
Kent State,Washington,0.014567287505173313
Kent State,Washington State,0.020649975640662493
Kent State,West Virginia,0.007020498334849558
Kent State,Western Kentucky,0.01359830324179725
Kent State,Western Michigan,0.012676589057874476
Kent State,Wisconsin,0.011113950947901784
Kent State,Wyoming,0.013304509423934956
Kentucky,Air Force,0.012588169859017615
Kentucky,Akron,0.02164460426219609
Kentucky,Alabama,0.02170654345588087
Kentucky,App State,0.017060732153673444
Kentucky,Arizona,0.010103911878200304
Kentucky,Arizona State,0.017722580816430897
Kentucky,Arkansas,0.011628194300239236
Kentucky,Arkansas State,0.01160933415923955
Kentucky,Army,0.011572886417891112
Kentucky,Auburn,0.019823562027948615
Kentucky,BYU,0.009578443442815887
Kentucky,Ball State,0.016429059328653232
Kentucky,Baylor,0.01517450598495054
Kentucky,Boise State,0.008901575019529616
Kentucky,Boston College,0.013325080072423293
Kentucky,Bowling Green,0.014045731026624103
Kentucky,Buffalo,0.018799941736821948
Kentucky,California,0.019958156982954223
Kentucky,Central Michigan,0.015641363837349785
Kentucky,Charlotte,0.012742184704355508
Kentucky,Cincinnati,0.01468215515670868
Kentucky,Clemson,0.012353474038491392
Kentucky,Coastal Carolina,0.018518900724816566
Kentucky,Colorado,0.014660986109025258
Kentucky,Colorado State,0.015945728014612436
Kentucky,Delaware,0.01596448760442611
Kentucky,Duke,0.01758190555421381
Kentucky,East Carolina,0.009512362678239263
Kentucky,Eastern Michigan,0.013578619843396249
Kentucky,Florida,0.014140217537517675
Kentucky,Florida Atlantic,0.016774130474326826
Kentucky,Florida International,0.017935667405962467
Kentucky,Florida State,0.010279643987238568
Kentucky,Fresno State,0.01759388887098015
Kentucky,Georgia,0.011272677940424514
Kentucky,Georgia Southern,0.024564128754676694
Kentucky,Georgia State,0.016327228736201897
Kentucky,Georgia Tech,0.013107295311815488
Kentucky,Hawai'i,0.011733439063674371
Kentucky,Houston,0.012179642275312694
Kentucky,Illinois,0.013697379060287396
Kentucky,Indiana,0.012750922629843398
Kentucky,Iowa,0.012352192790527513
Kentucky,Iowa State,0.016531829056325605
Kentucky,Jacksonville State,0.01309582507716757
Kentucky,James Madison,0.010909068030048121
Kentucky,Kansas,0.015430628549599841
Kentucky,Kansas State,0.015955329659648992
Kentucky,Kennesaw State,0.011619013224580452
Kentucky,Kent State,0.02156483283252822
Kentucky,LSU,0.025350322372513334
Kentucky,Liberty,0.012366740213781657
Kentucky,Louisiana,0.012305493595389058
Kentucky,Louisiana Tech,0.02149594122229753
Kentucky,Louisville,0.014407670472853396
Kentucky,Marshall,0.012865665807979064
Kentucky,Maryland,0.012498367409515935
Kentucky,Massachusetts,0.01792733008826711
Kentucky,Memphis,0.023832020981917192
Kentucky,Miami,0.015027198943980722
Kentucky,Miami (OH),0.013325932151744256
Kentucky,Michigan,0.015280348493961137
Kentucky,Michigan State,0.010208894255398563
Kentucky,Middle Tennessee,0.01670568279171954
Kentucky,Minnesota,0.014712455504955722
Kentucky,Mississippi State,0.015145141079258007
Kentucky,Missouri,0.015305334422873459
Kentucky,Missouri State,0.01731815476040744
Kentucky,NC State,0.01688895133966961
Kentucky,Navy,0.012238764766784205
Kentucky,Nebraska,0.017140814597276184
Kentucky,Nevada,0.020504382783160986
Kentucky,New Mexico,0.019173783934824704
Kentucky,New Mexico State,0.016252226928764817
Kentucky,North Carolina,0.017574717007210378
Kentucky,North Dakota State,0.02528705869921743
Kentucky,North Texas,0.030911974676015377
Kentucky,Northern Illinois,0.014186169781232997
Kentucky,Northwestern,0.013336911311578856
Kentucky,Notre Dame,0.016659096036077778
Kentucky,Ohio,0.00770458896136574
Kentucky,Ohio State,0.014064298662984675
Kentucky,Oklahoma,0.012799292047376808
Kentucky,Oklahoma State,0.019836545416595533
Kentucky,Old Dominion,0.01708880284682184
Kentucky,Ole Miss,0.016536899635107172
Kentucky,Oregon,0.020185551054431008
Kentucky,Oregon State,0.019310829828454355
Kentucky,Penn State,0.014286372172458501
Kentucky,Pittsburgh,0.01502224912624604
Kentucky,Purdue,0.012093588726534227
Kentucky,Rice,0.013909036172828333
Kentucky,Rutgers,0.013456920366859594
Kentucky,SMU,0.011119443276822651
Kentucky,Sacramento State,0.01654961930949637
Kentucky,Sam Houston,0.016887851063437306
Kentucky,San Diego State,0.012870310144461179
Kentucky,San José State,0.01813694026049452
Kentucky,South Alabama,0.01234641661661411
Kentucky,South Carolina,0.009623337345201339
Kentucky,South Florida,0.01458859496203259
Kentucky,Southern Miss,0.02585752123476048
Kentucky,Stanford,0.011158398805878184
Kentucky,Syracuse,0.0188317101634239
Kentucky,TCU,0.01025951266665681
Kentucky,Temple,0.019091548975554824
Kentucky,Tennessee,0.015829551078825332
Kentucky,Texas,0.010964295162154372
Kentucky,Texas A&M,0.01564262890382677
Kentucky,Texas State,0.011570129140860393
Kentucky,Texas Tech,0.01083994888489653
Kentucky,Toledo,0.019225583429307823
Kentucky,Troy,0.014221212649716507
Kentucky,Tulane,0.012594358746870494
Kentucky,Tulsa,0.021537301275513884
Kentucky,UAB,0.015049490615309493
Kentucky,UCF,0.021166355748210092
Kentucky,UCLA,0.015472497782126466
Kentucky,UConn,0.014711205302627806
Kentucky,UL Monroe,0.013482256485561145
Kentucky,UNLV,0.015281081838110064
Kentucky,USC,0.011784743304147364
Kentucky,UTEP,0.009253537130388456
Kentucky,UTSA,0.012526666456344189
Kentucky,Utah,0.011503796639449528
Kentucky,Utah State,0.014598799466250305
Kentucky,Vanderbilt,0.014040540389104244
Kentucky,Virginia,0.015470122823368937
Kentucky,Virginia Tech,0.01436522292331954
Kentucky,Wake Forest,0.011296546255446861
Kentucky,Washington,0.015003184794611029
Kentucky,Washington State,0.020804244123508703
Kentucky,West Virginia,0.011318145548937286
Kentucky,Western Kentucky,0.013444034758951038
Kentucky,Western Michigan,0.01415177416077602
Kentucky,Wisconsin,0.016661030356548357
Kentucky,Wyoming,0.011969438181365609
LSU,Air Force,0.019949598695921524
LSU,Akron,0.0297849487467138
LSU,Alabama,0.02906797229278478
LSU,App State,0.024422160990577355
LSU,Arizona,0.017465340715104215
LSU,Arizona State,0.025084009653334807
LSU,Arkansas,0.018989623137143145
LSU,Arkansas State,0.0195509884624421
LSU,Army,0.01893431525479502
LSU,Auburn,0.027963906512466326
LSU,BYU,0.016939872279719798
LSU,Ball State,0.023790488165557143
LSU,Baylor,0.02253593482185445
LSU,Boise State,0.017041919504047327
LSU,Boston College,0.0206865089093272
LSU,Bowling Green,0.02140715986352801
LSU,Buffalo,0.02694028622133966
LSU,California,0.02731958581985813
LSU,Central Michigan,0.023002792674253696
LSU,Charlotte,0.02967653367244122
LSU,Cincinnati,0.02204358399361259
LSU,Clemson,0.0197149028753953
LSU,Coastal Carolina,0.020302227654667666
LSU,Colorado,0.02280133059354297
LSU,Colorado State,0.023307156851516346
LSU,Delaware,0.023325916441330016
LSU,Duke,0.02494333439111772
LSU,East Carolina,0.017652707162756975
LSU,Eastern Michigan,0.020940048680300156
LSU,Florida,0.021501646374421583
LSU,Florida Atlantic,0.024135559311230737
LSU,Florida International,0.021739688465211817
LSU,Florida State,0.012978326088362555
LSU,Fresno State,0.025734233355497863
LSU,Georgia,0.01863410677732842
LSU,Georgia Southern,0.032704473239194405
LSU,Georgia State,0.023688657573105804
LSU,Georgia Tech,0.020468724148719395
LSU,Hawai'i,0.01909486790057828
LSU,Houston,0.0195410711122166
LSU,Illinois,0.02096092988774064
LSU,Indiana,0.020112351466747305
LSU,Iowa,0.019981414830526754
LSU,Iowa State,0.023893257893229512
LSU,Jacksonville State,0.020457253914071476
LSU,James Madison,0.01845254580651267
LSU,Kansas,0.022104755838758434
LSU,Kansas State,0.0233167584965529
LSU,Kennesaw State,0.01898044206148436
LSU,Kent State,0.02892626166943213
LSU,Kentucky,0.023881387198938092
LSU,Liberty,0.019728169050685567
LSU,Louisiana,0.02044583807990677
LSU,Louisiana Tech,0.028857370059201436
LSU,Louisville,0.02092398084284745
LSU,Marshall,0.015835591248208193
LSU,Maryland,0.019859796246419842
LSU,Massachusetts,0.026067674572784826
LSU,Memphis,0.027793908376752836
LSU,Miami,0.022388627780884632
LSU,Miami (OH),0.020687360988648165
LSU,Michigan,0.022641777330865046
LSU,Michigan State,0.017570323092302473
LSU,Middle Tennessee,0.02406711162862345
LSU,Minnesota,0.019631909195970076
LSU,Mississippi State,0.022506569916161914
LSU,Missouri,0.022666763259777366
LSU,Missouri State,0.02467958359731135
LSU,NC State,0.024250380176573518
LSU,Navy,0.011936472441487643
LSU,Nebraska,0.024502243434180095
LSU,Nevada,0.027865811620064896
LSU,New Mexico,0.02653521277172861
LSU,New Mexico State,0.020695009036396338
LSU,North Carolina,0.02493614584411429
LSU,North Dakota State,0.02630515154982364
LSU,North Texas,0.03905231916053309
LSU,Northern Illinois,0.021547598618136904
LSU,Northwestern,0.020698340148482767
LSU,Notre Dame,0.024020524872981685
LSU,Ohio,0.01789258758918615
LSU,Ohio State,0.021425727499888584
LSU,Oklahoma,0.020160720884280715
LSU,Oklahoma State,0.02719797425349944
LSU,Old Dominion,0.025229147331339553
LSU,Ole Miss,0.020562514036459485
LSU,Oregon,0.02754697989133492
LSU,Oregon State,0.018551729954802552
LSU,Penn State,0.02164780100936241
LSU,Pittsburgh,0.02316259361076375
LSU,Purdue,0.019455017563438138
LSU,Rice,0.02127046500973224
LSU,Rutgers,0.01792155808981654
LSU,SMU,0.019259787761340366
LSU,Sacramento State,0.02391104814640028
LSU,Sam Houston,0.024249279900341213
LSU,San Diego State,0.020231738981365086
LSU,San José State,0.025498369097398426
LSU,South Alabama,0.01970784545351802
LSU,South Carolina,0.01776368182971905
LSU,South Florida,0.0219500237989365
LSU,Southern Miss,0.033997865719278195
LSU,Stanford,0.018519827642782094
LSU,Syracuse,0.026193139000327808
LSU,TCU,0.01762094150356072
LSU,Temple,0.027231893460072536
LSU,Tennessee,0.023190979915729243
LSU,Texas,0.019104639646672084
LSU,Texas A&M,0.02378297338834448
LSU,Texas State,0.017947029891174606
LSU,Texas Tech,0.013645476179567708
LSU,Toledo,0.027365927913825534
LSU,Troy,0.021582641486620417
LSU,Tulane,0.019955787583774403
LSU,Tulsa,0.029677645760031596
LSU,UAB,0.022410919452213404
LSU,UCF,0.029306700232727804
LSU,UCLA,0.022833926619030373
LSU,UConn,0.02285154978714552
LSU,UL Monroe,0.02210862012100531
LSU,UNLV,0.022642510675013973
LSU,USC,0.019925087788665075
LSU,UTEP,0.016614965967292367
LSU,UTSA,0.019888095293248097
LSU,Utah,0.018865225476353435
LSU,Utah State,0.022739143950768016
LSU,Vanderbilt,0.021401969226008153
LSU,Virginia,0.022831551660272845
LSU,Virginia Tech,0.022505567407837254
LSU,Wake Forest,0.01865797509235077
LSU,Washington,0.022861900472537236
LSU,Washington State,0.028944588608026414
LSU,West Virginia,0.018067259578035788
LSU,Western Kentucky,0.0053036902744333266
LSU,Western Michigan,0.021513202997679927
LSU,Wisconsin,0.024022459193452264
LSU,Wyoming,0.017198875813716562
Liberty,Air Force,0.013443878583278033
Liberty,Akron,0.03378596156501954
Liberty,Alabama,0.02652781848412926
Liberty,App State,0.010976257197260683
Liberty,Arizona,0.007724568245996443
Liberty,Arizona State,0.018758589879492416
Liberty,Arkansas,0.006452902068295234
Liberty,Arkansas State,0.011044771759307688
Liberty,Army,0.00922852946192795
Liberty,Auburn,0.03196491933077207
Liberty,BYU,0.017500652307456187
Liberty,Ball State,0.02275483300047669
Liberty,Baylor,0.021820037085255758
Liberty,Boise State,0.021042932322353068
Liberty,Boston College,0.02285318111498154
Liberty,Bowling Green,0.018548206463986566
Liberty,Buffalo,0.0309412990396454
Liberty,California,0.013873682026541458
Liberty,Central Michigan,0.01410855858933515
Liberty,Charlotte,0.02488354200717896
Liberty,Cincinnati,0.008597680200295917
Liberty,Clemson,0.016486512382306518
Liberty,Coastal Carolina,0.017470433989588044
Liberty,Colorado,0.02680234341184871
Liberty,Colorado State,0.01199889157963299
Liberty,Delaware,0.02690116253395783
Liberty,Duke,0.02522568042030223
Liberty,East Carolina,0.021653719981062716
Liberty,Eastern Michigan,0.015156960093469422
Liberty,Florida,0.013613159011092831
Liberty,Florida Atlantic,0.010689655517914063
Liberty,Florida International,0.0252281553359814
Liberty,Florida State,0.01449054132853329
Liberty,Fresno State,0.029735246173803603
Liberty,Georgia,0.018370445712407778
Liberty,Georgia Southern,0.036705486057500146
Liberty,Georgia State,0.010771440304312433
Liberty,Georgia Tech,0.012735633646342783
Liberty,Hawai'i,0.010256580194178865
Liberty,Houston,0.01758628054033861
Liberty,Illinois,0.01218621756303284
Liberty,Indiana,0.01009138728824545
Liberty,Iowa,0.023982427648832495
Liberty,Iowa State,0.018711495544173312
Liberty,Jacksonville State,0.01192734180918354
Liberty,James Madison,0.02245355862481841
Liberty,Kansas,0.026105768657064175
Liberty,Kansas State,0.021639856672647374
Liberty,Kennesaw State,0.018482196300665214
Liberty,Kent State,0.015480357876115458
Liberty,Kentucky,0.010435483405621417
Liberty,LSU,0.028813596975065893
Liberty,Louisiana,0.02444685089821251
Liberty,Louisiana Tech,0.030280271300641086
Liberty,Louisville,0.01933922976384275
Liberty,Marshall,0.017592496987816675
Liberty,Maryland,0.02279405241796362
Liberty,Massachusetts,0.030068687391090566
Liberty,Memphis,0.014348004583436165
Liberty,Miami,0.01778557964421218
Liberty,Miami (OH),0.02297840151679634
Liberty,Michigan,0.011570206624169438
Liberty,Michigan State,0.011431191425820478
Liberty,Middle Tennessee,0.022891948796640447
Liberty,Minnesota,0.008399722016666727
Liberty,Mississippi State,0.02159509296995098
Liberty,Missouri,0.021385109422143486
Liberty,Missouri State,0.026010565685163717
Liberty,NC State,0.023609049699643662
Liberty,Navy,0.015937485259793386
Liberty,Nebraska,0.011056339640863421
Liberty,Nevada,0.023286158589734055
Liberty,New Mexico,0.015368320630803302
Liberty,New Mexico State,0.015274907355874324
Liberty,North Carolina,0.023671604522021248
Liberty,North Dakota State,0.016000422265991885
Liberty,North Texas,0.04305333197883883
Liberty,Northern Illinois,0.01096673549055982
Liberty,Northwestern,0.012301214358720874
Liberty,Notre Dame,0.02313580317909769
Liberty,Ohio,0.01627132317639042
Liberty,Ohio State,0.015337520671083122
Liberty,Oklahoma,0.023378987909262152
Liberty,Oklahoma State,0.01923520181781005
Liberty,Old Dominion,0.029230160149645294
Liberty,Ole Miss,0.010224166146818175
Liberty,Oregon,0.014101076098018245
Liberty,Oregon State,0.022552742773108293
Liberty,Penn State,0.014496892693193946
Liberty,Pittsburgh,0.02716360642906949
Liberty,Purdue,0.02072283593111391
Liberty,Rice,0.019731318949720873
Liberty,Rutgers,0.008176774440958086
Liberty,SMU,0.023260800579646107
Liberty,Sacramento State,0.027249385519430156
Liberty,Sam Houston,0.011796617870082952
Liberty,San Diego State,0.006785835188048415
Liberty,San José State,0.015813444436277024
Liberty,South Alabama,0.019182377600899525
Liberty,South Carolina,0.02176469464802479
Liberty,South Florida,0.018546615742599273
Liberty,Southern Miss,0.037998878537583936
Liberty,Stanford,0.0191061417004625
Liberty,Syracuse,0.0162956191945755
Liberty,TCU,0.018718332688525623
Liberty,Temple,0.031232906278378277
Liberty,Tennessee,0.00974507612241257
Liberty,Texas,0.023105652464977824
Liberty,Texas A&M,0.02778398620665022
Liberty,Texas State,0.01971098652319013
Liberty,Texas Tech,0.016808438899337377
Liberty,Toledo,0.031366940732131275
Liberty,Troy,0.014221148695055443
Liberty,Tulane,0.01646149671134214
Liberty,Tulsa,0.03367865857833734
Liberty,UAB,0.017130414832462432
Liberty,UCF,0.03330771305103354
Liberty,UCLA,0.01903168334257002
Liberty,UConn,0.026852562605451262
Liberty,UL Monroe,0.013602403417870895
Liberty,UNLV,0.009196606881697302
Liberty,USC,0.023926100606970816
Liberty,UTEP,0.01603452150224469
Liberty,UTSA,0.011925848630769821
Liberty,Utah,0.01205910203405804
Liberty,Utah State,0.026740156769073757
Liberty,Vanderbilt,0.00795606543269148
Liberty,Virginia,0.020699516104246984
Liberty,Virginia Tech,0.026506580226142995
Liberty,Wake Forest,0.01344503082960248
Liberty,Washington,0.026862913290842977
Liberty,Washington State,0.032945601426332155
Liberty,West Virginia,0.019316124120519224
Liberty,Western Kentucky,0.006015171529326862
Liberty,Western Michigan,0.02497221484354414
Liberty,Wisconsin,0.010576555400135593
Liberty,Wyoming,0.011413004901776746
Louisiana,Air Force,0.013688409740332436
Louisiana,Akron,0.01802429273150904
Louisiana,Alabama,0.012782359785057984
Louisiana,App State,0.009252532176549576
Louisiana,Arizona,0.01701078886406363
Louisiana,Arizona State,0.006396740928362434
Louisiana,Arkansas,0.016660371076181117
Louisiana,Arkansas State,0.024790821274524612
Louisiana,Army,0.016678541889377604
Louisiana,Auburn,0.0141806729645828
Louisiana,BYU,0.019905310730444846
Louisiana,Ball State,0.016766770838731456
Louisiana,Baylor,0.012963578603216609
Louisiana,Boise State,0.01636926194706464
Louisiana,Boston College,0.023131799360698008
Louisiana,Bowling Green,0.02033678116853163
Louisiana,Buffalo,0.013157052673456134
Louisiana,California,0.022860217309481866
Louisiana,Central Michigan,0.01578482000199344
Louisiana,Charlotte,0.03491636648452373
Louisiana,Cincinnati,0.01869338242717233
Louisiana,Clemson,0.022258705930822482
Louisiana,Coastal Carolina,0.011178522927029576
Louisiana,Colorado,0.01487837125420871
Louisiana,Colorado State,0.025744941094849913
Louisiana,Delaware,0.009116916167768562
Louisiana,Duke,0.008638192659912836
Louisiana,East Carolina,0.017899351763973247
Louisiana,Eastern Michigan,0.012326899496374485
Louisiana,Florida,0.021479064065587226
Louisiana,Florida Atlantic,0.018701205467204315
Louisiana,Florida International,0.009741062116485422
Louisiana,Florida State,0.018502424493334686
Louisiana,Fresno State,0.01835566553341893
Louisiana,Georgia,0.012846643804368818
Louisiana,Georgia Southern,0.01892123969131088
Louisiana,Georgia State,0.014823836460139385
Louisiana,Georgia Tech,0.013823986926402923
Louisiana,Hawai'i,0.01614462190420995
Louisiana,Houston,0.011939679469480638
Louisiana,Illinois,0.025932267078249763
Louisiana,Indiana,0.01752289657517885
Louisiana,Iowa,0.014328865108404839
Louisiana,Iowa State,0.008913888449882947
Louisiana,Jacksonville State,0.022738760644942683
Louisiana,James Madison,0.01555109496791373
Louisiana,Kansas,0.014585886001853975
Louisiana,Kansas State,0.02400318333851945
Louisiana,Kennesaw State,0.019886717523528708
Louisiana,Kent State,0.011900967624937012
Louisiana,Kentucky,0.014898890720694436
Louisiana,LSU,0.011029350608876625
Louisiana,Liberty,0.019117022201191415
Louisiana,Louisiana Tech,0.014970044412656869
Louisiana,Louisville,0.014865507728665866
Louisiana,Marshall,0.015645159333489048
Louisiana,Maryland,0.017327207218882763
Louisiana,Massachusetts,0.012505385061441377
Louisiana,Memphis,0.029474910045283007
Louisiana,Miami,0.00909212280081261
Louisiana,Miami (OH),0.010793389593049076
Louisiana,Michigan,0.014210996157641619
Louisiana,Michigan State,0.02153754145865472
Louisiana,Middle Tennessee,0.02252389584013439
Louisiana,Minnesota,0.020089655356703425
Louisiana,Mississippi State,0.008974180665535325
Louisiana,Missouri,0.01704683177404405
Louisiana,Missouri State,0.017067680505014955
Louisiana,NC State,0.016460093031275564
Louisiana,Navy,0.02365883315669639
Louisiana,Nebraska,0.013410277564629076
Louisiana,Nevada,0.01881417975400506
Louisiana,New Mexico,0.004945537809968629
Louisiana,New Mexico State,0.010785741545300901
Louisiana,North Carolina,0.01427662395659303
Louisiana,North Dakota State,0.0051755990318736005
Louisiana,North Texas,0.025269085612649563
Louisiana,Northern Illinois,0.013873149735435311
Louisiana,Northwestern,0.016050869639471017
Louisiana,Notre Dame,0.01606903489028441
Louisiana,Ohio,0.02313242040126866
Louisiana,Ohio State,0.01899272760927477
Louisiana,Oklahoma,0.0195780799181097
Louisiana,Oklahoma State,0.012319986917451127
Louisiana,Old Dominion,0.021923426537784965
Louisiana,Ole Miss,0.01808561427223778
Louisiana,Oregon,0.021511709546760228
Louisiana,Oregon State,0.016957057213222992
Louisiana,Penn State,0.018242453792300734
Louisiana,Pittsburgh,0.01252069203126231
Louisiana,Purdue,0.020201912403228335
Louisiana,Rice,0.020440265040682304
Louisiana,Rutgers,0.021922823956175008
Louisiana,SMU,0.02075936994539232
Louisiana,Sacramento State,0.015263564780480262
Louisiana,Sam Houston,0.016546950769934492
Louisiana,San Diego State,0.012087166489284908
Louisiana,San José State,0.014716146006509985
Louisiana,South Alabama,0.022275632596710677
Louisiana,South Carolina,0.01524058008364312
Louisiana,South Florida,0.012500329410220293
Louisiana,Southern Miss,0.025227869146359088
Louisiana,Stanford,0.012960922938915147
Louisiana,Syracuse,0.005287611581369432
Louisiana,TCU,0.013859809078136522
Louisiana,Temple,0.018017073319798658
Louisiana,Tennessee,0.020862528634811254
Louisiana,Texas,0.018532568278144014
Louisiana,Texas A&M,0.02137317266155911
Louisiana,Texas State,0.013533720690522635
Louisiana,Texas Tech,0.017835274402129533
Louisiana,Toledo,0.013582694365942009
Louisiana,Troy,0.012297896730974492
Louisiana,Tulane,0.019090470178782352
Louisiana,Tulsa,0.016506638433454717
Louisiana,UAB,0.018595080039779645
Louisiana,UCF,0.015523466684844278
Louisiana,UCLA,0.013064653754579846
Louisiana,UConn,0.010832821660738994
Louisiana,UL Monroe,0.027348452933087818
Louisiana,UNLV,0.016421518811424514
Louisiana,USC,0.017660871737474163
Louisiana,UTEP,0.014865784614404874
Louisiana,UTSA,0.018985633203424727
Louisiana,Utah,0.017478833147884575
Louisiana,Utah State,0.01158026976623379
Louisiana,Vanderbilt,0.013294951018988324
Louisiana,Virginia,0.008649198921424395
Louisiana,Virginia Tech,0.010397500587653853
Louisiana,Wake Forest,0.012822775489346471
Louisiana,Washington,0.02117912842163051
Louisiana,Washington State,0.024830057686904015
Louisiana,West Virginia,0.023307092390118297
Louisiana,Western Kentucky,0.019086923822316852
Louisiana,Western Michigan,0.009967547584017312
Louisiana,Wisconsin,0.014861475414398279
Louisiana,Wyoming,0.014281874767980679
Louisiana Tech,Air Force,0.006642404942423283
Louisiana Tech,Akron,0.024637069651433377
Louisiana Tech,Alabama,0.017378926570543095
Louisiana Tech,App State,0.010899448483561315
Louisiana Tech,Arizona,0.006193114519523087
Louisiana Tech,Arizona State,0.011561297146318766
Louisiana Tech,Arkansas,0.0054669106301271034
Louisiana Tech,Arkansas State,0.009940587539417484
Louisiana Tech,Army,0.005411602747778979
Louisiana Tech,Auburn,0.0228160274171859
Louisiana Tech,BYU,0.008351760393870021
Louisiana Tech,Ball State,0.013605941086890524
Louisiana Tech,Baylor,0.01267114517166959
Louisiana Tech,Boise State,0.011894040408766904
Louisiana Tech,Boston College,0.013704289201395372
Louisiana Tech,Bowling Green,0.009399314550400401
Louisiana Tech,Buffalo,0.021792407126059232
Louisiana Tech,California,0.014224862856878765
Louisiana Tech,Central Michigan,0.009480080167237656
Louisiana Tech,Charlotte,0.0200661327494166
Louisiana Tech,Cincinnati,0.010058027974569232
Louisiana Tech,Clemson,0.008513252281092397
Louisiana Tech,Coastal Carolina,0.008728779340192979
Louisiana Tech,Colorado,0.017653451498262543
Louisiana Tech,Colorado State,0.010894707359742786
Louisiana Tech,Delaware,0.017752270620371664
Louisiana Tech,Duke,0.016076788506716063
Louisiana Tech,East Carolina,0.01250482806747655
Louisiana Tech,Eastern Michigan,0.007417336173284117
Louisiana Tech,Florida,0.007978933867405544
Louisiana Tech,Florida Atlantic,0.010612846804214695
Louisiana Tech,Florida International,0.016079263422395233
Louisiana Tech,Florida State,0.005341649414947124
Louisiana Tech,Fresno State,0.02058635426021744
Louisiana Tech,Georgia,0.00922155379882161
Louisiana Tech,Georgia Southern,0.02755659414391398
Louisiana Tech,Georgia State,0.010165945066089765
Louisiana Tech,Georgia Tech,0.006946011641703356
Louisiana Tech,Hawai'i,0.00557215539356224
Louisiana Tech,Houston,0.008437388626752446
Louisiana Tech,Illinois,0.011082033343142636
Louisiana Tech,Indiana,0.006589638959731265
Louisiana Tech,Iowa,0.014833535735246327
Louisiana Tech,Iowa State,0.010370545386213473
Louisiana Tech,Jacksonville State,0.007888526909835556
Louisiana Tech,James Madison,0.013304666711232243
Louisiana Tech,Kansas,0.01695687674347801
Louisiana Tech,Kansas State,0.012490964759061206
Louisiana Tech,Kennesaw State,0.009333304387079046
Louisiana Tech,Kent State,0.01540354916241609
Louisiana Tech,Kentucky,0.01035867469192205
Louisiana Tech,LSU,0.019664705061479725
Louisiana Tech,Liberty,0.00821314222485872
Louisiana Tech,Louisiana,0.015297958984626344
Louisiana Tech,Louisville,0.010190337850256585
Louisiana Tech,Marshall,0.00844360507423051
Louisiana Tech,Maryland,0.013645160504377455
Louisiana Tech,Massachusetts,0.0209197954775044
Louisiana Tech,Memphis,0.020839555592679908
Louisiana Tech,Miami,0.008865915273868591
Louisiana Tech,Miami (OH),0.013829509603210175
Louisiana Tech,Michigan,0.009119064823849006
Louisiana Tech,Michigan State,0.006687307723547592
Louisiana Tech,Middle Tennessee,0.01374305688305428
Louisiana Tech,Minnesota,0.007011202116667626
Louisiana Tech,Mississippi State,0.012446201056364814
Louisiana Tech,Missouri,0.01223621750855732
Louisiana Tech,Missouri State,0.01686167377157755
Louisiana Tech,NC State,0.014460157786057498
Louisiana Tech,Navy,0.006788593346207218
Louisiana Tech,Nebraska,0.010979530927164053
Louisiana Tech,Nevada,0.014343099113048855
Louisiana Tech,New Mexico,0.013012500264712571
Louisiana Tech,New Mexico State,0.007172296529380298
Louisiana Tech,North Carolina,0.014522712608435082
Louisiana Tech,North Dakota State,0.015496937314593843
Louisiana Tech,North Texas,0.033904440065252665
Louisiana Tech,Northern Illinois,0.01235525539055892
Louisiana Tech,Northwestern,0.007175627641466725
Louisiana Tech,Notre Dame,0.013986911265511525
Louisiana Tech,Ohio,0.008282186666161533
Louisiana Tech,Ohio State,0.007903014992872543
Louisiana Tech,Oklahoma,0.014230095995675986
Louisiana Tech,Oklahoma State,0.0136752617464834
Louisiana Tech,Old Dominion,0.020081268236059126
Louisiana Tech,Ole Miss,0.008835646246819076
Louisiana Tech,Oregon,0.014024267384318877
Louisiana Tech,Oregon State,0.013403850859522125
Louisiana Tech,Penn State,0.00812508850234637
Louisiana Tech,Pittsburgh,0.018014714515483324
Louisiana Tech,Purdue,0.011573944017527742
Louisiana Tech,Rice,0.010582427036134708
Louisiana Tech,Rutgers,0.007072590221067881
Louisiana Tech,SMU,0.01411190866605994
Louisiana Tech,Sacramento State,0.01810049360584399
Louisiana Tech,Sam Houston,0.013185137770082051
Louisiana Tech,San Diego State,0.006709026474349047
Louisiana Tech,San José State,0.011975656590382387
Louisiana Tech,South Alabama,0.01003348568731336
Louisiana Tech,South Carolina,0.012615802734438625
Louisiana Tech,South Florida,0.009397723829013108
Louisiana Tech,Southern Miss,0.028849986623997764
Louisiana Tech,Stanford,0.009957249786876335
Louisiana Tech,Syracuse,0.012670426493311768
Louisiana Tech,TCU,0.009569440774939455
Louisiana Tech,Temple,0.022084014364792112
Louisiana Tech,Tennessee,0.009668267408713202
Louisiana Tech,Texas,0.01395676055139166
Louisiana Tech,Texas A&M,0.018635094293064057
Louisiana Tech,Texas State,0.010562094609603962
Louisiana Tech,Texas Tech,0.007659546985751213
Louisiana Tech,Toledo,0.02221804881854511
Louisiana Tech,Troy,0.008059928979604376
Louisiana Tech,Tulane,0.007312604797755974
Louisiana Tech,Tulsa,0.024529766664751172
Louisiana Tech,UAB,0.008888206945197362
Louisiana Tech,UCF,0.024158821137447377
Louisiana Tech,UCLA,0.009882791428983854
Louisiana Tech,UConn,0.017703670691865094
Louisiana Tech,UL Monroe,0.01249821919798069
Louisiana Tech,UNLV,0.009119798167997933
Louisiana Tech,USC,0.01477720869338465
Louisiana Tech,UTEP,0.006885629588658524
Louisiana Tech,UTSA,0.0065133411117154726
Louisiana Tech,Utah,0.005613365894256041
Louisiana Tech,Utah State,0.017591264855487593
Louisiana Tech,Vanderbilt,0.007879256718992112
Louisiana Tech,Virginia,0.011550624190660818
Louisiana Tech,Virginia Tech,0.017357688312556827
Louisiana Tech,Wake Forest,0.005135262585334729
Louisiana Tech,Washington,0.017714021377256813
Louisiana Tech,Washington State,0.02379670951274599
Louisiana Tech,West Virginia,0.010167232206933056
Louisiana Tech,Western Kentucky,0.010451569369713752
Louisiana Tech,Western Michigan,0.015823322929957973
Louisiana Tech,Wisconsin,0.010499746686436225
Louisiana Tech,Wyoming,0.0036761633067005205
Louisville,Air Force,0.01671527359808604
Louisville,Akron,0.019789584355844585
Louisville,Alabama,0.014974580452741377
Louisville,App State,0.013183010052295257
Louisville,Arizona,0.019199531578903348
Louisville,Arizona State,0.013856174390615159
Louisville,Arkansas,0.017675249156864418
Louisville,Arkansas State,0.020368425838027546
Louisville,Army,0.017730557039212544
Louisville,Auburn,0.01927703829322232
Louisville,BYU,0.019725000014287765
Louisville,Ball State,0.012954686534960964
Louisville,Baylor,0.014128937472153113
Louisville,Boise State,0.021553383659374963
Louisville,Boston College,0.015978363384680363
Louisville,Bowling Green,0.019364520057474202
Louisville,Buffalo,0.016643174791793554
Louisville,California,0.026790695185227545
Louisville,Central Michigan,0.013662079619753867
Louisville,Charlotte,0.01976522583204773
Louisville,Cincinnati,0.022623860302918013
Louisville,Clemson,0.01694996941861226
Louisville,Coastal Carolina,0.018145856044843665
Louisville,Colorado,0.018555789630879164
Louisville,Colorado State,0.013709267867620337
Louisville,Delaware,0.013338955852677544
Louisville,Duke,0.0195498391554508
Louisville,East Carolina,0.02308347347628357
Louisville,Eastern Michigan,0.015724823613707407
Louisville,Florida,0.01516322591958598
Louisville,Florida Atlantic,0.022631683342949994
Louisville,Florida International,0.017562622725989564
Louisville,Florida State,0.023686546205645007
Louisville,Fresno State,0.023539787245729252
Louisville,Georgia,0.01803076551667914
Louisville,Georgia Southern,0.014990761815565199
Louisville,Georgia State,0.014208637854204632
Louisville,Georgia Tech,0.016196148145288167
Louisville,Hawai'i,0.017570004393429282
Louisville,Houston,0.017123801181790962
Louisville,Illinois,0.019733311570067847
Louisville,Indiana,0.016552520827260258
Louisville,Iowa,0.016951250666576143
Louisville,Iowa State,0.015353421989874869
Louisville,Jacksonville State,0.016207618379936086
Louisville,James Madison,0.01839437542705553
Louisville,Kansas,0.019770007714164296
Louisville,Kansas State,0.013348113797454663
Louisville,Kennesaw State,0.017684430232523203
Louisville,Kent State,0.015831445500682693
Louisville,Kentucky,0.015791774855775768
Louisville,LSU,0.009634590420807027
Louisville,Liberty,0.016936703243321995
Louisville,Louisiana,0.021896015655151407
Louisville,Louisiana Tech,0.010745393620727968
Louisville,Marshall,0.02082928104579937
Louisville,Maryland,0.01680507604758772
Louisville,Massachusetts,0.016688840886771444
Louisville,Memphis,0.033405387921028686
Louisville,Miami,0.015560822455002095
Louisville,Miami (OH),0.015977511305359397
Louisville,Michigan,0.014023094963142517
Louisville,Michigan State,0.01909454920170509
Louisville,Middle Tennessee,0.017362515952144907
Louisville,Minnesota,0.020748388014736174
Louisville,Mississippi State,0.014158302377845646
Louisville,Missouri,0.013998109034230195
Louisville,Missouri State,0.011985288696696213
Louisville,NC State,0.019887463009635613
Louisville,Navy,0.02884295486900671
Louisville,Nebraska,0.017340755440374757
Louisville,Nevada,0.015915392409736523
Louisville,New Mexico,0.011015244999664853
Louisville,New Mexico State,0.015969863257611225
Louisville,North Carolina,0.011728726449893274
Louisville,North Dakota State,0.024914014019244528
Louisville,North Texas,0.021344142739247465
Louisville,Northern Illinois,0.015117273675870657
Louisville,Northwestern,0.015966532145524796
Louisville,Notre Dame,0.015560834681945766
Louisville,Ohio,0.02340645301882474
Louisville,Ohio State,0.015239144794118979
Louisville,Oklahoma,0.016504151409726848
Louisville,Oklahoma State,0.019889737494106167
Louisville,Old Dominion,0.01901064100496443
Louisville,Ole Miss,0.022572832144887624
Louisville,Oregon,0.02544218742250591
Louisville,Oregon State,0.022141178925533314
Louisville,Penn State,0.015017071284645151
Louisville,Pittsburgh,0.017704813743572634
Louisville,Purdue,0.017209854730569425
Louisville,Rice,0.015394407284275321
Louisville,Rutgers,0.019492852876640043
Louisville,SMU,0.01870305820871523
Louisville,Sacramento State,0.016940252061039947
Louisville,Sam Houston,0.012415592393666349
Louisville,San Diego State,0.016433133312642477
Louisville,San José State,0.012202466532446403
Louisville,South Alabama,0.016957026840489543
Louisville,South Carolina,0.020424701795953442
Louisville,South Florida,0.019448362177597177
Louisville,Southern Miss,0.016284154295648987
Louisville,Stanford,0.01814504465122547
Louisville,Syracuse,0.013001828861845172
Louisville,TCU,0.019043930790446844
Louisville,Temple,0.013263844534417746
Louisville,Tennessee,0.013473892378278321
Louisville,Texas,0.023716689990454336
Louisville,Texas A&M,0.01865343914806949
Louisville,Texas State,0.018717842402832956
Louisville,Texas Tech,0.023019396114439854
Louisville,Toledo,0.017155557364225117
Louisville,Troy,0.015082230807387147
Louisville,Tulane,0.01670908471023316
Louisville,Tulsa,0.016688657689082332
Louisville,UAB,0.014909947698089725
Louisville,UCF,0.0196869661493495
Louisville,UCLA,0.013830945674977188
Louisville,UConn,0.016016943373049316
Louisville,UL Monroe,0.02305562342467264
Louisville,UNLV,0.015072486623666085
Louisville,USC,0.019837213452197137
Louisville,UTEP,0.020049906326715196
Louisville,UTSA,0.016776777000759465
Louisville,Utah,0.017799646817654127
Louisville,Utah State,0.016764391478544114
Louisville,Vanderbilt,0.017126973677595088
Louisville,Virginia,0.013833320633734717
Louisville,Virginia Tech,0.015581622299964175
Louisville,Wake Forest,0.018006897201656793
Louisville,Washington,0.014683891863461456
Louisville,Washington State,0.01539140686314813
Louisville,West Virginia,0.021542864847086403
Louisville,Western Kentucky,0.02301740169806253
Louisville,Western Michigan,0.015151669296327634
Louisville,Wisconsin,0.02089004462823395
Louisville,Wyoming,0.019465996480291
Marshall,Air Force,0.010791483585374238
Marshall,Akron,0.026268772368598044
Marshall,Alabama,0.019909857182237492
Marshall,App State,0.015264045880030068
Marshall,Arizona,0.008307225604556927
Marshall,Arizona State,0.01592589454278752
Marshall,Arkansas,0.009831508026595858
Marshall,Arkansas State,0.010051528995507035
Marshall,Army,0.009776200144247734
Marshall,Auburn,0.024447730134350566
Marshall,BYU,0.009983463111034688
Marshall,Ball State,0.01523764380405519
Marshall,Baylor,0.014302847888834257
Marshall,Boise State,0.01352574312593157
Marshall,Boston College,0.015335991918560039
Marshall,Bowling Green,0.012249044752980725
Marshall,Buffalo,0.0234241098432239
Marshall,California,0.018161470709310845
Marshall,Central Michigan,0.01384467756370641
Marshall,Charlotte,0.017366352810757463
Marshall,Cincinnati,0.012885468883065302
Marshall,Clemson,0.010556787764848015
Marshall,Coastal Carolina,0.011144112544120378
Marshall,Colorado,0.01928515421542721
Marshall,Colorado State,0.01414904174096906
Marshall,Delaware,0.01938397333753633
Marshall,Duke,0.01770849122388073
Marshall,East Carolina,0.014136530784641216
Marshall,Eastern Michigan,0.011781933569752871
Marshall,Florida,0.012343531263874297
Marshall,Florida Atlantic,0.014977444200683449
Marshall,Florida International,0.0177109661395599
Marshall,Florida State,0.008721838823506054
Marshall,Fresno State,0.022218056977382106
Marshall,Georgia,0.010853256515986277
Marshall,Georgia Southern,0.02918829686107865
Marshall,Georgia State,0.01453054246255852
Marshall,Georgia Tech,0.01131060903817211
Marshall,Hawai'i,0.009936752790030994
Marshall,Houston,0.010382956001669316
Marshall,Illinois,0.012139573896554881
Marshall,Indiana,0.01095423635620002
Marshall,Iowa,0.016465238452410994
Marshall,Iowa State,0.014735142782682228
Marshall,Jacksonville State,0.011299138803524192
Marshall,James Madison,0.01493636942839691
Marshall,Kansas,0.018588579460642678
Marshall,Kansas State,0.014158643386005613
Marshall,Kennesaw State,0.010965007104243713
Marshall,Kent State,0.01976814655888484
Marshall,Kentucky,0.014723272088390804
Marshall,LSU,0.023553636098869957
Marshall,Liberty,0.010570053940138279
Marshall,Louisiana,0.016929661701791013
Marshall,Louisiana Tech,0.02276308210421959
Marshall,Louisville,0.012849865309120884
Marshall,Maryland,0.015276863221542121
Marshall,Massachusetts,0.022551498194669065
Marshall,Memphis,0.01920785287551524
Marshall,Miami,0.013230512670337344
Marshall,Miami (OH),0.015461212320374841
Marshall,Michigan,0.01348366222031776
Marshall,Michigan State,0.008412207981755185
Marshall,Middle Tennessee,0.015374759600218947
Marshall,Minnesota,0.01315465034122321
Marshall,Mississippi State,0.014077903773529481
Marshall,Missouri,0.013867920225721987
Marshall,Missouri State,0.018493376488742216
Marshall,NC State,0.016091860503222165
Marshall,Navy,0.008420296063371885
Marshall,Nebraska,0.015344128323632807
Marshall,Nevada,0.018707696509517608
Marshall,New Mexico,0.017377097661181326
Marshall,New Mexico State,0.011536893925849053
Marshall,North Carolina,0.016154415325599747
Marshall,North Dakota State,0.017147036439276356
Marshall,North Texas,0.03553614278241733
Marshall,Northern Illinois,0.01238948350758962
Marshall,Northwestern,0.011540225037935479
Marshall,Notre Dame,0.015618613982676192
Marshall,Ohio,0.00875413397996892
Marshall,Ohio State,0.012267612389341298
Marshall,Oklahoma,0.01586179871284065
Marshall,Oklahoma State,0.018039859142952155
Marshall,Old Dominion,0.021712970953223793
Marshall,Ole Miss,0.014979094471374658
Marshall,Oregon,0.01838886478078763
Marshall,Oregon State,0.015035553576686792
Marshall,Penn State,0.012489685898815123
Marshall,Pittsburgh,0.01964641723264799
Marshall,Purdue,0.013205646734692409
Marshall,Rice,0.012214129753299375
Marshall,Rutgers,0.01189911520312708
Marshall,SMU,0.015743611383224606
Marshall,Sacramento State,0.019732196323008655
Marshall,Sam Houston,0.015091164789793929
Marshall,San Diego State,0.011073623870817801
Marshall,San José State,0.01634025398685114
Marshall,South Alabama,0.011665188404478027
Marshall,South Carolina,0.014247505451603292
Marshall,South Florida,0.012791908688389213
Marshall,Southern Miss,0.03048168934116243
Marshall,Stanford,0.011588952504041001
Marshall,Syracuse,0.017035023889780523
Marshall,TCU,0.011201143492104122
Marshall,Temple,0.02371571708195678
Marshall,Tennessee,0.014032864805181955
Marshall,Texas,0.015588463268556327
Marshall,Texas A&M,0.020266797010228724
Marshall,Texas State,0.012193797326768629
Marshall,Texas Tech,0.00929124970291588
Marshall,Toledo,0.023849751535709778
Marshall,Troy,0.01242452637607313
Marshall,Tulane,0.010797672473227117
Marshall,Tulsa,0.02616146938191584
Marshall,UAB,0.013252804341666116
Marshall,UCF,0.025790523854612044
Marshall,UCLA,0.013675811508483088
Marshall,UConn,0.01933537340902976
Marshall,UL Monroe,0.009334677564312173
Marshall,UNLV,0.013484395564466687
Marshall,USC,0.016408911410549315
Marshall,UTEP,0.00851733230582319
Marshall,UTSA,0.010729980182700811
Marshall,Utah,0.00970711036580615
Marshall,Utah State,0.01922296757265226
Marshall,Vanderbilt,0.012243854115460867
Marshall,Virginia,0.013673436549725559
Marshall,Virginia Tech,0.018989391029721494
Marshall,Wake Forest,0.009628448257839109
Marshall,Washington,0.01934572409442148
Marshall,Washington State,0.025428412229910657
Marshall,West Virginia,0.011798934924097722
Marshall,Western Kentucky,0.010770099853883344
Marshall,Western Michigan,0.01745502564712264
Marshall,Wisconsin,0.014864344082904978
Marshall,Wyoming,0.008124918960665676
Maryland,Air Force,0.009239842491495991
Maryland,Akron,0.0295819254732375
Maryland,Alabama,0.022323782392347218
Maryland,App State,0.004327678097857648
Maryland,Arizona,0.008462889655676181
Maryland,Arizona State,0.014554553787710374
Maryland,Arkansas,0.006938607233637251
Maryland,Arkansas State,0.009631783914800377
Maryland,Army,0.006993915115985376
Maryland,Auburn,0.027760883238990026
Maryland,BYU,0.013296616215674146
Maryland,Ball State,0.01855079690869465
Maryland,Baylor,0.017616000993473716
Maryland,Boise State,0.016838896230571027
Maryland,Boston College,0.018649145023199497
Maryland,Bowling Green,0.014344170372204526
Maryland,Buffalo,0.02673726294786336
Maryland,California,0.009280007035074641
Maryland,Central Michigan,0.009904522497553109
Maryland,Charlotte,0.02067950591539692
Maryland,Cincinnati,0.005113172152765107
Maryland,Clemson,0.012282476290524477
Maryland,Coastal Carolina,0.013266397897806002
Maryland,Colorado,0.02259830732006667
Maryland,Colorado State,0.0038014202825325683
Maryland,Delaware,0.022697126442175787
Maryland,Duke,0.02102164432852019
Maryland,East Carolina,0.017449683889280674
Maryland,Eastern Michigan,0.01095292400168738
Maryland,Florida,0.00940912291931079
Maryland,Florida Atlantic,0.0051209951927970905
Maryland,Florida International,0.02102411924419936
Maryland,Florida State,0.01294990428241784
Maryland,Fresno State,0.025531210082021562
Maryland,Georgia,0.014166409620625734
Maryland,Georgia Southern,0.032501449965718104
Maryland,Georgia State,0.006567404212530391
Maryland,Georgia Tech,0.008531597554560741
Maryland,Hawai'i,0.006833362470202115
Maryland,Houston,0.01338224444855657
Maryland,Illinois,0.0061776929304233836
Maryland,Indiana,0.005887351196463409
Maryland,Iowa,0.019778391557050454
Maryland,Iowa State,0.01450745945239127
Maryland,Jacksonville State,0.007723305717401499
Maryland,James Madison,0.01824952253303637
Maryland,Kansas,0.021901732565282134
Maryland,Kansas State,0.017435820580865333
Maryland,Kennesaw State,0.014278160208883171
Maryland,Kent State,0.0029980312986517344
Maryland,Kentucky,0.005711049372165667
Maryland,LSU,0.02460956088328385
Maryland,Liberty,0.013157998046662844
Maryland,Louisiana,0.02024281480643047
Maryland,Louisiana Tech,0.026076235208859044
Maryland,Louisville,0.015135193672060707
Maryland,Marshall,0.013388460896034635
Maryland,Massachusetts,0.025864651299308525
Maryland,Memphis,0.01589469977087578
Maryland,Miami,0.013581543552430136
Maryland,Miami (OH),0.0187743654250143
Maryland,Michigan,0.007519462010668152
Maryland,Michigan State,0.008357907278477923
Maryland,Middle Tennessee,0.018687912704858405
Maryland,Minnesota,0.007192769375091711
Maryland,Mississippi State,0.01739105687816894
Maryland,Missouri,0.017181073330361445
Maryland,Missouri State,0.021806529593381675
Maryland,NC State,0.01940501360786162
Maryland,Navy,0.018106312945779544
Maryland,Nebraska,0.0014259869366003014
Maryland,Nevada,0.019082122497952013
Maryland,New Mexico,0.01116428453902126
Maryland,New Mexico State,0.011070871264092282
Maryland,North Carolina,0.019467568430239206
Maryland,North Dakota State,0.011796386174209842
Maryland,North Texas,0.03884929588705679
Maryland,Northern Illinois,0.012173688132134836
Maryland,Northwestern,0.008097178266938832
Maryland,Notre Dame,0.01893176708731565
Maryland,Ohio,0.012669811095597575
Maryland,Ohio State,0.01113348457930108
Maryland,Oklahoma,0.01917495181748011
Maryland,Oklahoma State,0.015031165726028008
Maryland,Old Dominion,0.025026124057863253
Maryland,Ole Miss,0.00901721350524316
Maryland,Oregon,0.007931499272353003
Maryland,Oregon State,0.01834870668132625
Maryland,Penn State,0.010292856601411904
Maryland,Pittsburgh,0.02295957033728745
Maryland,Purdue,0.01651879983933187
Maryland,Rice,0.015527282857938831
Maryland,Rutgers,0.008006672280963856
Maryland,SMU,0.019056764487864065
Maryland,Sacramento State,0.023045349427648115
Maryland,Sam Houston,0.013003570511657968
Maryland,San Diego State,0.005696491389415308
Maryland,San José State,0.011609408344494981
Maryland,South Alabama,0.014978341509117485
Maryland,South Carolina,0.01756065855624275
Maryland,South Florida,0.014342579650817233
Maryland,Southern Miss,0.03379484244580189
Maryland,Stanford,0.014902105608680459
Maryland,Syracuse,0.012091583102793456
Maryland,TCU,0.014514296596743581
Maryland,Temple,0.027028870186596235
Maryland,Tennessee,0.006832565406364814
Maryland,Texas,0.018901616373195783
Maryland,Texas A&M,0.02357995011486818
Maryland,Texas State,0.015506950431408088
Maryland,Texas Tech,0.012604402807555337
Maryland,Toledo,0.027162904640349234
Maryland,Troy,0.010017112603273402
Maryland,Tulane,0.012257460619560099
Maryland,Tulsa,0.029474622486555295
Maryland,UAB,0.012926378740680389
Maryland,UCF,0.029103676959251503
Maryland,UCLA,0.014827647250787978
Maryland,UConn,0.02264852651366922
Maryland,UL Monroe,0.007435437695920937
Maryland,UNLV,0.0032857196957664222
Maryland,USC,0.019722064515188775
Maryland,UTEP,0.011830485410462648
Maryland,UTSA,0.0077218125389877795
Maryland,Utah,0.007855065942275998
Maryland,Utah State,0.022536120677291716
Maryland,Vanderbilt,0.006885667033564134
Maryland,Virginia,0.016495480012464942
Maryland,Virginia Tech,0.022302544134360953
Maryland,Wake Forest,0.009240994737820439
Maryland,Washington,0.022658877199060935
Maryland,Washington State,0.028741565334550113
Maryland,West Virginia,0.01511208802873718
Maryland,Western Kentucky,0.005506713547909627
Maryland,Western Michigan,0.0207681787517621
Maryland,Wisconsin,0.0073344259885894875
Maryland,Wyoming,0.008729354557063834
Massachusetts,Air Force,0.013521454821562792
Massachusetts,Akron,0.023777840635831705
Massachusetts,Alabama,0.021401254318658906
Massachusetts,App State,0.01818908331188632
Massachusetts,Arizona,0.014853915533271284
Massachusetts,Arizona State,0.020282848256532687
Massachusetts,Arkansas,0.021527779976962216
Massachusetts,Arkansas State,0.02407194053493753
Massachusetts,Army,0.022675773219603526
Massachusetts,Auburn,0.01472976561613877
Massachusetts,BYU,0.01744565023751924
Massachusetts,Ball State,0.019381360400878494
Massachusetts,Baylor,0.014053458020411936
Massachusetts,Boise State,0.01952379952473796
Massachusetts,Boston College,0.022336971455646462
Massachusetts,Bowling Green,0.025791193923391728
Massachusetts,Buffalo,0.021963215657295913
Massachusetts,California,0.027654454722560326
Massachusetts,Central Michigan,0.018672873960246753
Massachusetts,Charlotte,0.03245670599159812
Massachusetts,Cincinnati,0.023487619840250794
Massachusetts,Clemson,0.019799045437896873
Massachusetts,Coastal Carolina,0.019014888642218147
Massachusetts,Colorado,0.01844256317192441
Massachusetts,Colorado State,0.023285280601924307
Massachusetts,Delaware,0.017493734455545917
Massachusetts,Duke,0.02597651302136833
Massachusetts,East Carolina,0.017745334979014836
Massachusetts,Eastern Michigan,0.01756962995119717
Massachusetts,Florida,0.019019403572661617
Massachusetts,Florida Atlantic,0.023495442880282776
Massachusetts,Florida International,0.017407756256694475
Massachusetts,Florida State,0.022742250362936547
Massachusetts,Fresno State,0.020934618681280843
Massachusetts,Georgia,0.02125316437804094
Massachusetts,Georgia Southern,0.01412700227823242
Massachusetts,Georgia State,0.02063531172012216
Massachusetts,Georgia Tech,0.016439511098570135
Massachusetts,Hawai'i,0.016405075012307684
Massachusetts,Houston,0.023042628523178947
Massachusetts,Illinois,0.026159985435985376
Massachusetts,Indiana,0.020995866542819246
Massachusetts,Iowa,0.019526878869807716
Massachusetts,Iowa State,0.01907018745255416
Massachusetts,Jacksonville State,0.020279100152017077
Massachusetts,James Madison,0.017917389872874563
Massachusetts,Kansas,0.022851506154353884
Massachusetts,Kansas State,0.021543522845593844
Massachusetts,Kennesaw State,0.017525204974584836
Massachusetts,Kent State,0.021239679135027403
Massachusetts,Kentucky,0.022218448721693294
Massachusetts,LSU,0.016061264286724556
Massachusetts,Liberty,0.01863331363245051
Massachusetts,Louisiana,0.01472959248114624
Massachusetts,Louisiana Tech,0.017172067486645494
Massachusetts,Louisville,0.026870276848551377
Massachusetts,Marshall,0.02532827218367704
Massachusetts,Maryland,0.018508459210016967
Massachusetts,Memphis,0.03426914745836147
Massachusetts,Miami,0.021987496320919623
Massachusetts,Miami (OH),0.020401592161748073
Massachusetts,Michigan,0.012462830494893839
Massachusetts,Michigan State,0.019077880965729113
Massachusetts,Middle Tennessee,0.023789189818062433
Massachusetts,Minnesota,0.027175061880653703
Massachusetts,Mississippi State,0.01862827873052255
Massachusetts,Missouri,0.015660971668938265
Massachusetts,Missouri State,0.016942686727159467
Massachusetts,NC State,0.026314136875553142
Massachusetts,Navy,0.019528245578914624
Massachusetts,Nebraska,0.020933099654030535
Massachusetts,Nevada,0.022342066275654052
Massachusetts,New Mexico,0.01744191886558238
Massachusetts,New Mexico State,0.01581998387622934
Massachusetts,North Carolina,0.017500517946807084
Massachusetts,North Dakota State,0.021047243287384363
Massachusetts,North Texas,0.02404513583458756
Massachusetts,Northern Illinois,0.012228136305868657
Massachusetts,Northwestern,0.021660209633878203
Massachusetts,Notre Dame,0.021987508547863296
Massachusetts,Ohio,0.020672759908343052
Massachusetts,Ohio State,0.017369649441460678
Massachusetts,Oklahoma,0.017118419425184092
Massachusetts,Oklahoma State,0.026316411360023696
Massachusetts,Old Dominion,0.01946376604485936
Massachusetts,Ole Miss,0.02899950601080515
Massachusetts,Oregon,0.026305946959838688
Massachusetts,Oregon State,0.010857917154425701
Massachusetts,Penn State,0.017683722667556315
Massachusetts,Pittsburgh,0.019535086920256118
Massachusetts,Purdue,0.018353341795095575
Massachusetts,Rice,0.020767608997405707
Massachusetts,Rutgers,0.025919526742557573
Massachusetts,SMU,0.01829970945246671
Massachusetts,Sacramento State,0.023366925926957476
Massachusetts,Sam Houston,0.014087290277008883
Massachusetts,San Diego State,0.016881403902363368
Massachusetts,San José State,0.01862914039836393
Massachusetts,South Alabama,0.02329328890402807
Massachusetts,South Carolina,0.019814945098877296
Massachusetts,South Florida,0.025875036043514706
Massachusetts,Southern Miss,0.02276820865343348
Massachusetts,Stanford,0.02292472078656194
Massachusetts,Syracuse,0.0194285027277627
Massachusetts,TCU,0.01983726964184975
Massachusetts,Temple,0.01871227539455426
Massachusetts,Tennessee,0.018402868141885645
Massachusetts,Texas,0.01819868208059871
Massachusetts,Texas A&M,0.018913512168633503
Massachusetts,Texas State,0.02142668041241414
Massachusetts,Texas Tech,0.02330255526059451
Massachusetts,Toledo,0.023582231230142643
Massachusetts,Troy,0.02131022075984592
Massachusetts,Tulane,0.019387346383867844
Massachusetts,Tulsa,0.01404697794052911
Massachusetts,UAB,0.021336621564007254
Massachusetts,UCF,0.016720474895176557
Massachusetts,UCLA,0.016214080808320753
Massachusetts,UConn,0.017385093186098828
Massachusetts,UL Monroe,0.024888792440162212
Massachusetts,UNLV,0.01719579142110179
Massachusetts,USC,0.02010481149805781
Massachusetts,UTEP,0.020688849218537454
Massachusetts,UTSA,0.01652597271049912
Massachusetts,Utah,0.015019172654958968
Massachusetts,Utah State,0.012030472319400893
Massachusetts,Vanderbilt,0.01799073321492787
Massachusetts,Virginia,0.020021888723610094
Massachusetts,Virginia Tech,0.003928096446875267
Massachusetts,Wake Forest,0.023648859797269602
Massachusetts,Washington,0.021110565729378986
Massachusetts,Washington State,0.02237039719397841
Massachusetts,West Virginia,0.023780751924635267
Massachusetts,Western Kentucky,0.024790511393313838
Massachusetts,Western Michigan,0.016040218920067836
Massachusetts,Wisconsin,0.02731671849415148
Massachusetts,Wyoming,0.022145330500096167
Memphis,Air Force,0.016158626161401072
Memphis,Akron,0.02113670027771115
Memphis,Alabama,0.018760113960538352
Memphis,App State,0.015547942953765766
Memphis,Arizona,0.019481005285132264
Memphis,Arizona State,0.017641707898412132
Memphis,Arkansas,0.019130587497249753
Memphis,Arkansas State,0.027261037695593248
Memphis,Army,0.020034632861482972
Memphis,Auburn,0.012766082514662071
Memphis,BYU,0.02237552715151348
Memphis,Ball State,0.01923698725980009
Memphis,Baylor,0.015433795024285244
Memphis,Boise State,0.016882659166617405
Memphis,Boston College,0.025602015781766643
Memphis,Bowling Green,0.023150053565271174
Memphis,Buffalo,0.01932207529917536
Memphis,California,0.024325740124674484
Memphis,Central Michigan,0.018255036423062077
Memphis,Charlotte,0.037386582905592367
Memphis,Cincinnati,0.020741898377700196
Memphis,Clemson,0.024728922351891117
Memphis,Coastal Carolina,0.016373748284097593
Memphis,Colorado,0.017348587675277347
Memphis,Colorado State,0.02821515751591855
Memphis,Delaware,0.014852594097425365
Memphis,Duke,0.023335372663247776
Memphis,East Carolina,0.02027192653055614
Memphis,Eastern Michigan,0.014928489593076615
Memphis,Florida,0.02394928048665586
Memphis,Florida Atlantic,0.02050585720550773
Memphis,Florida International,0.014766615898573922
Memphis,Florida State,0.020101110004815993
Memphis,Fresno State,0.01829347832316029
Memphis,Georgia,0.018612024019920386
Memphis,Georgia Southern,0.017487424473404248
Memphis,Georgia State,0.017994171362001606
Memphis,Georgia Tech,0.01629420334747156
Memphis,Hawai'i,0.018614838325278587
Memphis,Houston,0.020401488165058393
Memphis,Illinois,0.0284024834993184
Memphis,Indiana,0.019993112996247484
Memphis,Iowa,0.016885738511687162
Memphis,Iowa State,0.016429047094433605
Memphis,Jacksonville State,0.02520897706601132
Memphis,James Madison,0.018021311388982365
Memphis,Kansas,0.02021036579623333
Memphis,Kansas State,0.026473399759588085
Memphis,Kennesaw State,0.022356933944597344
Memphis,Kent State,0.01859853877690685
Memphis,Kentucky,0.01957730836357274
Memphis,LSU,0.013420123928604
Memphis,Liberty,0.02158723862226005
Memphis,Louisiana,0.01717831615393632
Memphis,Louisiana Tech,0.017440260833725504
Memphis,Louisville,0.024229136490430823
Memphis,Marshall,0.022687131825556487
Memphis,Maryland,0.0197974236399514
Memphis,Massachusetts,0.014975601482510013
Memphis,Miami,0.01934635596279907
Memphis,Miami (OH),0.01776045180362752
Memphis,Michigan,0.016681212578710254
Memphis,Michigan State,0.024007757879723354
Memphis,Middle Tennessee,0.024994112261203027
Memphis,Minnesota,0.02453392152253315
Memphis,Mississippi State,0.015987138372401996
Memphis,Missouri,0.019517048195112685
Memphis,Missouri State,0.01953789692608359
Memphis,NC State,0.023672996517432588
Memphis,Navy,0.022331999090446465
Memphis,Nebraska,0.01829195929590998
Memphis,Nevada,0.021284396175073696
Memphis,New Mexico,0.014800778507461827
Memphis,New Mexico State,0.013178843518108786
Memphis,North Carolina,0.016746840377661665
Memphis,North Dakota State,0.01840610292926381
Memphis,North Texas,0.02380356279745694
Memphis,Northern Illinois,0.016343366156503947
Memphis,Northwestern,0.01901906927575765
Memphis,Notre Dame,0.01934636818974274
Memphis,Ohio,0.025602636822337297
Memphis,Ohio State,0.021462944030343406
Memphis,Oklahoma,0.022048296339178337
Memphis,Oklahoma State,0.023675271001903142
Memphis,Old Dominion,0.0243936429588536
Memphis,Ole Miss,0.026358365652684596
Memphis,Oregon,0.02297723236195285
Memphis,Oregon State,0.015630223146973068
Memphis,Penn State,0.02071267021336937
Memphis,Pittsburgh,0.016893946562135564
Memphis,Purdue,0.02267212882429697
Memphis,Rice,0.02291048146175094
Memphis,Rutgers,0.024393040377243644
Memphis,SMU,0.023229586366460955
Memphis,Sacramento State,0.020725785568836922
Memphis,Sam Houston,0.019017167191003128
Memphis,San Diego State,0.013552689304477528
Memphis,San José State,0.017186362427578622
Memphis,South Alabama,0.024745849017779313
Memphis,South Carolina,0.01717380474075674
Memphis,South Florida,0.023233895685394152
Memphis,Southern Miss,0.027698085567427724
Memphis,Stanford,0.020283580428441386
Memphis,Syracuse,0.016787362369642147
Memphis,TCU,0.017196129283729197
Memphis,Temple,0.020487289740867293
Memphis,Tennessee,0.02333274505587989
Memphis,Texas,0.01720573421189409
Memphis,Texas A&M,0.023843389082627744
Memphis,Texas State,0.018785540054293587
Memphis,Texas Tech,0.020661414902473956
Memphis,Toledo,0.02094109087202209
Memphis,Troy,0.018669080401725366
Memphis,Tulane,0.021560686599850987
Memphis,Tulsa,0.018976854854523353
Memphis,UAB,0.02106529646084828
Memphis,UCF,0.01547256930333751
Memphis,UCLA,0.015534870175648481
Memphis,UConn,0.014743952827978276
Memphis,UL Monroe,0.029818669354156453
Memphis,UNLV,0.01889173523249315
Memphis,USC,0.0201310881585428
Memphis,UTEP,0.0180477088604169
Memphis,UTSA,0.021455849624493362
Memphis,Utah,0.01994904956895321
Memphis,Utah State,0.013800640714391025
Memphis,Vanderbilt,0.01576516744005696
Memphis,Virginia,0.01738074836548954
Memphis,Virginia Tech,0.009070666521403927
Memphis,Wake Forest,0.021007719439149048
Memphis,Washington,0.023649344842699146
Memphis,Washington State,0.02730027410797265
Memphis,West Virginia,0.025777308811186932
Memphis,Western Kentucky,0.022149371035193283
Memphis,Western Michigan,0.01339907856194728
Memphis,Wisconsin,0.024675578136030926
Memphis,Wyoming,0.019504190141975613
Miami,Air Force,0.017049742647581478
Miami,Akron,0.02730612846185039
Miami,Alabama,0.024929542144677592
Miami,App State,0.021717371137905006
Miami,Arizona,0.017499033070481673
Miami,Arizona State,0.023811136082551372
Miami,Arkansas,0.025056067802980902
Miami,Arkansas State,0.027600228360956214
Miami,Army,0.02620406104562221
Miami,Auburn,0.018258053442157456
Miami,BYU,0.01698470765691873
Miami,Ball State,0.02290964822689718
Miami,Baylor,0.017581745846430623
Miami,Boise State,0.023052087350756645
Miami,Boston College,0.025865259281665148
Miami,Bowling Green,0.029319481749410414
Miami,Buffalo,0.0254915034833146
Miami,California,0.020642941682365613
Miami,Central Michigan,0.02220116178626544
Miami,Charlotte,0.02087840580766827
Miami,Cincinnati,0.021221238901482125
Miami,Clemson,0.015178895308912364
Miami,Coastal Carolina,0.022543176468236833
Miami,Colorado,0.021970850997943096
Miami,Colorado State,0.022293423512214784
Miami,Delaware,0.021022022281564606
Miami,Duke,0.029504800847387016
Miami,East Carolina,0.02127362280503352
Miami,Eastern Michigan,0.021097917777215855
Miami,Florida,0.021359962487016798
Miami,Florida Atlantic,0.02159505192028404
Miami,Florida International,0.020936044082713164
Miami,Florida State,0.026270538188955233
Miami,Fresno State,0.02446290650729953
Miami,Georgia,0.024781452204059626
Miami,Georgia Southern,0.02150912540051025
Miami,Georgia State,0.024163599546140845
Miami,Georgia Tech,0.01996779892458882
Miami,Hawai'i,0.01993336283832637
Miami,Houston,0.026570916349197633
Miami,Illinois,0.02968827326200406
Miami,Indiana,0.024524154368837932
Miami,Iowa,0.023055166695826402
Miami,Iowa State,0.022598475278572845
Miami,Jacksonville State,0.01958904242932549
Miami,James Madison,0.02144567769889325
Miami,Kansas,0.02637979398037257
Miami,Kansas State,0.018551552227165573
Miami,Kennesaw State,0.02105349280060352
Miami,Kent State,0.02476796696104609
Miami,Kentucky,0.02574673654771198
Miami,LSU,0.01958955211274324
Miami,Liberty,0.022161601458469196
Miami,Louisiana,0.018257880307164926
Miami,Louisiana Tech,0.02070035531266418
Miami,Louisville,0.030398564674570062
Miami,Marshall,0.028856560009695727
Miami,Maryland,0.022036747036035653
Miami,Massachusetts,0.01925720149163063
Miami,Memphis,0.026887024336083636
Miami,Miami (OH),0.02392987998776676
Miami,Michigan,0.015991118320912524
Miami,Michigan State,0.020962539351777193
Miami,Middle Tennessee,0.027317477644081118
Miami,Minnesota,0.03070334970667239
Miami,Mississippi State,0.022156566556541236
Miami,Missouri,0.01918925949495695
Miami,Missouri State,0.020470974553178152
Miami,NC State,0.029842424701571828
Miami,Navy,0.02305653340493331
Miami,Nebraska,0.024461387480049224
Miami,Nevada,0.025870354101672738
Miami,New Mexico,0.020970206691601066
Miami,New Mexico State,0.019348271702248024
Miami,North Carolina,0.02102880577282577
Miami,North Dakota State,0.02457553111340305
Miami,North Texas,0.027856971321848934
Miami,Northern Illinois,0.011336892199445841
Miami,Northwestern,0.02518849745989689
Miami,Notre Dame,0.02551579637388198
Miami,Ohio,0.023695483163082405
Miami,Ohio State,0.020897937267479363
Miami,Oklahoma,0.020542788442382304
Miami,Oklahoma State,0.02984469918604238
Miami,Old Dominion,0.02192793266742722
Miami,Ole Miss,0.03252779383682384
Miami,Oregon,0.028153650227908313
Miami,Oregon State,0.014386204980444387
Miami,Penn State,0.021212010493575
Miami,Pittsburgh,0.023063374746274803
Miami,Purdue,0.02188162962111426
Miami,Rice,0.024295896823424392
Miami,Rutgers,0.029447814568576258
Miami,SMU,0.01737581244719933
Miami,Sacramento State,0.026895213752976162
Miami,Sam Houston,0.010507009819922709
Miami,San Diego State,0.018912245696413494
Miami,San José State,0.022157428224382616
Miami,South Alabama,0.02682157673004676
Miami,South Carolina,0.02334323292489598
Miami,South Florida,0.029403323869533392
Miami,Southern Miss,0.023043351208150015
Miami,Stanford,0.026453008612580625
Miami,Syracuse,0.022956790553781387
Miami,TCU,0.023365557467868437
Miami,Temple,0.022240563220572947
Miami,Tennessee,0.016678014925215864
Miami,Texas,0.021726969906617394
Miami,Texas A&M,0.01258762554966033
Miami,Texas State,0.024954968238432827
Miami,Texas Tech,0.026830843086613196
Miami,Toledo,0.02711051905616133
Miami,Troy,0.024838508585864606
Miami,Tulane,0.02291563420988653
Miami,Tulsa,0.01848229792134744
Miami,UAB,0.02486490939002594
Miami,UCF,0.020248762721195242
Miami,UCLA,0.01974236863433944
Miami,UConn,0.020913381012117517
Miami,UL Monroe,0.024546778629374873
Miami,UNLV,0.020724079247120476
Miami,USC,0.023633099324076492
Miami,UTEP,0.02421713704455614
Miami,UTSA,0.017178806478289288
Miami,Utah,0.01807878169574872
Miami,Utah State,0.015558760145419579
Miami,Vanderbilt,0.016624913298016544
Miami,Virginia,0.02355017654962878
Miami,Virginia Tech,0.0113102195691531
Miami,Wake Forest,0.027177147623288288
Miami,Washington,0.02463885355539767
Miami,Washington State,0.01774924076934226
Miami,West Virginia,0.027309039750653952
Miami,Western Kentucky,0.028318799219332523
Miami,Western Michigan,0.019568506746086522
Miami,Wisconsin,0.030845006320170162
Miami,Wyoming,0.025673618326114853
Miami (OH),Air Force,0.011677817790086899
Miami (OH),Akron,0.02193420360435581
Miami (OH),Alabama,0.019557617287183013
Miami (OH),App State,0.016345446280410427
Miami (OH),Arizona,0.012127108212987094
Miami (OH),Arizona State,0.018439211225056793
Miami (OH),Arkansas,0.019684142945486323
Miami (OH),Arkansas State,0.022228303503461635
Miami (OH),Army,0.020832136188127633
Miami (OH),Auburn,0.019171140365844507
Miami (OH),BYU,0.011778009139171493
Miami (OH),Ball State,0.0175377233694026
Miami (OH),Baylor,0.012209820988936042
Miami (OH),Boise State,0.017680162493262066
Miami (OH),Boston College,0.02049333442417057
Miami (OH),Bowling Green,0.023947556891915835
Miami (OH),Buffalo,0.02011957862582002
Miami (OH),California,0.01786974990822016
Miami (OH),Central Michigan,0.01682923692877086
Miami (OH),Charlotte,0.015506480950173691
Miami (OH),Cincinnati,0.015849314043987546
Miami (OH),Clemson,0.009806970451417785
Miami (OH),Coastal Carolina,0.017171251610742254
Miami (OH),Colorado,0.016598926140448517
Miami (OH),Colorado State,0.016921498654720205
Miami (OH),Delaware,0.015650097424070024
Miami (OH),Duke,0.024132875989892437
Miami (OH),East Carolina,0.015901697947538943
Miami (OH),Eastern Michigan,0.015725992919721276
Miami (OH),Florida,0.01598803762952222
Miami (OH),Florida Atlantic,0.01622312706278946
Miami (OH),Florida International,0.015564119225218583
Miami (OH),Florida State,0.020898613331460654
Miami (OH),Fresno State,0.01909098164980495
Miami (OH),Georgia,0.019409527346565047
Miami (OH),Georgia Southern,0.023911707092572586
Miami (OH),Georgia State,0.018791674688646266
Miami (OH),Georgia Tech,0.01459587406709424
Miami (OH),Hawai'i,0.01456143798083179
Miami (OH),Houston,0.021198991491703054
Miami (OH),Illinois,0.024316348404509483
Miami (OH),Indiana,0.019152229511343353
Miami (OH),Iowa,0.017683241838331823
Miami (OH),Iowa State,0.017226550421078266
Miami (OH),Jacksonville State,0.01421711757183091
Miami (OH),James Madison,0.01607375284139867
Miami (OH),Kansas,0.02100786912287799
Miami (OH),Kansas State,0.013179627369670995
Miami (OH),Kennesaw State,0.015681567943108942
Miami (OH),Kent State,0.01939604210355151
Miami (OH),Kentucky,0.0203748116902174
Miami (OH),LSU,0.016019818010138333
Miami (OH),Liberty,0.016789676600974617
Miami (OH),Louisiana,0.013949024780035135
Miami (OH),Louisiana Tech,0.017486492335713526
Miami (OH),Louisville,0.025026639817075483
Miami (OH),Marshall,0.023484635152201148
Miami (OH),Maryland,0.016664822178541074
Miami (OH),Massachusetts,0.017274908426163006
Miami (OH),Memphis,0.0244844426440213
Miami (OH),Miami,0.02014385928944373
Miami (OH),Michigan,0.010619193463417945
Miami (OH),Michigan State,0.015590614494282616
Miami (OH),Middle Tennessee,0.02194555278658654
Miami (OH),Minnesota,0.02533142484917781
Miami (OH),Mississippi State,0.016784641699046657
Miami (OH),Missouri,0.013817334637462372
Miami (OH),Missouri State,0.015099049695683573
Miami (OH),NC State,0.02447049984407725
Miami (OH),Navy,0.02089596399389044
Miami (OH),Nebraska,0.01908946262255464
Miami (OH),Nevada,0.02049842924417816
Miami (OH),New Mexico,0.015598281834106487
Miami (OH),New Mexico State,0.013976346844753447
Miami (OH),North Carolina,0.01565688091533119
Miami (OH),North Dakota State,0.01920360625590847
Miami (OH),North Texas,0.03025955301391127
Miami (OH),Northern Illinois,0.007170282800754383
Miami (OH),Northwestern,0.01981657260240231
Miami (OH),Notre Dame,0.020143871516387402
Miami (OH),Ohio,0.018323558305587826
Miami (OH),Ohio State,0.015526012409984784
Miami (OH),Oklahoma,0.015170863584887727
Miami (OH),Oklahoma State,0.024472774328547803
Miami (OH),Old Dominion,0.01655600780993264
Miami (OH),Ole Miss,0.027155868979329256
Miami (OH),Oregon,0.022781725370413737
Miami (OH),Oregon State,0.014194188050417042
Miami (OH),Penn State,0.01584008563608042
Miami (OH),Pittsburgh,0.017691449888780224
Miami (OH),Purdue,0.01650970476361968
Miami (OH),Rice,0.018923971965929813
Miami (OH),Rutgers,0.02407588971108168
Miami (OH),SMU,0.012003887589704752
Miami (OH),Sacramento State,0.021523288895481583
Miami (OH),Sam Houston,0.00513508496242813
Miami (OH),San Diego State,0.013540320838918915
Miami (OH),San José State,0.016785503366888038
Miami (OH),South Alabama,0.021449651872552176
Miami (OH),South Carolina,0.017971308067401402
Miami (OH),South Florida,0.024031399012038813
Miami (OH),Southern Miss,0.025205099572656372
Miami (OH),Stanford,0.021081083755086046
Miami (OH),Syracuse,0.017584865696286808
Miami (OH),TCU,0.017993632610373858
Miami (OH),Temple,0.018439127313450716
Miami (OH),Tennessee,0.011306090067721285
Miami (OH),Texas,0.016355045049122816
Miami (OH),Texas A&M,0.014990207241722663
Miami (OH),Texas State,0.019583043380938248
Miami (OH),Texas Tech,0.021458918229118617
Miami (OH),Toledo,0.02173859419866675
Miami (OH),Troy,0.019466583728370027
Miami (OH),Tulane,0.01754370935239195
Miami (OH),Tulsa,0.020884879613409776
Miami (OH),UAB,0.01949298453253136
Miami (OH),UCF,0.020513934086105984
Miami (OH),UCLA,0.014370443776844858
Miami (OH),UConn,0.015541456154622936
Miami (OH),UL Monroe,0.019174853771880294
Miami (OH),UNLV,0.015352154389625897
Miami (OH),USC,0.018261174466581917
Miami (OH),UTEP,0.01884521218706156
Miami (OH),UTSA,0.011806881620794709
Miami (OH),Utah,0.012706856838254142
Miami (OH),Utah State,0.013946377804146199
Miami (OH),Vanderbilt,0.011252988440521965
Miami (OH),Virginia,0.0181782516921342
Miami (OH),Virginia Tech,0.013712801261215433
Miami (OH),Wake Forest,0.02180522276579371
Miami (OH),Washington,0.019266928697903092
Miami (OH),Washington State,0.020151822461404595
Miami (OH),West Virginia,0.021937114893159373
Miami (OH),Western Kentucky,0.022946874361837944
Miami (OH),Western Michigan,0.014196581888591941
Miami (OH),Wisconsin,0.025473081462675587
Miami (OH),Wyoming,0.020301693468620274
Michigan,Air Force,0.016810671708424384
Michigan,Akron,0.029775797596770716
Michigan,Alabama,0.022517654515880434
Michigan,App State,0.012143043218100856
Michigan,Arizona,0.01636138128552419
Michigan,Arizona State,0.014748425911243587
Michigan,Arkansas,0.009170401259497215
Michigan,Arkansas State,0.011863577940660341
Michigan,Army,0.00922570914184534
Michigan,Auburn,0.02795475536252324
Michigan,BYU,0.016875706699087133
Michigan,Ball State,0.018744669032227865
Michigan,Baylor,0.01780987311700693
Michigan,Boise State,0.017032768354104243
Michigan,Boston College,0.018843017146732713
Michigan,Bowling Green,0.01453804249573774
Michigan,Buffalo,0.02693113507139657
Michigan,California,0.01321747267364025
Michigan,Central Michigan,0.011659252569740423
Michigan,Charlotte,0.021653491915308187
Michigan,Cincinnati,0.012639175454523737
Michigan,Clemson,0.018681519047093496
Michigan,Coastal Carolina,0.013460270021339217
Michigan,Colorado,0.022792179443599882
Michigan,Colorado State,0.012482066525634375
Michigan,Delaware,0.022890998565709003
Michigan,Duke,0.021215516452053402
Michigan,East Carolina,0.017643556012813887
Michigan,Eastern Michigan,0.012762496578790007
Michigan,Florida,0.012500451868989064
Michigan,Florida Atlantic,0.01226536243572182
Michigan,Florida International,0.021217991367732572
Michigan,Florida State,0.015181698308277805
Michigan,Fresno State,0.025725082205554778
Michigan,Georgia,0.014360281744158949
Michigan,Georgia Southern,0.03269532208925132
Michigan,Georgia State,0.009696814809865017
Michigan,Georgia Tech,0.013892615431417043
Michigan,Hawai'i,0.013927051517679492
Michigan,Houston,0.013576116572089784
Michigan,Illinois,0.012669392509034224
Michigan,Indiana,0.009336259987167932
Michigan,Iowa,0.019972263680583666
Michigan,Iowa State,0.014701331575924485
Michigan,Jacksonville State,0.014271371926680373
Michigan,James Madison,0.018443394656569582
Michigan,Kansas,0.02209560468881535
Michigan,Kansas State,0.017629692704398545
Michigan,Kennesaw State,0.014472032332416385
Michigan,Kent State,0.009092447394959773
Michigan,Kentucky,0.008113677808293883
Michigan,LSU,0.024803433006817064
Michigan,Liberty,0.013351870170196059
Michigan,Louisiana,0.020436686929963685
Michigan,Louisiana Tech,0.02627010733239226
Michigan,Louisville,0.015329065795593923
Michigan,Marshall,0.01358233301956785
Michigan,Maryland,0.018783888449714792
Michigan,Massachusetts,0.026058523422841737
Michigan,Memphis,0.01570082764734257
Michigan,Miami,0.01377541567596335
Michigan,Miami (OH),0.018968237548547512
Michigan,Michigan State,0.012897875004228667
Michigan,Middle Tennessee,0.018881784828391618
Michigan,Minnesota,0.008528115200670285
Michigan,Mississippi State,0.01758492900170215
Michigan,Missouri,0.01737494545389466
Michigan,Missouri State,0.022000401716914888
Michigan,NC State,0.019598885731394837
Michigan,Navy,0.02033810697163951
Michigan,Nebraska,0.00939902687595664
Michigan,Nevada,0.019275994621485226
Michigan,New Mexico,0.012890207664404796
Michigan,New Mexico State,0.014512142653757837
Michigan,North Carolina,0.01966144055377242
Michigan,North Dakota State,0.013909578148702254
Michigan,North Texas,0.039043168010590004
Michigan,Northern Illinois,0.02252352215656002
Michigan,Northwestern,0.008671916896108973
Michigan,Notre Dame,0.019125639210848866
Michigan,Ohio,0.014901605121457539
Michigan,Ohio State,0.012962477088526499
Michigan,Oklahoma,0.019368823941013323
Michigan,Oklahoma State,0.01522503784956122
Michigan,Old Dominion,0.025219996181396465
Michigan,Ole Miss,0.007597510360180874
Michigan,Oregon,0.0077376271488197885
Michigan,Oregon State,0.019474209375561477
Michigan,Penn State,0.012648403862430862
Michigan,Pittsburgh,0.023153442460820663
Michigan,Purdue,0.01671267196286508
Michigan,Rice,0.015721154981472047
Michigan,Rutgers,0.01023846630682382
Michigan,SMU,0.019250636611397278
Michigan,Sacramento State,0.023239221551181327
Michigan,Sam Houston,0.02335340453608315
Michigan,San Diego State,0.014948168659592368
Michigan,San José State,0.011803280468028195
Michigan,South Alabama,0.0151722136326507
Michigan,South Carolina,0.017754530679775962
Michigan,South Florida,0.014536451774350447
Michigan,Southern Miss,0.0339887145693351
Michigan,Stanford,0.015095977732213673
Michigan,Syracuse,0.01228545522632667
Michigan,TCU,0.014708168720276794
Michigan,Temple,0.02722274231012945
Michigan,Tennessee,0.01718239943079
Michigan,Texas,0.019095488496729
Michigan,Texas A&M,0.023773822238401396
Michigan,Texas State,0.0157008225549413
Michigan,Texas Tech,0.014514548217072654
Michigan,Toledo,0.02735677676388245
Michigan,Troy,0.010210984726806616
Michigan,Tulane,0.012451332743093313
Michigan,Tulsa,0.02966849461008851
Michigan,UAB,0.013120250864213603
Michigan,UCF,0.029297549082784716
Michigan,UCLA,0.015021519374321193
Michigan,UConn,0.022842398637202433
Michigan,UL Monroe,0.01408557836387228
Michigan,UNLV,0.013136335108885386
Michigan,USC,0.019915936638721987
Michigan,UTEP,0.012024357533995863
Michigan,UTSA,0.016681607877716574
Michigan,Utah,0.01578163266025714
Michigan,Utah State,0.02272999280082493
Michigan,Vanderbilt,0.01723550105798932
Michigan,Virginia,0.016689352135998155
Michigan,Virginia Tech,0.022496416257894166
Michigan,Wake Forest,0.00950204930428959
Michigan,Washington,0.02285274932259415
Michigan,Washington State,0.02893543745808333
Michigan,West Virginia,0.015305960152270395
Michigan,Western Kentucky,0.005541615136673339
Michigan,Western Michigan,0.02096205087529531
Michigan,Wisconsin,0.005286078811410851
Michigan,Wyoming,0.0109611485829238
Michigan State,Air Force,0.01137506710602829
Michigan State,Akron,0.0317171500877698
Michigan State,Alabama,0.024459007006879516
Michigan State,App State,0.006462902712389946
Michigan State,Arizona,0.0056557567687467
Michigan State,Arizona State,0.016689778402242672
Michigan State,Arkansas,0.004458791841327643
Michigan State,Arkansas State,0.007044274668835702
Michigan State,Army,0.007159717984678207
Michigan State,Auburn,0.029896107853522324
Michigan State,BYU,0.015431840830206444
Michigan State,Ball State,0.020686021523226947
Michigan State,Baylor,0.019751225608006014
Michigan State,Boise State,0.018974120845103325
Michigan State,Boston College,0.020784369637731795
Michigan State,Bowling Green,0.016479394986736822
Michigan State,Buffalo,0.028872487562395657
Michigan State,California,0.00758792358900232
Michigan State,Central Michigan,0.012039747112085407
Michigan State,Charlotte,0.022814730529929217
Michigan State,Cincinnati,0.002977947538232809
Michigan State,Clemson,0.014417700905056775
Michigan State,Coastal Carolina,0.0154016225123383
Michigan State,Colorado,0.024733531934598967
Michigan State,Colorado State,0.0059366448970648664
Michigan State,Delaware,0.024832351056708085
Michigan State,Duke,0.023156868943052487
Michigan State,East Carolina,0.019584908503812972
Michigan State,Eastern Michigan,0.013088148616219679
Michigan State,Florida,0.011544347533843088
Michigan State,Florida Atlantic,0.004403897080374925
Michigan State,Florida International,0.023159343858731658
Michigan State,Florida State,0.012421729851283547
Michigan State,Fresno State,0.02766643469655386
Michigan State,Georgia,0.016301634235158034
Michigan State,Georgia Southern,0.0346366745802504
Michigan State,Georgia State,0.00870262882706269
Michigan State,Georgia Tech,0.01066682216909304
Michigan State,Hawai'i,0.008187768716929122
Michigan State,Houston,0.015517469063088868
Michigan State,Illinois,0.0090909973003508
Michigan State,Indiana,0.008022575810995707
Michigan State,Iowa,0.021913616171582752
Michigan State,Iowa State,0.01664268406692357
Michigan State,Jacksonville State,0.009858530331933797
Michigan State,James Madison,0.020384747147568667
Michigan State,Kansas,0.024036957179814432
Michigan State,Kansas State,0.01957104519539763
Michigan State,Kennesaw State,0.01641338482341547
Michigan State,Kent State,0.009194599438576319
Michigan State,Kentucky,0.007846273986697965
Michigan State,LSU,0.02674478549781615
Michigan State,Liberty,0.015293222661195142
Michigan State,Louisiana,0.022378039420962767
Michigan State,Louisiana Tech,0.028211459823391342
Michigan State,Louisville,0.017270418286593005
Michigan State,Marshall,0.015523685510566933
Michigan State,Maryland,0.020725240940713877
Michigan State,Massachusetts,0.027999875913840823
Michigan State,Memphis,0.013759475156343483
Michigan State,Miami,0.015716768166962436
Michigan State,Miami (OH),0.020909590039546597
Michigan State,Michigan,0.009501395146919694
Michigan State,Middle Tennessee,0.020823137319390703
Michigan State,Minnesota,0.010106073745019126
Michigan State,Mississippi State,0.019526281492701237
Michigan State,Missouri,0.019316297944893743
Michigan State,Missouri State,0.023941754207913973
Michigan State,NC State,0.02154023822239392
Michigan State,Navy,0.01386867378254364
Michigan State,Nebraska,0.007267245034897714
Michigan State,Nevada,0.02121734711248431
Michigan State,New Mexico,0.013299509153553558
Michigan State,New Mexico State,0.01320609587862458
Michigan State,North Carolina,0.021602793044771505
Michigan State,North Dakota State,0.0209617324253533
Michigan State,North Texas,0.040984520501589086
Michigan State,Northern Illinois,0.00926038376220742
Michigan State,Northwestern,0.01023240288147113
Michigan State,Notre Dame,0.021066991701847948
Michigan State,Ohio,0.014202511699140675
Michigan State,Ohio State,0.013268709193833378
Michigan State,Oklahoma,0.02131017643201241
Michigan State,Oklahoma State,0.017166390340560306
Michigan State,Old Dominion,0.02716134867239555
Michigan State,Ole Miss,0.011930517875170576
Michigan State,Oregon,0.007815317660479108
Michigan State,Oregon State,0.02048393129585855
Michigan State,Penn State,0.012428081215944202
Michigan State,Pittsburgh,0.025094794951819748
Michigan State,Purdue,0.018654024453864167
Michigan State,Rice,0.01766250747247113
Michigan State,Rutgers,0.008850538606922998
Michigan State,SMU,0.021191989102396364
Michigan State,Sacramento State,0.025180574042180413
Michigan State,Sam Houston,0.010090266141730551
Michigan State,San Diego State,0.0036282683996546154
Michigan State,San José State,0.01374463295902728
Michigan State,South Alabama,0.01711356612364978
Michigan State,South Carolina,0.019695883170775048
Michigan State,South Florida,0.01647780426534953
Michigan State,Southern Miss,0.03593006706033419
Michigan State,Stanford,0.017037330223212757
Michigan State,Syracuse,0.014226807717325754
Michigan State,TCU,0.01664952121127588
Michigan State,Temple,0.029164094801128533
Michigan State,Tennessee,0.007258230050556683
Michigan State,Texas,0.02103684098772808
Michigan State,Texas A&M,0.025715174729400478
Michigan State,Texas State,0.017642175045940386
Michigan State,Texas Tech,0.014739627422087636
Michigan State,Toledo,0.02929812925488153
Michigan State,Troy,0.0121523372178057
Michigan State,Tulane,0.014392685234092397
Michigan State,Tulsa,0.03160984710108759
Michigan State,UAB,0.015061603355212687
Michigan State,UCF,0.0312389015737838
Michigan State,UCLA,0.016962871865320278
Michigan State,UConn,0.02478375112820152
Michigan State,UL Monroe,0.007033424087221232
Michigan State,UNLV,0.0045734261410191185
Michigan State,USC,0.021857289129721073
Michigan State,UTEP,0.013965710024994946
Michigan State,UTSA,0.009857037153520078
Michigan State,Utah,0.009990290556808296
Michigan State,Utah State,0.024671345291824014
Michigan State,Vanderbilt,0.007020077826878263
Michigan State,Virginia,0.01863070462699724
Michigan State,Virginia Tech,0.02443776874889325
Michigan State,Wake Forest,0.011376219352352737
Michigan State,Washington,0.024794101813593233
Michigan State,Washington State,0.03087678994908241
Michigan State,West Virginia,0.01724731264326948
Michigan State,Western Kentucky,0.007721523257679263
Michigan State,Western Michigan,0.022903403366294397
Michigan State,Wisconsin,0.010247730358516904
Michigan State,Wyoming,0.009344193424527003
Middle Tennessee,Air Force,0.009284595964605138
Middle Tennessee,Akron,0.01105748701713637
Middle Tennessee,Alabama,0.005826833243899147
Middle Tennessee,App State,0.014196760358243483
Middle Tennessee,Arizona,0.015003906301886728
Middle Tennessee,Arizona State,0.0047084271817729294
Middle Tennessee,Arkansas,0.016275572479587937
Middle Tennessee,Arkansas State,0.013615388401797726
Middle Tennessee,Army,0.013499945085955221
Middle Tennessee,Auburn,0.009495379152747018
Middle Tennessee,BYU,0.009943340873812464
Middle Tennessee,Ball State,0.003806939326118735
Middle Tennessee,Baylor,0.00434727833167781
Middle Tennessee,Boise State,0.01177172451889966
Middle Tennessee,Boston College,0.006762550380886707
Middle Tennessee,Bowling Green,0.010216772848631973
Middle Tennessee,Buffalo,0.008212824491762229
Middle Tennessee,California,0.02780444549117577
Middle Tennessee,Central Michigan,0.008619915958548021
Middle Tennessee,Charlotte,0.009983566691572427
Middle Tennessee,Cincinnati,0.02363761060886624
Middle Tennessee,Clemson,0.007168310278136959
Middle Tennessee,Coastal Carolina,0.006580985498864596
Middle Tennessee,Colorado,0.008774130490403861
Middle Tennessee,Colorado State,0.014723018173568561
Middle Tennessee,Delaware,0.004172687986074657
Middle Tennessee,Duke,0.010402091946608572
Middle Tennessee,East Carolina,0.013301814335808267
Middle Tennessee,Eastern Michigan,0.0075715144544137485
Middle Tennessee,Florida,0.00911531553679034
Middle Tennessee,Florida Atlantic,0.02364543364889822
Middle Tennessee,Florida International,0.005143524688320442
Middle Tennessee,Florida State,0.013904887065169704
Middle Tennessee,Fresno State,0.013758128105253951
Middle Tennessee,Georgia,0.008249106376203838
Middle Tennessee,Georgia Southern,0.013977011509616975
Middle Tennessee,Georgia State,0.011957034243570738
Middle Tennessee,Georgia Tech,0.009992840901540389
Middle Tennessee,Hawai'i,0.012471894353704306
Middle Tennessee,Houston,0.00746820744841919
Middle Tennessee,Illinois,0.014524711850680577
Middle Tennessee,Indiana,0.012637087259637721
Middle Tennessee,Iowa,0.007169591526100839
Middle Tennessee,Iowa State,0.004016979003709859
Middle Tennessee,Jacksonville State,0.01080113273869963
Middle Tennessee,James Madison,0.00861271628658023
Middle Tennessee,Kansas,0.009988348573688993
Middle Tennessee,Kansas State,0.0035664546569793604
Middle Tennessee,Kennesaw State,0.0079027710920479
Middle Tennessee,Kent State,0.016845195806630915
Middle Tennessee,Kentucky,0.012813389083935462
Middle Tennessee,LSU,0.00608512242718272
Middle Tennessee,Liberty,0.007155044102846694
Middle Tennessee,Louisiana,0.012114356514676105
Middle Tennessee,Louisiana Tech,0.0075517967527579145
Middle Tennessee,Louisville,0.011295855773791618
Middle Tennessee,Marshall,0.011047621905324068
Middle Tennessee,Maryland,0.0070234169071124175
Middle Tennessee,Massachusetts,0.007340212843207393
Middle Tennessee,Memphis,0.03441913822697691
Middle Tennessee,Miami,0.006413075246159866
Middle Tennessee,Miami (OH),0.006195852164884096
Middle Tennessee,Michigan,0.011158267923713733
Middle Tennessee,Michigan State,0.011297283122062693
Middle Tennessee,Minnesota,0.01590930936117546
Middle Tennessee,Mississippi State,0.004376643237370345
Middle Tennessee,Missouri,0.004216449893754893
Middle Tennessee,Missouri State,0.0032820911372805437
Middle Tennessee,NC State,0.010739715800793383
Middle Tennessee,Navy,0.01906129572853141
Middle Tennessee,Nebraska,0.018354505746322983
Middle Tennessee,Nevada,0.006767645200894294
Middle Tennessee,New Mexico,0.00736015391707987
Middle Tennessee,New Mexico State,0.0074535671920088475
Middle Tennessee,North Carolina,0.0019470673094179724
Middle Tennessee,North Dakota State,0.006728052281891288
Middle Tennessee,North Texas,0.02032485743095566
Middle Tennessee,Northern Illinois,0.012378127074484102
Middle Tennessee,Northwestern,0.010427260189162298
Middle Tennessee,Notre Dame,0.006413087473103538
Middle Tennessee,Ohio,0.013624793878349438
Middle Tennessee,Ohio State,0.0073909538768000506
Middle Tennessee,Oklahoma,0.006722492269251544
Middle Tennessee,Oklahoma State,0.010741990285263937
Middle Tennessee,Old Dominion,0.009228981864489127
Middle Tennessee,Ole Miss,0.01849635351176454
Middle Tennessee,Oregon,0.026455937728454133
Middle Tennessee,Oregon State,0.012359519785058013
Middle Tennessee,Penn State,0.008231581854689226
Middle Tennessee,Pittsburgh,0.00792315460309733
Middle Tennessee,Purdue,0.007428195590094123
Middle Tennessee,Rice,0.0056127481438000195
Middle Tennessee,Rutgers,0.018099471524067635
Middle Tennessee,SMU,0.00892139906823993
Middle Tennessee,Sacramento State,0.007792504852197718
Middle Tennessee,Sam Houston,0.0111191997065114
Middle Tennessee,San Diego State,0.017031394670978812
Middle Tennessee,San José State,0.006915030111606149
Middle Tennessee,South Alabama,0.0077188678292683145
Middle Tennessee,South Carolina,0.010643042655478139
Middle Tennessee,South Florida,0.010300614968754947
Middle Tennessee,Southern Miss,0.01527040398970076
Middle Tennessee,Stanford,0.008363385510750167
Middle Tennessee,Syracuse,0.006432855353307674
Middle Tennessee,TCU,0.009262271649971541
Middle Tennessee,Temple,0.008504431730495105
Middle Tennessee,Tennessee,0.013401433020076745
Middle Tennessee,Texas,0.013935030849979036
Middle Tennessee,Texas A&M,0.008871780007594188
Middle Tennessee,Texas State,0.008936183262357655
Middle Tennessee,Texas Tech,0.013237736973964553
Middle Tennessee,Toledo,0.008638466184248104
Middle Tennessee,Troy,0.008507325852827728
Middle Tennessee,Tulane,0.006927425569757857
Middle Tennessee,Tulsa,0.010950184030454165
Middle Tennessee,UAB,0.005762200489247496
Middle Tennessee,UCF,0.010579238503150373
Middle Tennessee,UCLA,0.004049286534501886
Middle Tennessee,UConn,0.006235284232574013
Middle Tennessee,UL Monroe,0.024069373730620864
Middle Tennessee,UNLV,0.01608623692961431
Middle Tennessee,USC,0.010055554311721835
Middle Tennessee,UTEP,0.010268247186239894
Middle Tennessee,UTSA,0.01080262591711335
Middle Tennessee,Utah,0.010669372513825132
Middle Tennessee,Utah State,0.00698273233806881
Middle Tennessee,Vanderbilt,0.018140723983543314
Middle Tennessee,Virginia,0.0044474676488503355
Middle Tennessee,Virginia Tech,0.0057999631594888735
Middle Tennessee,Wake Forest,0.00928344371828069
Middle Tennessee,Washington,0.005536144654619227
Middle Tennessee,Washington State,0.010217126878448984
Middle Tennessee,West Virginia,0.011761205706611103
Middle Tennessee,Western Kentucky,0.024031152004010757
Middle Tennessee,Western Michigan,0.0053700101558523325
Middle Tennessee,Wisconsin,0.013432231768223493
Middle Tennessee,Wyoming,0.011315469646106425
Minnesota,Air Force,0.008306580648865813
Minnesota,Akron,0.02864866363060732
Minnesota,Alabama,0.02139052054971704
Minnesota,App State,0.0033944162552274693
Minnesota,Arizona,0.005994092223207168
Minnesota,Arizona State,0.013621291945080195
Minnesota,Arkansas,0.004469809801168238
Minnesota,Arkansas State,0.007162986482331364
Minnesota,Army,0.004525117683516362
Minnesota,Auburn,0.026827621396359847
Minnesota,BYU,0.012363354373043967
Minnesota,Ball State,0.01761753506606447
Minnesota,Baylor,0.016682739150843538
Minnesota,Boise State,0.015905634387940848
Minnesota,Boston College,0.017715883180569318
Minnesota,Bowling Green,0.013410908529574347
Minnesota,Buffalo,0.02580400110523318
Minnesota,California,0.01021326887770482
Minnesota,Central Michigan,0.00897126065492293
Minnesota,Charlotte,0.01974624407276674
Minnesota,Cincinnati,0.006046433995395286
Minnesota,Clemson,0.011349214447894298
Minnesota,Coastal Carolina,0.012333136055175824
Minnesota,Colorado,0.02166504547743649
Minnesota,Colorado State,0.0028681584399023897
Minnesota,Delaware,0.02176386459954561
Minnesota,Duke,0.02008838248589001
Minnesota,East Carolina,0.016516422046650495
Minnesota,Eastern Michigan,0.010019662159057202
Minnesota,Florida,0.008475861076680611
Minnesota,Florida Atlantic,0.006054257035427269
Minnesota,Florida International,0.02009085740156918
Minnesota,Florida State,0.010481106849948827
Minnesota,Fresno State,0.024597948239391383
Minnesota,Georgia,0.013233147777995556
Minnesota,Georgia Southern,0.031568188123087926
Minnesota,Georgia State,0.005634142369900212
Minnesota,Georgia Tech,0.007598335711930563
Minnesota,Hawai'i,0.005119282259766644
Minnesota,Houston,0.012448982605926391
Minnesota,Illinois,0.00777623006125166
Minnesota,Indiana,0.00495408935383323
Minnesota,Iowa,0.018845129714420275
Minnesota,Iowa State,0.013574197609761092
Minnesota,Jacksonville State,0.00679004387477132
Minnesota,James Madison,0.01731626069040619
Minnesota,Kansas,0.020968470722651955
Minnesota,Kansas State,0.016502558738235154
Minnesota,Kennesaw State,0.013344898366252992
Minnesota,Kent State,0.005466828731120747
Minnesota,Kentucky,0.004777787529535489
Minnesota,LSU,0.023676299040653673
Minnesota,Liberty,0.012224736204032666
Minnesota,Louisiana,0.01930955296380029
Minnesota,Louisiana Tech,0.025142973366228866
Minnesota,Louisville,0.014201931829430529
Minnesota,Marshall,0.012455199053404456
Minnesota,Maryland,0.0176567544835514
Minnesota,Massachusetts,0.024931389456678346
Minnesota,Memphis,0.01682796161350596
Minnesota,Miami,0.012648281709799957
Minnesota,Miami (OH),0.01784110358238412
Minnesota,Michigan,0.006432908689757218
Minnesota,Michigan State,0.006293893491408258
Minnesota,Middle Tennessee,0.017754650862228227
Minnesota,Mississippi State,0.01645779503553876
Minnesota,Missouri,0.016247811487731266
Minnesota,Missouri State,0.020873267750751497
Minnesota,NC State,0.018471751765231442
Minnesota,Navy,0.01563751551331053
Minnesota,Nebraska,0.0025493442792968216
Minnesota,Nevada,0.018148860655321834
Minnesota,New Mexico,0.010231022696391081
Minnesota,New Mexico State,0.010137609421462104
Minnesota,North Carolina,0.018534306587609028
Minnesota,North Dakota State,0.010863124331579663
Minnesota,North Texas,0.03791603404442661
Minnesota,Northern Illinois,0.010575151001306559
Minnesota,Northwestern,0.007163916424308654
Minnesota,Notre Dame,0.01799850524468547
Minnesota,Ohio,0.011134025241978198
Minnesota,Ohio State,0.010200222736670901
Minnesota,Oklahoma,0.018241689974849932
Minnesota,Oklahoma State,0.014097903883397829
Minnesota,Old Dominion,0.024092862215233074
Minnesota,Ole Miss,0.010615750636071437
Minnesota,Oregon,0.008864761114983181
Minnesota,Oregon State,0.017415444838696073
Minnesota,Penn State,0.009359594758781726
Minnesota,Pittsburgh,0.02202630849465727
Minnesota,Purdue,0.01558553799670169
Minnesota,Rice,0.014594021015308652
Minnesota,Rutgers,0.007535771367823858
Minnesota,SMU,0.018123502645233887
Minnesota,Sacramento State,0.022112087585017936
Minnesota,Sam Houston,0.011405033380829691
Minnesota,San Diego State,0.003227693956946295
Minnesota,San José State,0.010676146501864802
Minnesota,South Alabama,0.014045079666487307
Minnesota,South Carolina,0.01662739671361257
Minnesota,South Florida,0.013409317808187054
Minnesota,Southern Miss,0.03286158060317171
Minnesota,Stanford,0.01396884376605028
Minnesota,Syracuse,0.011158321260163277
Minnesota,TCU,0.013581034754113402
Minnesota,Temple,0.026095608343966056
Minnesota,Tennessee,0.005234028275536538
Minnesota,Texas,0.017968354530565604
Minnesota,Texas A&M,0.022646688272238
Minnesota,Texas State,0.01457368858877791
Minnesota,Texas Tech,0.011671140964925159
Minnesota,Toledo,0.026229642797719055
Minnesota,Troy,0.009083850760643223
Minnesota,Tulane,0.01132419877692992
Minnesota,Tulsa,0.028541360643925116
Minnesota,UAB,0.01199311689805021
Minnesota,UCF,0.028170415116621324
Minnesota,UCLA,0.0138943854081578
Minnesota,UConn,0.021715264671039042
Minnesota,UL Monroe,0.006478197117149913
Minnesota,UNLV,0.0015049396838566417
Minnesota,USC,0.018788802672558596
Minnesota,UTEP,0.01089722356783247
Minnesota,UTSA,0.006788550696357601
Minnesota,Utah,0.00692180409964582
Minnesota,Utah State,0.021602858834661537
Minnesota,Vanderbilt,0.005287129902735858
Minnesota,Virginia,0.015562218169834763
Minnesota,Virginia Tech,0.021369282291730775
Minnesota,Wake Forest,0.00830773289519026
Minnesota,Washington,0.021725615356430757
Minnesota,Washington State,0.027808303491919935
Minnesota,West Virginia,0.014178826186107002
Minnesota,Western Kentucky,0.006439975390539806
Minnesota,Western Michigan,0.01983491690913192
Minnesota,Wisconsin,0.008932963119417764
Minnesota,Wyoming,0.006275706967364526
Mississippi State,Air Force,0.02020023038454969
Mississippi State,Akron,0.02382674590451562
Mississippi State,Alabama,0.01858481295806456
Mississippi State,App State,0.025112394778188035
Mississippi State,Arizona,0.02591954072183128
Mississippi State,Arizona State,0.017349580248275424
Mississippi State,Arkansas,0.02719120689953249
Mississippi State,Arkansas State,0.03059327444753119
Mississippi State,Army,0.024415579505899773
Mississippi State,Auburn,0.011796497607881509
Mississippi State,BYU,0.025707763903451423
Mississippi State,Ball State,0.022569224011738033
Mississippi State,Baylor,0.018766031776223185
Mississippi State,Boise State,0.016590531516480697
Mississippi State,Boston College,0.028934252533704585
Mississippi State,Bowling Green,0.02613923434153821
Mississippi State,Buffalo,0.01902994764903865
Mississippi State,California,0.03872007991112032
Mississippi State,Central Michigan,0.02158727317500002
Mississippi State,Charlotte,0.040718819657530304
Mississippi State,Cincinnati,0.03455324502881079
Mississippi State,Clemson,0.02806115910382906
Mississippi State,Coastal Carolina,0.01617367497823968
Mississippi State,Colorado,0.020680824427215284
Mississippi State,Colorado State,0.03154739426785649
Mississippi State,Delaware,0.014560466447288657
Mississippi State,Duke,0.023043245013111068
Mississippi State,East Carolina,0.02360416328249408
Mississippi State,Eastern Michigan,0.0184871488743583
Mississippi State,Florida,0.027281517238593803
Mississippi State,Florida Atlantic,0.03456106806884277
Mississippi State,Florida International,0.014474488248437214
Mississippi State,Florida State,0.02194848061941791
Mississippi State,Fresno State,0.01800135067302358
Mississippi State,Georgia,0.018319896369783678
Mississippi State,Georgia Southern,0.02081966122534219
Mississippi State,Georgia State,0.02287266866351529
Mississippi State,Georgia Tech,0.020908475321484942
Mississippi State,Hawai'i,0.023387528773648858
Mississippi State,Houston,0.020109360514921685
Mississippi State,Illinois,0.03173472025125634
Mississippi State,Indiana,0.02355272167958227
Mississippi State,Iowa,0.020131318281411417
Mississippi State,Iowa State,0.016136919444296897
Mississippi State,Jacksonville State,0.02854121381794926
Mississippi State,James Madison,0.021353548140920307
Mississippi State,Kansas,0.019918238146096622
Mississippi State,Kansas State,0.029805636511526026
Mississippi State,Kennesaw State,0.025689170696535285
Mississippi State,Kent State,0.027760830226575467
Mississippi State,Kentucky,0.023729023503880016
Mississippi State,LSU,0.013127996278467292
Mississippi State,Liberty,0.024919475374197992
Mississippi State,Louisiana,0.020510552905874262
Mississippi State,Louisiana Tech,0.020772497585663446
Mississippi State,Louisville,0.023937008840294115
Mississippi State,Marshall,0.02239500417541978
Mississippi State,Maryland,0.02312966039188934
Mississippi State,Massachusetts,0.018307838234447954
Mississippi State,Memphis,0.04533477264692146
Mississippi State,Miami,0.01905422831266236
Mississippi State,Miami (OH),0.01746832415349081
Mississippi State,Michigan,0.022073902343658285
Mississippi State,Michigan State,0.0273399946316613
Mississippi State,Middle Tennessee,0.028326349013140968
Mississippi State,Minnesota,0.026824943781120013
Mississippi State,Missouri,0.022849284947050626
Mississippi State,Missouri State,0.022870133678021532
Mississippi State,NC State,0.02338086886729588
Mississippi State,Navy,0.02079747918413369
Mississippi State,Nebraska,0.029270140166267535
Mississippi State,Nevada,0.024616632927011637
Mississippi State,New Mexico,0.01827578833702442
Mississippi State,New Mexico State,0.0183692016119534
Mississippi State,North Carolina,0.020079077129599606
Mississippi State,North Dakota State,0.0181139752791271
Mississippi State,North Texas,0.0211118678263303
Mississippi State,Northern Illinois,0.023293761494428654
Mississippi State,Northwestern,0.021853322812477594
Mississippi State,Notre Dame,0.02187148806329099
Mississippi State,Ohio,0.02893487357427524
Mississippi State,Ohio State,0.024795180782281347
Mississippi State,Oklahoma,0.025380533091116278
Mississippi State,Oklahoma State,0.023383143351766434
Mississippi State,Old Dominion,0.027725879710791542
Mississippi State,Ole Miss,0.029411987931709092
Mississippi State,Oregon,0.03737157214839869
Mississippi State,Oregon State,0.014095703240660295
Mississippi State,Penn State,0.02404490696530731
Mississippi State,Pittsburgh,0.016601818911998856
Mississippi State,Purdue,0.026004365576234915
Mississippi State,Rice,0.02624271821368888
Mississippi State,Rutgers,0.029015105944012187
Mississippi State,SMU,0.026561823118398893
Mississippi State,Sacramento State,0.021066017953486837
Mississippi State,Sam Houston,0.02234940394294107
Mississippi State,San Diego State,0.027947029090923364
Mississippi State,San José State,0.02051859917951656
Mississippi State,South Alabama,0.028078085769717254
Mississippi State,South Carolina,0.016881677090620033
Mississippi State,South Florida,0.022941768035257444
Mississippi State,Southern Miss,0.031030322319365665
Mississippi State,Stanford,0.019991452778304677
Mississippi State,Syracuse,0.017348489773252224
Mississippi State,TCU,0.01690400163359249
Mississippi State,Temple,0.023819526492805235
Mississippi State,Tennessee,0.02666498180781783
Mississippi State,Texas,0.015671214305581316
Mississippi State,Texas A&M,0.02717562583456569
Mississippi State,Texas State,0.018872679151876903
Mississippi State,Texas Tech,0.020369287252337248
Mississippi State,Toledo,0.02064896322188538
Mississippi State,Troy,0.01942296027277228
Mississippi State,Tulane,0.02489292335178893
Mississippi State,Tulsa,0.022309091606461294
Mississippi State,UAB,0.02439753321278622
Mississippi State,UCF,0.01880480605527545
Mississippi State,UCLA,0.018867106927586422
Mississippi State,UConn,0.014451825177841568
Mississippi State,UL Monroe,0.03498500815056542
Mississippi State,UNLV,0.02700187134955886
Mississippi State,USC,0.02346332491048074
Mississippi State,UTEP,0.017755581210280192
Mississippi State,UTSA,0.024788086376431304
Mississippi State,Utah,0.023281286320891152
Mississippi State,Utah State,0.017132877466328966
Mississippi State,Vanderbilt,0.029056358403487866
Mississippi State,Virginia,0.01708862071535283
Mississippi State,Virginia Tech,0.007536146615091155
Mississippi State,Wake Forest,0.02071559178901234
Mississippi State,Washington,0.026981581594637087
Mississippi State,Washington State,0.030632510859910596
Mississippi State,West Virginia,0.029109545563124874
Mississippi State,Western Kentucky,0.03494678642395531
Mississippi State,Western Michigan,0.013106950911810572
Mississippi State,Wisconsin,0.024383450485894215
Mississippi State,Wyoming,0.022231104066050975
Missouri,Air Force,0.02253308304469456
Missouri,Akron,0.029524111463299085
Missouri,Alabama,0.022265968382408807
Missouri,App State,0.01806052075003873
Missouri,Arizona,0.02501734102551187
Missouri,Arizona State,0.017398672087281276
Missouri,Arkansas,0.02349305860347294
Missouri,Arkansas State,0.026186235284636067
Missouri,Army,0.023548366485821065
Missouri,Auburn,0.027703069229051615
Missouri,BYU,0.025542809460896286
Missouri,Ball State,0.01869219357505894
Missouri,Baylor,0.019946746918761634
Missouri,Boise State,0.027371193105983484
Missouri,Boston College,0.021796172831288884
Missouri,Bowling Green,0.021075521877088072
Missouri,Buffalo,0.026679448937924947
Missouri,California,0.015163095920757954
Missouri,Central Michigan,0.019479889066362388
Missouri,Charlotte,0.02558303527865625
Missouri,Cincinnati,0.020439097747003494
Missouri,Clemson,0.022767778865220783
Missouri,Coastal Carolina,0.022180454085948417
Missouri,Colorado,0.024373599077487686
Missouri,Colorado State,0.019175524889099738
Missouri,Delaware,0.022639312432237373
Missouri,Duke,0.020963830318581775
Missouri,East Carolina,0.02890128292289209
Missouri,Eastern Michigan,0.021542633060315928
Missouri,Florida,0.0209810353661945
Missouri,Florida Atlantic,0.018347122429385347
Missouri,Florida International,0.02096630523426095
Missouri,Florida State,0.02950435565225353
Missouri,Fresno State,0.029357596692337774
Missouri,Georgia,0.023848574963287662
Missouri,Georgia Southern,0.03244363595577969
Missouri,Georgia State,0.01879402416751028
Missouri,Georgia Tech,0.02201395759189669
Missouri,Hawai'i,0.023387813840037804
Missouri,Houston,0.022941610628399483
Missouri,Illinois,0.021521751852875443
Missouri,Indiana,0.02237033027386878
Missouri,Iowa,0.022769060113184664
Missouri,Iowa State,0.01858942384738657
Missouri,Jacksonville State,0.022025427826544607
Missouri,James Madison,0.024212184873664052
Missouri,Kansas,0.025587817160772817
Missouri,Kansas State,0.019165923244063184
Missouri,Kennesaw State,0.023502239679131724
Missouri,Kent State,0.013556420071183954
Missouri,Kentucky,0.01860129454167799
Missouri,LSU,0.024551746873345437
Missouri,Liberty,0.022754512689930517
Missouri,Louisiana,0.027713825101759928
Missouri,Louisiana Tech,0.02601842119892063
Missouri,Louisville,0.021558700897768634
Missouri,Marshall,0.02664709049240789
Missouri,Maryland,0.022622885494196242
Missouri,Massachusetts,0.02580683728937011
Missouri,Memphis,0.015952513780814193
Missouri,Miami,0.02009405395973145
Missouri,Miami (OH),0.02179532075196792
Missouri,Michigan,0.019840904409751038
Missouri,Michigan State,0.02491235864831361
Missouri,Middle Tennessee,0.018630098694919994
Missouri,Minnesota,0.022850772544646007
Missouri,Mississippi State,0.01997611182445417
Missouri,Missouri State,0.02174871558344326
Missouri,NC State,0.01934719959792321
Missouri,Navy,0.03466076431561523
Missouri,Nebraska,0.01798043830643599
Missouri,Nevada,0.0190243084880136
Missouri,New Mexico,0.015947468968887473
Missouri,New Mexico State,0.021787672704219746
Missouri,North Carolina,0.019409754420300795
Missouri,North Dakota State,0.027264029396626636
Missouri,North Texas,0.038791481877118374
Missouri,Northern Illinois,0.02093508312247918
Missouri,Northwestern,0.021784341592133317
Missouri,Notre Dame,0.018873953077377235
Missouri,Ohio,0.029224262465433262
Missouri,Ohio State,0.0210569542407275
Missouri,Oklahoma,0.02232196085633537
Missouri,Oklahoma State,0.015284707487116644
Missouri,Old Dominion,0.024968310047924838
Missouri,Ole Miss,0.0219201677041566
Missouri,Oregon,0.014935701849281165
Missouri,Oregon State,0.027958988372141835
Missouri,Penn State,0.020834880731253672
Missouri,Pittsburgh,0.023522623190181155
Missouri,Purdue,0.023027664177177946
Missouri,Rice,0.021212216730883842
Missouri,Rutgers,0.024561123650799543
Missouri,SMU,0.024520867655323752
Missouri,Sacramento State,0.022987535417709704
Missouri,Sam Houston,0.01823340184027487
Missouri,San Diego State,0.022250942759250998
Missouri,San José State,0.016984312643217658
Missouri,South Alabama,0.022774836287098064
Missouri,South Carolina,0.026242511242561963
Missouri,South Florida,0.020532657941679584
Missouri,Southern Miss,0.03373702843586348
Missouri,Stanford,0.02396285409783399
Missouri,Syracuse,0.016289542740288276
Missouri,TCU,0.024861740237055365
Missouri,Temple,0.02697105617665782
Missouri,Tennessee,0.01929170182488684
Missouri,Texas,0.029534499437062857
Missouri,Texas A&M,0.024471248594678013
Missouri,Texas State,0.024535651849441478
Missouri,Texas Tech,0.028837205561048376
Missouri,Toledo,0.02710509063041082
Missouri,Troy,0.020900040253995666
Missouri,Tulane,0.02252689415684168
Missouri,Tulsa,0.02941680847661688
Missouri,UAB,0.02007176228840268
Missouri,UCF,0.029045862949313092
Missouri,UCLA,0.01964875512158571
Missouri,UConn,0.022590712503730806
Missouri,UL Monroe,0.023989889065756626
Missouri,UNLV,0.01984017106560211
Missouri,USC,0.025655022898805658
Missouri,UTEP,0.025867715773323717
Missouri,UTSA,0.022594586447367986
Missouri,Utah,0.02361745626426265
Missouri,Utah State,0.022582200925152635
Missouri,Vanderbilt,0.02108071251460793
Missouri,Virginia,0.01965113008034324
Missouri,Virginia Tech,0.02224473012442254
Missouri,Wake Forest,0.023824706648265314
Missouri,Washington,0.02260106318912252
Missouri,Washington State,0.0286837513246117
Missouri,West Virginia,0.027360674293694924
Missouri,Western Kentucky,0.010697622208730887
Missouri,Western Michigan,0.020969478742936157
Missouri,Wisconsin,0.01846022254716382
Missouri,Wyoming,0.025283805926899522
Missouri State,Air Force,0.009846322810740073
Missouri State,Akron,0.018370530707483193
Missouri State,Alabama,0.01896469640760333
Missouri State,App State,0.014318885105395904
Missouri State,Arizona,0.007690862611539905
Missouri State,Arizona State,0.014980733768153356
Missouri State,Arkansas,0.008962528789241114
Missouri State,Arkansas State,0.009576912635205635
Missouri State,Army,0.00883103936961357
Missouri State,Auburn,0.01654948847323572
Missouri State,BYU,0.006836596394538346
Missouri State,Ball State,0.01368721228037569
Missouri State,Baylor,0.012432658936672999
Missouri State,Boise State,0.005627501464816721
Missouri State,Boston College,0.01058323302414575
Missouri State,Bowling Green,0.01130388397834656
Missouri State,Buffalo,0.015525868182109052
Missouri State,California,0.020491401800828948
Missouri State,Central Michigan,0.012899516789072245
Missouri State,Charlotte,0.009468111149642614
Missouri State,Cincinnati,0.016324566918519412
Missouri State,Clemson,0.00961162699021385
Missouri State,Coastal Carolina,0.010198951769486214
Missouri State,Colorado,0.011386912554312362
Missouri State,Colorado State,0.013203880966334895
Missouri State,Delaware,0.013222640556148567
Missouri State,Duke,0.014840058505936267
Missouri State,East Carolina,0.006238289123526367
Missouri State,Eastern Michigan,0.010836772795118707
Missouri State,Florida,0.011398370489240132
Missouri State,Florida Atlantic,0.016332389958551397
Missouri State,Florida International,0.011636412580030368
Missouri State,Florida State,0.008247222463204654
Missouri State,Fresno State,0.014319815316267257
Missouri State,Georgia,0.008530830892146972
Missouri State,Georgia Southern,0.021290055199963798
Missouri State,Georgia State,0.013585381687924355
Missouri State,Georgia Tech,0.010365448263537946
Missouri State,Hawai'i,0.00899159201539683
Missouri State,Houston,0.009437795227035152
Missouri State,Illinois,0.01166495753625348
Missouri State,Indiana,0.010009075581565855
Missouri State,Iowa,0.00961034574224997
Missouri State,Iowa State,0.013789982008048061
Missouri State,Jacksonville State,0.010353978028890027
Missouri State,James Madison,0.008167220981770579
Missouri State,Kansas,0.010690337799527827
Missouri State,Kansas State,0.013213482611371449
Missouri State,Kennesaw State,0.008877166176302909
Missouri State,Kent State,0.01882298578425068
Missouri State,Kentucky,0.01377811131375664
Missouri State,LSU,0.022608475324235794
Missouri State,Liberty,0.009624893165504115
Missouri State,Louisiana,0.009031420040676162
Missouri State,Louisiana Tech,0.018754094174019985
Missouri State,Louisville,0.012375248948819481
Missouri State,Marshall,0.010833244283945147
Missouri State,Maryland,0.009756520361238393
Missouri State,Massachusetts,0.014653256533554216
Missouri State,Memphis,0.02710609453663009
Missouri State,Miami,0.01228535189570318
Missouri State,Miami (OH),0.010584085103466714
Missouri State,Michigan,0.012538501445683595
Missouri State,Michigan State,0.007467047207121022
Missouri State,Middle Tennessee,0.013963835743441998
Missouri State,Minnesota,0.012680033980921808
Missouri State,Mississippi State,0.012403294030980465
Missouri State,Missouri,0.012563487374595917
Missouri State,NC State,0.014147104291392069
Missouri State,Navy,0.005033217679182728
Missouri State,Nebraska,0.014398967548998644
Missouri State,Nevada,0.017762535734883445
Missouri State,New Mexico,0.01643193688654716
Missouri State,New Mexico State,0.010591733151214889
Missouri State,North Carolina,0.014832869958932838
Missouri State,North Dakota State,0.01620187566464219
Missouri State,North Texas,0.02763790112130248
Missouri State,Northern Illinois,0.011444322732955455
Missouri State,Northwestern,0.010595064263301314
Missouri State,Notre Dame,0.013917248987800236
Missouri State,Ohio,0.005672167437331824
Missouri State,Ohio State,0.011322451614707133
Missouri State,Oklahoma,0.010057444999099266
Missouri State,Oklahoma State,0.01709469836831799
Missouri State,Old Dominion,0.013814729292108944
Missouri State,Ole Miss,0.014504478111073256
Missouri State,Oregon,0.01914289403810731
Missouri State,Oregon State,0.007137311915571943
Missouri State,Penn State,0.01154452512418096
Missouri State,Pittsburgh,0.011748175571533143
Missouri State,Purdue,0.009351741678256687
Missouri State,Rice,0.01116718912455079
Missouri State,Rutgers,0.011424498842825679
Missouri State,SMU,0.007858538200110881
Missouri State,Sacramento State,0.013807772261218829
Missouri State,Sam Houston,0.014146004015159763
Missouri State,San Diego State,0.010128463096183636
Missouri State,San José State,0.015395093212216975
Missouri State,South Alabama,0.009604569568336567
Missouri State,South Carolina,0.006349263790488443
Missouri State,South Florida,0.011846747913755049
Missouri State,Southern Miss,0.022583447680047584
Missouri State,Stanford,0.008429692886830044
Missouri State,Syracuse,0.016089863115146357
Missouri State,TCU,0.007517665618379268
Missouri State,Temple,0.015817475420841928
Missouri State,Tennessee,0.01308770403054779
Missouri State,Texas,0.007690221607441478
Missouri State,Texas A&M,0.012368555349113875
Missouri State,Texas State,0.007843754005993155
Missouri State,Texas Tech,0.008807527360862615
Missouri State,Toledo,0.015951509874594927
Missouri State,Troy,0.011479365601438965
Missouri State,Tulane,0.009852511698592952
Missouri State,Tulsa,0.01826322772080099
Missouri State,UAB,0.012307643567031951
Missouri State,UCF,0.017892282193497196
Missouri State,UCLA,0.012730650733848924
Missouri State,UConn,0.011437131747914912
Missouri State,UL Monroe,0.01675633004027404
Missouri State,UNLV,0.012539234789832522
Missouri State,USC,0.008510669749434468
Missouri State,UTEP,0.006511690082110915
Missouri State,UTSA,0.009784819408066647
Missouri State,Utah,0.008761949591171986
Missouri State,Utah State,0.01132472591153741
Missouri State,Vanderbilt,0.011298693340826702
Missouri State,Virginia,0.012728275775091395
Missouri State,Virginia Tech,0.011091149368606645
Missouri State,Wake Forest,0.009153831897537709
Missouri State,Washington,0.012261337746333487
Missouri State,Washington State,0.017530170568795807
Missouri State,West Virginia,0.009285724024903371
Missouri State,Western Kentucky,0.016718108313663934
Missouri State,Western Michigan,0.011409927112498478
Missouri State,Wisconsin,0.013919183308270813
Missouri State,Wyoming,0.007650302600364273
NC State,Air Force,0.004239507114091153
NC State,Akron,0.02458159009583266
NC State,Alabama,0.01732344701494238
NC State,App State,0.0053528576256818535
NC State,Arizona,0.0016039626497912878
NC State,Arizona State,0.009554218410305536
NC State,Arkansas,0.007476576590131774
NC State,Arkansas State,0.010020737148107084
NC State,Army,0.008624569832773083
NC State,Auburn,0.022760547861585188
NC State,BYU,0.008296280838269308
NC State,Ball State,0.01355046153128981
NC State,Baylor,0.012615665616068878
NC State,Boise State,0.011838560853166188
NC State,Boston College,0.013648809645794659
NC State,Bowling Green,0.011739990536561285
NC State,Buffalo,0.02173692757045852
NC State,California,0.014280342412479479
NC State,Central Michigan,0.00490418712014827
NC State,Charlotte,0.01567917053799208
NC State,Cincinnati,0.010113507530169945
NC State,Clemson,0.007282140913119639
NC State,Coastal Carolina,0.008266062520401164
NC State,Colorado,0.01759797194266183
NC State,Colorado State,0.004713932299365654
NC State,Delaware,0.01769679106477095
NC State,Duke,0.01602130895111535
NC State,East Carolina,0.012449348511875836
NC State,Eastern Michigan,0.005952588624282543
NC State,Florida,0.0044087875419059515
NC State,Florida Atlantic,0.010121330570201929
NC State,Florida International,0.01602378386679452
NC State,Florida State,0.008691046976106105
NC State,Fresno State,0.020530874704616724
NC State,Georgia,0.009166074243220896
NC State,Georgia Southern,0.027501114588313266
NC State,Georgia State,0.006584108333291715
NC State,Georgia Tech,0.003531262177155903
NC State,Hawai'i,0.0023538716254772407
NC State,Houston,0.008991425136348504
NC State,Illinois,0.012108782049154932
NC State,Indiana,0.006944663155988802
NC State,Iowa,0.014778056179645614
NC State,Iowa State,0.009507124074986432
NC State,Jacksonville State,0.0027229703399966614
NC State,James Madison,0.013249187155631531
NC State,Kansas,0.016901397187877296
NC State,Kansas State,0.012435485203460495
NC State,Kennesaw State,0.009277824831478333
NC State,Kent State,0.009856958304536628
NC State,Kentucky,0.008167245334862851
NC State,LSU,0.019609225505879013
NC State,Liberty,0.008157662669258006
NC State,Louisiana,0.01524247942902563
NC State,Louisiana Tech,0.021075899831454206
NC State,Louisville,0.012819073461720933
NC State,Marshall,0.011277068796846599
NC State,Maryland,0.013589680948776741
NC State,Massachusetts,0.020864315921903687
NC State,Memphis,0.02089503514828062
NC State,Miami,0.008581208175025298
NC State,Miami (OH),0.013774030047609461
NC State,Michigan,0.0035724739659695444
NC State,Michigan State,0.0033830481389280657
NC State,Middle Tennessee,0.013687577327453567
NC State,Minnesota,0.013123858493823259
NC State,Mississippi State,0.0123907215007641
NC State,Missouri,0.012180737952956606
NC State,Missouri State,0.016806194215976837
NC State,Navy,0.011247385939894652
NC State,Nebraska,0.006881896267200093
NC State,Nevada,0.014081787120547173
NC State,New Mexico,0.00746590940683311
NC State,New Mexico State,0.006070535886687444
NC State,North Carolina,0.014467233052834368
NC State,North Dakota State,0.007235848184928139
NC State,North Texas,0.03384896050965195
NC State,Northern Illinois,0.006242599013403288
NC State,Northwestern,0.0076090062470477605
NC State,Notre Dame,0.013931431709910812
NC State,Ohio,0.007066951707203539
NC State,Ohio State,0.006133149201896241
NC State,Oklahoma,0.014174616440075272
NC State,Oklahoma State,0.012265207973193252
NC State,Old Dominion,0.020025788680458415
NC State,Ole Miss,0.014948302623974709
NC State,Oregon,0.012931834649757841
NC State,Oregon State,0.013348371303921412
NC State,Penn State,0.005292521224007066
NC State,Pittsburgh,0.017959234959882612
NC State,Purdue,0.01151846446192703
NC State,Rice,0.010526947480533993
NC State,Rutgers,0.011868323355727128
NC State,SMU,0.014056429110459226
NC State,Sacramento State,0.018045014050243276
NC State,Sam Houston,0.00707248139292642
NC State,San Diego State,0.003507291592282521
NC State,San José State,0.006609072967090143
NC State,South Alabama,0.009978006131712647
NC State,South Carolina,0.012560323178837911
NC State,South Florida,0.011823832656684262
NC State,Southern Miss,0.028794507068397052
NC State,Stanford,0.009901770231275621
NC State,Syracuse,0.007123835635432308
NC State,TCU,0.009513961219338743
NC State,Temple,0.022028534809191397
NC State,Tennessee,0.00412167655083374
NC State,Texas,0.013901280995790946
NC State,Texas A&M,0.01857961473746334
NC State,Texas State,0.01050661505400325
NC State,Texas Tech,0.009251351873764066
NC State,Toledo,0.022162569262944395
NC State,Troy,0.007259017373015477
NC State,Tulane,0.00725712524215526
NC State,Tulsa,0.024474287109150457
NC State,UAB,0.007926043363275551
NC State,UCF,0.024103341581846665
NC State,UCLA,0.00982731187338314
NC State,UConn,0.017648191136264382
NC State,UL Monroe,0.010545270651924572
NC State,UNLV,0.003573207310118472
NC State,USC,0.014721729137783936
NC State,UTEP,0.00683015003305781
NC State,UTSA,0.0027214771615829414
NC State,Utah,0.002854730564871161
NC State,Utah State,0.017535785299886877
NC State,Vanderbilt,0.004616620904847022
NC State,Virginia,0.011495144635060104
NC State,Virginia Tech,0.017302208756956115
NC State,Wake Forest,0.00959765641043916
NC State,Washington,0.017658541821656097
NC State,Washington State,0.023741229957145275
NC State,West Virginia,0.010111752651332342
NC State,Western Kentucky,0.010739308006483393
NC State,Western Michigan,0.01576784337435726
NC State,Wisconsin,0.013265515107321036
NC State,Wyoming,0.008094127113265724
Navy,Air Force,0.016174792827769097
Navy,Akron,0.016259814610537715
Navy,Alabama,0.02219683733326386
Navy,App State,0.021086957221407437
Navy,Arizona,0.021894103165050686
Navy,Arizona State,0.01821287469381389
Navy,Arkansas,0.023165769342751892
Navy,Arkansas State,0.023026343153553286
Navy,Army,0.020390141949119176
Navy,Auburn,0.013625349471436787
Navy,BYU,0.01814083260947352
Navy,Ball State,0.01691935320603622
Navy,Baylor,0.01566479986233353
Navy,Boise State,0.008831315562837599
Navy,Boston College,0.02136732123972668
Navy,Bowling Green,0.018572303047560308
Navy,Buffalo,0.0173874389341748
Navy,California,0.03469464235433973
Navy,Central Michigan,0.016131657714732777
Navy,Charlotte,0.0331518883635524
Navy,Cincinnati,0.030527807472030193
Navy,Clemson,0.020494227809851155
Navy,Coastal Carolina,0.013431092695146746
Navy,Colorado,0.013113893133237383
Navy,Colorado State,0.02398046297387859
Navy,Delaware,0.016454781481809098
Navy,Duke,0.018072199431596797
Navy,East Carolina,0.016037231988516178
Navy,Eastern Michigan,0.014461711317577706
Navy,Florida,0.0197145859446159
Navy,Florida Atlantic,0.03053563051206218
Navy,Florida International,0.0148685535056909
Navy,Florida State,0.015128130082513838
Navy,Fresno State,0.0074204964062947135
Navy,Georgia,0.011762971817807505
Navy,Georgia Southern,0.021954571537006293
Navy,Georgia State,0.018847231106734696
Navy,Georgia Tech,0.016883037764704345
Navy,Hawai'i,0.019362091216868264
Navy,Houston,0.012669936152695684
Navy,Illinois,0.02416778895727844
Navy,Indiana,0.019527284122801677
Navy,Iowa,0.012842486667910503
Navy,Iowa State,0.017022122933708594
Navy,Jacksonville State,0.020974282523971356
Navy,James Madison,0.013786616846942403
Navy,Kansas,0.010023729620322348
Navy,Kansas State,0.022238705217548123
Navy,Kennesaw State,0.01812223940255738
Navy,Kent State,0.023735392669794873
Navy,Kentucky,0.01970358594709942
Navy,LSU,0.025840616249896326
Navy,Liberty,0.01735254408022009
Navy,Louisiana,0.013625522606429318
Navy,Louisiana Tech,0.02198623509968052
Navy,Louisville,0.014052845883326531
Navy,Marshall,0.012026174423230451
Navy,Maryland,0.015562729097911435
Navy,Massachusetts,0.013104896447715201
Navy,Memphis,0.04130933509014087
Navy,Miami,0.015517492821363712
Navy,Miami (OH),0.013816226029127247
Navy,Michigan,0.018048464786877688
Navy,Michigan State,0.019773063337683396
Navy,Middle Tennessee,0.020759417719163065
Navy,Minnesota,0.02279950622433942
Navy,Mississippi State,0.015635434956640996
Navy,Missouri,0.01579562830025645
Navy,Missouri State,0.01780844863779043
Navy,NC State,0.0173792452170526
Navy,Nebraska,0.025244702609486937
Navy,Nevada,0.020994676660543977
Navy,New Mexico,0.019664077812207692
Navy,New Mexico State,0.014343764055172804
Navy,North Carolina,0.01806501088459337
Navy,North Dakota State,0.019434016590302722
Navy,North Texas,0.013434660567791702
Navy,Northern Illinois,0.020546510714148404
Navy,Northwestern,0.017317457052326252
Navy,Notre Dame,0.017149389913460766
Navy,Ohio,0.021367942280297335
Navy,Ohio State,0.017228249488303444
Navy,Oklahoma,0.017813601797138374
Navy,Oklahoma State,0.02032683929397852
Navy,Old Dominion,0.02015894841681364
Navy,Ole Miss,0.0253865503749285
Navy,Oregon,0.03334613459161809
Navy,Oregon State,0.017497197933149855
Navy,Penn State,0.016477975671329408
Navy,Pittsburgh,0.012088923590914012
Navy,Purdue,0.018437434282257012
Navy,Rice,0.018675786919710977
Navy,Rutgers,0.024989668387231594
Navy,SMU,0.01899489182442099
Navy,Sacramento State,0.017039913186879363
Navy,Sam Houston,0.021376393093671536
Navy,San Diego State,0.02392159153414277
Navy,San José State,0.018627234137877507
Navy,South Alabama,0.02051115447573935
Navy,South Carolina,0.009369035538533202
Navy,South Florida,0.01507888883941558
Navy,Southern Miss,0.02346339102538776
Navy,Stanford,0.011648692683261175
Navy,Syracuse,0.01932200404080689
Navy,TCU,0.010900338722521507
Navy,Temple,0.016529892800068897
Navy,Tennessee,0.0202916298832407
Navy,Texas,0.010156433006976849
Navy,Texas A&M,0.019608694540587786
Navy,Texas State,0.011305747857898998
Navy,Texas Tech,0.012810232511709749
Navy,Toledo,0.019143358423488927
Navy,Troy,0.015397522715991685
Navy,Tulane,0.017325992057811025
Navy,Tulsa,0.017762945669254418
Navy,UAB,0.016830601918808318
Navy,UCF,0.011634640192399
Navy,UCLA,0.015962791659509454
Navy,UConn,0.013776793961437328
Navy,UL Monroe,0.03095957059378482
Navy,UNLV,0.022976433792778264
Navy,USC,0.015896393616502837
Navy,UTEP,0.013584149908802438
Navy,UTSA,0.017692822780277305
Navy,Utah,0.017559569376989086
Navy,Utah State,0.016324642768174663
Navy,Vanderbilt,0.025030920846707272
Navy,Virginia,0.015960416700751927
Navy,Virginia Tech,0.014212115034522469
Navy,Wake Forest,0.01617364058144465
Navy,Washington,0.019414650300659184
Navy,Washington State,0.023065579565932692
Navy,West Virginia,0.02154261426914697
Navy,Western Kentucky,0.030921348867174715
Navy,Western Michigan,0.01464206803815901
Navy,Wisconsin,0.02032242863138745
Navy,Wyoming,0.01820566650927038
Nebraska,Air Force,0.033178946838573774
Nebraska,Akron,0.03751482982975038
Nebraska,Alabama,0.032272896883299325
Nebraska,App State,0.006065200096175238
Nebraska,Arizona,0.036501325962304966
Nebraska,Arizona State,0.0041616755936774875
Nebraska,Arkansas,0.03615090817442246
Nebraska,Arkansas State,0.04428135837276595
Nebraska,Army,0.036169078987618945
Nebraska,Auburn,0.01736800504495714
Nebraska,BYU,0.03939584782868619
Nebraska,Ball State,0.036257307936972794
Nebraska,Baylor,0.032454115701457946
Nebraska,Boise State,0.012246313142614517
Nebraska,Boston College,0.04262233645893935
Nebraska,Bowling Green,0.03982731826677297
Nebraska,Buffalo,0.027114672746205604
Nebraska,California,0.037354232552651245
Nebraska,Central Michigan,0.035275357100234786
Nebraska,Charlotte,0.054406903582765065
Nebraska,Cincinnati,0.037762219054872904
Nebraska,Clemson,0.04174924302906382
Nebraska,Coastal Carolina,0.02561199149315549
Nebraska,Colorado,0.03436890835245005
Nebraska,Colorado State,0.045235478193091254
Nebraska,Delaware,0.0123042482481429
Nebraska,Duke,0.010628766134487301
Nebraska,East Carolina,0.03729224720772884
Nebraska,Eastern Michigan,0.031817436594615826
Nebraska,Florida,0.04096960116382857
Nebraska,Florida Atlantic,0.037526177882680437
Nebraska,Florida International,0.026195224812009595
Nebraska,Florida State,0.03563656454465267
Nebraska,Fresno State,0.015138331887988677
Nebraska,Georgia,0.008723694999918694
Nebraska,Georgia Southern,0.03450774515057695
Nebraska,Georgia State,0.034314373558380726
Nebraska,Georgia Tech,0.033314524024644264
Nebraska,Hawai'i,0.03563515900245129
Nebraska,Houston,0.007816730665030514
Nebraska,Illinois,0.045422804176491104
Nebraska,Indiana,0.037013433673420186
Nebraska,Iowa,0.03381940220664618
Nebraska,Iowa State,0.028404425548124286
Nebraska,Jacksonville State,0.04222929774318403
Nebraska,James Madison,0.03504163206615507
Nebraska,Kansas,0.028700263668372215
Nebraska,Kansas State,0.043493720436760794
Nebraska,Kennesaw State,0.03937725462177005
Nebraska,Kent State,0.008713635544562674
Nebraska,Kentucky,0.034389427818935774
Nebraska,LSU,0.014216682689250963
Nebraska,Liberty,0.038607559299432756
Nebraska,Louisiana,0.034198636831109026
Nebraska,Louisiana Tech,0.03446058151089821
Nebraska,Louisville,0.034356044826907205
Nebraska,Marshall,0.011522210529038925
Nebraska,Maryland,0.036817744317124104
Nebraska,Massachusetts,0.03199592215968272
Nebraska,Memphis,0.039872898143882646
Nebraska,Miami,0.004969173996362486
Nebraska,Miami (OH),0.008381487230981413
Nebraska,Michigan,0.03370153325588296
Nebraska,Michigan State,0.04102807855689606
Nebraska,Middle Tennessee,0.042014432938375736
Nebraska,Minnesota,0.03958019245494476
Nebraska,Mississippi State,0.006998178684136052
Nebraska,Missouri,0.03653736887228539
Nebraska,Missouri State,0.036558217603256296
Nebraska,NC State,0.0359506301295169
Nebraska,Navy,0.03189212745118785
Nebraska,Nevada,0.0383047168522464
Nebraska,New Mexico,0.0008225890055185052
Nebraska,New Mexico State,0.02787866528920724
Nebraska,North Carolina,0.03376716105483437
Nebraska,North Dakota State,0.018843833518754627
Nebraska,North Texas,0.030476327896615
Nebraska,Northern Illinois,0.03336368683367665
Nebraska,Northwestern,0.03554140673771236
Nebraska,Notre Dame,0.03555957198852575
Nebraska,Ohio,0.04262295749951
Nebraska,Ohio State,0.03848326470751611
Nebraska,Oklahoma,0.03906861701635104
Nebraska,Oklahoma State,0.03181052401569247
Nebraska,Old Dominion,0.041413963636026306
Nebraska,Ole Miss,0.03757615137047912
Nebraska,Oregon,0.03759202849587864
Nebraska,Oregon State,0.024820062389517703
Nebraska,Penn State,0.03773299089054208
Nebraska,Pittsburgh,0.012566692143254564
Nebraska,Purdue,0.039692449501469676
Nebraska,Rice,0.039930802138923645
Nebraska,Rutgers,0.04141336105441635
Nebraska,SMU,0.04024990704363366
Nebraska,Sacramento State,0.034754101878721605
Nebraska,Sam Houston,0.03603748786817583
Nebraska,San Diego State,0.00889983440891057
Nebraska,San José State,0.03420668310475133
Nebraska,South Alabama,0.04176616969495202
Nebraska,South Carolina,0.011117631279192994
Nebraska,South Florida,0.031990866508461634
Nebraska,Southern Miss,0.044718406244600425
Nebraska,Stanford,0.008837974134465024
Nebraska,Syracuse,0.0019758214787793625
Nebraska,TCU,0.009736860273686398
Nebraska,Temple,0.03750761041804
Nebraska,Tennessee,0.04035306573305259
Nebraska,Texas,0.014409619473693892
Nebraska,Texas A&M,0.04086370975980045
Nebraska,Texas State,0.032560763077111664
Nebraska,Texas Tech,0.01371232559767941
Nebraska,Toledo,0.01677002644631635
Nebraska,Troy,0.03178843382921583
Nebraska,Tulane,0.03858100727702369
Nebraska,Tulsa,0.035997175531696055
Nebraska,UAB,0.038085617138020986
Nebraska,UCF,0.03249288998051021
Nebraska,UCLA,0.032555190852821186
Nebraska,UConn,0.012255648319636332
Nebraska,UL Monroe,0.04683899003132916
Nebraska,UNLV,0.035912055909665855
Nebraska,USC,0.03715140883571551
Nebraska,UTEP,0.010742835809954752
Nebraska,UTSA,0.03847617030166607
Nebraska,Utah,0.03696937024612591
Nebraska,Utah State,0.03082096139156373
Nebraska,Vanderbilt,0.032785488117229665
Nebraska,Virginia,0.006102601818432056
Nebraska,Virginia Tech,0.011909665940328065
Nebraska,Wake Forest,0.008699826684896347
Nebraska,Washington,0.04066966551987185
Nebraska,Washington State,0.044320594785145356
Nebraska,West Virginia,0.04279762948835964
Nebraska,Western Kentucky,0.015899591741942512
Nebraska,Western Michigan,0.010375300557729212
Nebraska,Wisconsin,0.03435201251263962
Nebraska,Wyoming,0.032161454036606446
Nevada,Air Force,0.017290244310769618
Nevada,Akron,0.007225595871059658
Nevada,Alabama,0.019418280225681463
Nevada,App State,0.022202408704407962
Nevada,Arizona,0.023009554648051208
Nevada,Arizona State,0.015434317586231486
Nevada,Arkansas,0.024281220825752417
Nevada,Arkansas State,0.021621036747962206
Nevada,Army,0.0215055934321197
Nevada,Auburn,0.007738141933681923
Nevada,BYU,0.013233470586591464
Nevada,Ball State,0.014140796098453822
Nevada,Baylor,0.01288624275475113
Nevada,Boise State,0.009691190571694583
Nevada,Boston College,0.012122566751295315
Nevada,Bowling Green,0.012185916430061084
Nevada,Buffalo,0.014608881826592401
Nevada,California,0.035810093837340254
Nevada,Central Michigan,0.0166255643047125
Nevada,Charlotte,0.023907133875121035
Nevada,Cincinnati,0.031643258955030715
Nevada,Clemson,0.014247610511741133
Nevada,Coastal Carolina,0.013263688904459607
Nevada,Colorado,0.008459390596025079
Nevada,Colorado State,0.022728666519733043
Nevada,Delaware,0.013676224374226699
Nevada,Duke,0.015293642324014398
Nevada,East Carolina,0.009080402912984935
Nevada,Eastern Michigan,0.015577162800578229
Nevada,Florida,0.01712096388295482
Nevada,Florida Atlantic,0.031651081995062696
Nevada,Florida International,0.0120899963981085
Nevada,Florida State,0.01624358156551436
Nevada,Fresno State,0.00347539298117499
Nevada,Georgia,0.012363677181639875
Nevada,Georgia Southern,0.019176014429423894
Nevada,Georgia State,0.019962682589735218
Nevada,Georgia Tech,0.01799848924770487
Nevada,Hawai'i,0.020477542699868786
Nevada,Houston,0.01314784235370904
Nevada,Illinois,0.022530360196845057
Nevada,Indiana,0.020642735605802202
Nevada,Iowa,0.010063929560328103
Nevada,Iowa State,0.014243565826126195
Nevada,Jacksonville State,0.01880678108486411
Nevada,James Madison,0.00862080479984871
Nevada,Kansas,0.007245172512739948
Nevada,Kansas State,0.01366706642944958
Nevada,Kennesaw State,0.012251926593382438
Nevada,Kent State,0.0248508441527954
Nevada,Kentucky,0.02081903743009994
Nevada,LSU,0.023062059142313927
Nevada,Liberty,0.013372088755602765
Nevada,Louisiana,0.0068062435533779095
Nevada,Louisiana Tech,0.01920767799209812
Nevada,Louisville,0.011394893130204902
Nevada,Marshall,0.013141625906230974
Nevada,Maryland,0.010210104179316525
Nevada,Massachusetts,0.0103263393401328
Nevada,Memphis,0.04242478657314139
Nevada,Miami,0.012948543249835473
Nevada,Miami (OH),0.011037668921544846
Nevada,Michigan,0.019163916269878213
Nevada,Michigan State,0.019302931468227175
Nevada,Middle Tennessee,0.01441741956152013
Nevada,Minnesota,0.023914957707339944
Nevada,Mississippi State,0.012856877849058597
Nevada,Missouri,0.013017071192674048
Nevada,Missouri State,0.01502989153020803
Nevada,NC State,0.0146006881094702
Nevada,Navy,0.014796637634254267
Nevada,Nebraska,0.02636015409248746
Nevada,New Mexico,0.016885520704625293
Nevada,New Mexico State,0.015459215538173327
Nevada,North Carolina,0.015286453777010968
Nevada,North Dakota State,0.01665545948272032
Nevada,North Texas,0.012319209084791179
Nevada,Northern Illinois,0.020383775420648582
Nevada,Northwestern,0.018432908535326777
Nevada,Notre Dame,0.014370832805878368
Nevada,Ohio,0.014462799717657232
Nevada,Ohio State,0.01539660222296453
Nevada,Oklahoma,0.010511028817177397
Nevada,Oklahoma State,0.01754828218639612
Nevada,Old Dominion,0.010914193928382276
Nevada,Ole Miss,0.026502001857929024
Nevada,Oregon,0.03446158607461861
Nevada,Oregon State,0.010677918880098447
Nevada,Penn State,0.016237230200853704
Nevada,Pittsburgh,0.009310366483331611
Nevada,Purdue,0.010011286962933741
Nevada,Rice,0.011620772942628923
Nevada,Rutgers,0.026105119870232115
Nevada,SMU,0.009750137335989627
Nevada,Sacramento State,0.01426135607929696
Nevada,Sam Houston,0.019124848052675877
Nevada,San Diego State,0.025037043017143292
Nevada,San José State,0.015848677030295105
Nevada,South Alabama,0.011551745293148124
Nevada,South Carolina,0.00896942824602286
Nevada,South Florida,0.01230033173183318
Nevada,Southern Miss,0.014536004211991216
Nevada,Stanford,0.01162798119358515
Nevada,Syracuse,0.01654344693322449
Nevada,TCU,0.012015790205522028
Nevada,Temple,0.013751335692486497
Nevada,Tennessee,0.021407081366241226
Nevada,Texas,0.007628470429069825
Nevada,Texas A&M,0.012611116202496088
Nevada,Texas State,0.011023136370857521
Nevada,Texas Tech,0.013925683994710272
Nevada,Toledo,0.016364801315906525
Nevada,Troy,0.016512974198992208
Nevada,Tulane,0.01427262618270551
Nevada,Tulsa,0.010943666616203006
Nevada,UAB,0.01360370806158522
Nevada,UCF,0.0073282140775547434
Nevada,UCLA,0.013184234551927056
Nevada,UConn,0.010998236853854928
Nevada,UL Monroe,0.032075022076785344
Nevada,UNLV,0.02409188527577879
Nevada,USC,0.007177966774707106
Nevada,UTEP,0.014699601391802961
Nevada,UTSA,0.01880827426327783
Nevada,Utah,0.01867502085998961
Nevada,Utah State,0.010250788748360131
Nevada,Vanderbilt,0.026146372329707793
Nevada,Virginia,0.013181859593169526
Nevada,Virginia Tech,0.011433557926940069
Nevada,Wake Forest,0.01728909206444517
Nevada,Washington,0.012714921564411619
Nevada,Washington State,0.013820825077501327
Nevada,West Virginia,0.012297859780715608
Nevada,Western Kentucky,0.03203680035017524
Nevada,Western Michigan,0.01186351093057661
Nevada,Wisconsin,0.02143788011438797
Nevada,Wyoming,0.019321117992270903
New Mexico,Air Force,0.011681361908907244
New Mexico,Akron,0.016516333846566273
New Mexico,Alabama,0.014155967006331276
New Mexico,App State,0.00951015570412385
New Mexico,Arizona,0.011232071486007049
New Mexico,Arizona State,0.010172004366881301
New Mexico,Arkansas,0.010816725650158033
New Mexico,Arkansas State,0.009902370628722085
New Mexico,Army,0.008041098256525317
New Mexico,Auburn,0.0146952916123188
New Mexico,BYU,0.011746396899569994
New Mexico,Ball State,0.008878482879103637
New Mexico,Baylor,0.0111493587100581
New Mexico,Boise State,0.005679017205732079
New Mexico,Boston College,0.00824334871489548
New Mexico,Bowling Green,0.0064951545770745075
New Mexico,Buffalo,0.013671671321192133
New Mexico,California,0.022345598661745868
New Mexico,Central Michigan,0.008090787387800192
New Mexico,Charlotte,0.0200279158387212
New Mexico,Cincinnati,0.018178763779436332
New Mexico,Clemson,0.013552209247576358
New Mexico,Coastal Carolina,0.008766996250888377
New Mexico,Colorado,0.009532715693395444
New Mexico,Colorado State,0.010856490449047388
New Mexico,Delaware,0.009631534815504562
New Mexico,Duke,0.010031329104664213
New Mexico,East Carolina,0.007457481751455201
New Mexico,Eastern Michigan,0.007633186779272868
New Mexico,Florida,0.007371142069471925
New Mexico,Florida Atlantic,0.018186586819468317
New Mexico,Florida International,0.008183762932034275
New Mexico,Florida State,0.0027790863899199774
New Mexico,Fresno State,0.012465618455350339
New Mexico,Georgia,0.003949652352429096
New Mexico,Georgia Southern,0.019435858339046878
New Mexico,Georgia State,0.008776652286652302
New Mexico,Georgia Tech,0.008763305631899903
New Mexico,Hawai'i,0.008797741718162354
New Mexico,Houston,0.0046290658257630984
New Mexico,Illinois,0.011043816432447237
New Mexico,Indiana,0.007178240430207816
New Mexico,Iowa,0.006712799930379227
New Mexico,Iowa State,0.00898125260677601
New Mexico,Jacksonville State,0.009142062127163234
New Mexico,James Madison,0.007285426857595473
New Mexico,Kansas,0.008836140938610909
New Mexico,Kansas State,0.010179552329323148
New Mexico,Kennesaw State,0.007677611755885203
New Mexico,Kent State,0.014014256382978625
New Mexico,Kentucky,0.008969381912484586
New Mexico,LSU,0.01779974592296374
New Mexico,Liberty,0.006569503098019526
New Mexico,Louisiana,0.010473224249323797
New Mexico,Louisiana Tech,0.013945364772747933
New Mexico,Louisville,0.006011975556393946
New Mexico,Marshall,0.0009235859617546882
New Mexico,Maryland,0.006694357520453069
New Mexico,Massachusetts,0.012799059672637298
New Mexico,Memphis,0.02896029139754701
New Mexico,Miami,0.007476622494431127
New Mexico,Miami (OH),0.00577535570219466
New Mexico,Michigan,0.0127399862355762
New Mexico,Michigan State,0.007768565204711528
New Mexico,Middle Tennessee,0.009155106342169945
New Mexico,Minnesota,0.010450462531745558
New Mexico,Mississippi State,0.007594564629708411
New Mexico,Missouri,0.009541845061531773
New Mexico,Missouri State,0.009767578310857845
New Mexico,NC State,0.009338374890120016
New Mexico,Navy,0.007090087861452654
New Mexico,Nebraska,0.012895658916893076
New Mexico,Nevada,0.01295380633361139
New Mexico,New Mexico State,0.009382832854240698
New Mexico,North Carolina,0.010024140557660783
New Mexico,North Dakota State,0.015535154225289241
New Mexico,North Texas,0.02578370426038556
New Mexico,Northern Illinois,0.01739421235704288
New Mexico,Northwestern,0.005786334862029261
New Mexico,Notre Dame,0.009108519586528183
New Mexico,Ohio,0.008243969755466134
New Mexico,Ohio State,0.007833167289009358
New Mexico,Oklahoma,0.008188316114106418
New Mexico,Oklahoma State,0.012285968967045936
New Mexico,Old Dominion,0.011960532431192026
New Mexico,Ole Miss,0.013037506682334637
New Mexico,Oregon,0.02099709089902423
New Mexico,Oregon State,0.014344899576044335
New Mexico,Penn State,0.007519094062913723
New Mexico,Pittsburgh,0.009893978710616225
New Mexico,Purdue,0.006849474935374463
New Mexico,Rice,0.006358459723278737
New Mexico,Rutgers,0.01264062469463773
New Mexico,SMU,0.011355292109289391
New Mexico,Sacramento State,0.00997975780097689
New Mexico,Sam Houston,0.018224094736566013
New Mexico,San Diego State,0.011572547841548908
New Mexico,San José State,0.010586363810944922
New Mexico,South Alabama,0.00738718195090815
New Mexico,South Carolina,0.005387871631592741
New Mexico,South Florida,0.007038018512482995
New Mexico,Southern Miss,0.020729250819130664
New Mexico,Stanford,0.003607822356328589
New Mexico,Syracuse,0.011281133713874306
New Mexico,TCU,0.005365547088620285
New Mexico,Temple,0.01396327855992501
New Mexico,Tennessee,0.01205308963127286
New Mexico,Texas,0.007004134649871329
New Mexico,Texas A&M,0.016278096898441976
New Mexico,Texas State,0.0037761363180558957
New Mexico,Texas Tech,0.0019002614698755281
New Mexico,Toledo,0.014097313013678009
New Mexico,Troy,0.0066706362001669114
New Mexico,Tulane,0.0058154703466021945
New Mexico,Tulsa,0.016409030859884068
New Mexico,UAB,0.007498914165759898
New Mexico,UCF,0.016038085332580276
New Mexico,UCLA,0.008988735922149285
New Mexico,UConn,0.009582934886997994
New Mexico,UL Monroe,0.01861052690119096
New Mexico,UNLV,0.010627390100184405
New Mexico,USC,0.0066564728885175495
New Mexico,UTEP,0.004513967511932581
New Mexico,UTSA,0.011552298078199436
New Mexico,Utah,0.010652322860740002
New Mexico,Utah State,0.013172344411069143
New Mexico,Vanderbilt,0.012681877154113409
New Mexico,Virginia,0.007919546373819341
New Mexico,Virginia Tech,0.009236952507689727
New Mexico,Wake Forest,0.003824596888850787
New Mexico,Washington,0.00959328557238971
New Mexico,Washington State,0.015675973707878887
New Mexico,West Virginia,0.00841864174431577
New Mexico,Western Kentucky,0.018572305174580854
New Mexico,Western Michigan,0.009162597810402202
New Mexico,Wisconsin,0.00911045390699876
New Mexico,Wyoming,0.00585662281667652
New Mexico State,Air Force,0.02579335813377582
New Mexico State,Akron,0.028867668891534366
New Mexico State,Alabama,0.017901459090330564
New Mexico State,App State,0.02132079583911999
New Mexico State,Arizona,0.02827761611459313
New Mexico State,Arizona State,0.020658947176362536
New Mexico State,Arkansas,0.0267533336925542
New Mexico State,Arkansas State,0.029446510373717327
New Mexico State,Army,0.026808641574902325
New Mexico State,Auburn,0.028355122828912102
New Mexico State,BYU,0.028803084549977546
New Mexico State,Ball State,0.021952468664140204
New Mexico State,Baylor,0.023207022007842894
New Mexico State,Boise State,0.030631468195064744
New Mexico State,Boston College,0.025056447920370144
New Mexico State,Bowling Green,0.024335796966169332
New Mexico State,Buffalo,0.0223149396458467
New Mexico State,California,0.018423371009839214
New Mexico State,Central Michigan,0.022740164155443648
New Mexico State,Charlotte,0.02884331036773751
New Mexico State,Cincinnati,0.023699372836084753
New Mexico State,Clemson,0.026028053954302043
New Mexico State,Coastal Carolina,0.025440729175029677
New Mexico State,Colorado,0.027633874166568945
New Mexico State,Colorado State,0.022435799978180997
New Mexico State,Delaware,0.022417040388367327
New Mexico State,Duke,0.020799622438579628
New Mexico State,East Carolina,0.03216155801197335
New Mexico State,Eastern Michigan,0.024802908149397188
New Mexico State,Florida,0.02424131045527576
New Mexico State,Florida Atlantic,0.021607397518466607
New Mexico State,Florida International,0.024003268364485526
New Mexico State,Florida State,0.03276463074133479
New Mexico State,Fresno State,0.03261787178141903
New Mexico State,Georgia,0.027108850052368922
New Mexico State,Georgia Southern,0.02807912666370145
New Mexico State,Georgia State,0.02205429925659154
New Mexico State,Georgia Tech,0.02527423268097795
New Mexico State,Hawai'i,0.026648088929119063
New Mexico State,Houston,0.026201885717480743
New Mexico State,Illinois,0.024782026941956702
New Mexico State,Indiana,0.02563060536295004
New Mexico State,Iowa,0.026029335202265923
New Mexico State,Iowa State,0.02184969893646783
New Mexico State,Jacksonville State,0.025285702915625867
New Mexico State,James Madison,0.02747245996274531
New Mexico State,Kansas,0.028848092249854077
New Mexico State,Kansas State,0.022426198333144444
New Mexico State,Kennesaw State,0.026762514768212984
New Mexico State,Kent State,0.016816695160265214
New Mexico State,Kentucky,0.021861569630759255
New Mexico State,LSU,0.020187237581267194
New Mexico State,Liberty,0.026014787779011776
New Mexico State,Louisiana,0.030974100190841188
New Mexico State,Louisiana Tech,0.02165391190684239
New Mexico State,Louisville,0.024818975986849894
New Mexico State,Marshall,0.02990736558148915
New Mexico State,Maryland,0.0258831605832775
New Mexico State,Massachusetts,0.025766925422461225
New Mexico State,Memphis,0.02031702307289244
New Mexico State,Miami,0.02335432904881271
New Mexico State,Miami (OH),0.025055595841049178
New Mexico State,Michigan,0.023101179498832298
New Mexico State,Michigan State,0.02817263373739487
New Mexico State,Middle Tennessee,0.021675845201073893
New Mexico State,Minnesota,0.026111047633727267
New Mexico State,Mississippi State,0.02323638691353543
New Mexico State,Missouri,0.023076193569919974
New Mexico State,Missouri State,0.021063373232385996
New Mexico State,NC State,0.021492576653123825
New Mexico State,Navy,0.037921039404696495
New Mexico State,Nebraska,0.02124071339551725
New Mexico State,Nevada,0.017877145209632447
New Mexico State,New Mexico,0.019207744057968733
New Mexico State,North Carolina,0.020806810985583055
New Mexico State,North Dakota State,0.019437805279873703
New Mexico State,North Texas,0.034426972585040135
New Mexico State,Northern Illinois,0.02419535821156044
New Mexico State,Northwestern,0.025044616681214577
New Mexico State,Notre Dame,0.02172243195671566
New Mexico State,Ohio,0.032484537554514525
New Mexico State,Ohio State,0.02431722932980876
New Mexico State,Oklahoma,0.02558223594541663
New Mexico State,Oklahoma State,0.018544982576197903
New Mexico State,Old Dominion,0.02808872554065421
New Mexico State,Ole Miss,0.025180442793237858
New Mexico State,Oregon,0.018195976938362425
New Mexico State,Oregon State,0.031219263461223095
New Mexico State,Penn State,0.024095155820334932
New Mexico State,Pittsburgh,0.02678289827926241
New Mexico State,Purdue,0.026287939266259205
New Mexico State,Rice,0.024472491819965102
New Mexico State,Rutgers,0.027821398739880803
New Mexico State,SMU,0.02778114274440501
New Mexico State,Sacramento State,0.021831908683297062
New Mexico State,Sam Houston,0.02149367692935613
New Mexico State,San Diego State,0.025511217848332258
New Mexico State,San José State,0.020244587732298917
New Mexico State,South Alabama,0.026035111376179323
New Mexico State,South Carolina,0.029502786331643223
New Mexico State,South Florida,0.023792933030760844
New Mexico State,Southern Miss,0.029372519143785233
New Mexico State,Stanford,0.02722312918691525
New Mexico State,Syracuse,0.019549817829369535
New Mexico State,TCU,0.028122015326136625
New Mexico State,Temple,0.02260654688457958
New Mexico State,Tennessee,0.0225519769139681
New Mexico State,Texas,0.03279477452614412
New Mexico State,Texas A&M,0.027731523683759272
New Mexico State,Texas State,0.027795926938522737
New Mexico State,Texas Tech,0.032097480650129635
New Mexico State,Toledo,0.02274058133833258
New Mexico State,Troy,0.024160315343076926
New Mexico State,Tulane,0.02578716924592294
New Mexico State,Tulsa,0.025766742224772113
New Mexico State,UAB,0.02333203737748394
New Mexico State,UCF,0.028765050685039283
New Mexico State,UCLA,0.02290903021066697
New Mexico State,UConn,0.025095027908739097
New Mexico State,UL Monroe,0.027250164154837886
New Mexico State,UNLV,0.02310044615468337
New Mexico State,USC,0.028915297987886918
New Mexico State,UTEP,0.029127990862404977
New Mexico State,UTSA,0.025854861536449246
New Mexico State,Utah,0.026877731353343908
New Mexico State,Utah State,0.025842476014233895
New Mexico State,Vanderbilt,0.02434098760368919
New Mexico State,Virginia,0.022911405169424498
New Mexico State,Virginia Tech,0.024659706835653956
New Mexico State,Wake Forest,0.027084981737346574
New Mexico State,Washington,0.023378343198182407
New Mexico State,Washington State,0.02446949139883791
New Mexico State,West Virginia,0.030620949382776187
New Mexico State,Western Kentucky,0.009929036849926283
New Mexico State,Western Michigan,0.024229753832017416
New Mexico State,Wisconsin,0.02172049763624508
New Mexico State,Wyoming,0.02854408101598078
North Carolina,Air Force,0.005832312542660937
North Carolina,Akron,0.014509770439080572
North Carolina,Alabama,0.011546753499843208
North Carolina,App State,0.01074447693629928
North Carolina,Arizona,0.011551622879942526
North Carolina,Arizona State,0.007562790860393236
North Carolina,Arkansas,0.012823289057643735
North Carolina,Arkansas State,0.010163104979853524
North Carolina,Army,0.01004766166401102
North Carolina,Auburn,0.012688728204833098
North Carolina,BYU,0.003412453656803725
North Carolina,Ball State,0.0062692693726155695
North Carolina,Baylor,0.00602076108266434
North Carolina,Boise State,0.0026549260370341905
North Carolina,Boston College,0.0054680979679426955
North Carolina,Bowling Green,0.00892232043568796
North Carolina,Buffalo,0.011665107913706431
North Carolina,California,0.02435216206923157
North Carolina,Central Michigan,0.005481573881312124
North Carolina,Charlotte,0.01593202679864278
North Carolina,Cincinnati,0.020185327186922036
North Carolina,Clemson,0.005218266004810089
North Carolina,Coastal Carolina,0.012862885290966797
North Carolina,Colorado,0.007526152285909741
North Carolina,Colorado State,0.011270734751624361
North Carolina,Delaware,0.007624971408018859
North Carolina,Duke,0.009107639533664561
North Carolina,East Carolina,0.0039398199752175775
North Carolina,Eastern Michigan,0.006657440189506463
North Carolina,Florida,0.005663032114846139
North Carolina,Florida Atlantic,0.020193150226954018
North Carolina,Florida International,0.012279651972112695
North Carolina,Florida State,0.00587337687523278
North Carolina,Fresno State,0.010459055047864634
North Carolina,Georgia,0.004384290890337173
North Carolina,Georgia Southern,0.017429294931561177
North Carolina,Georgia State,0.008504750821626538
North Carolina,Georgia Tech,0.006540557479596187
North Carolina,Hawai'i,0.009019610931760106
North Carolina,Houston,0.00617375503547518
North Carolina,Illinois,0.011072428428736377
North Carolina,Indiana,0.00918480383769352
North Carolina,Iowa,0.0047062365228935235
North Carolina,Iowa State,0.010070451235998
North Carolina,Jacksonville State,0.0073488493167554285
North Carolina,James Madison,0.003433244717967217
North Carolina,Kansas,0.00977461311575007
North Carolina,Kansas State,0.005795539703611329
North Carolina,Kennesaw State,0.001459223268542789
North Carolina,Kent State,0.013392912384686716
North Carolina,Kentucky,0.009361105661991262
North Carolina,LSU,0.015190532416475673
North Carolina,Liberty,0.0022069502577439946
North Carolina,Louisiana,0.0051706597722735404
North Carolina,Louisiana Tech,0.011336151266259866
North Carolina,Louisville,0.010001403360847608
North Carolina,Marshall,0.008459398695973274
North Carolina,Maryland,0.0035178612920246507
North Carolina,Massachusetts,0.010792496265151594
North Carolina,Memphis,0.03096685480503271
North Carolina,Miami,0.0051186228332158554
North Carolina,Miami (OH),0.003702210390857371
North Carolina,Michigan,0.007705984501769531
North Carolina,Michigan State,0.007844999700118493
North Carolina,Middle Tennessee,0.006920316330358665
North Carolina,Minnesota,0.012457025939231262
North Carolina,Mississippi State,0.004985351123220344
North Carolina,Missouri,0.005145544466835796
North Carolina,Missouri State,0.007158364804369778
North Carolina,NC State,0.009445263387849373
North Carolina,Navy,0.009699301367940722
North Carolina,Nebraska,0.01490222232437878
North Carolina,Nevada,0.010344592827123324
North Carolina,New Mexico,0.00901399397878704
North Carolina,New Mexico State,0.010596211494915048
North Carolina,North Dakota State,0.019631043265367663
North Carolina,North Texas,0.02377714085289986
North Carolina,Northern Illinois,0.009060269114276612
North Carolina,Northwestern,0.006974976767218095
North Carolina,Notre Dame,0.006499306080040115
North Carolina,Ohio,0.00426279951775875
North Carolina,Ohio State,0.003938670454855849
North Carolina,Oklahoma,0.004102796783323182
North Carolina,Oklahoma State,0.009676755460557868
North Carolina,Old Dominion,0.009953969023706322
North Carolina,Ole Miss,0.015044070089820342
North Carolina,Oregon,0.02300365430650993
North Carolina,Oregon State,0.013654814394604585
North Carolina,Penn State,0.004779298432745024
North Carolina,Pittsburgh,0.007887415303130522
North Carolina,Purdue,0.0019337987704965659
North Carolina,Rice,0.00389873550970194
North Carolina,Rutgers,0.014647188102123433
North Carolina,SMU,0.003984609453707135
North Carolina,Sacramento State,0.007973194393491187
North Carolina,Sam Houston,0.009890151493799744
North Carolina,San Diego State,0.01357911124903461
North Carolina,San José State,0.007977150304456854
North Carolina,South Alabama,0.006424415416324304
North Carolina,South Carolina,0.0029460716111735286
North Carolina,South Florida,0.009006162555810937
North Carolina,Southern Miss,0.018722687411644963
North Carolina,Stanford,0.0060558472988581705
North Carolina,Syracuse,0.008671920207386238
North Carolina,TCU,0.0029683961541459845
North Carolina,Temple,0.011956715152439307
North Carolina,Tennessee,0.009949149598132544
North Carolina,Texas,0.004573036489388347
North Carolina,Texas A&M,0.008507795080711252
North Carolina,Texas State,0.005914113707010622
North Carolina,Texas Tech,0.006433681772890741
North Carolina,Toledo,0.012090749606192306
North Carolina,Troy,0.006686442954906455
North Carolina,Tulane,0.0028146944145968304
North Carolina,Tulsa,0.014402467452398367
North Carolina,UAB,0.004889700659271831
North Carolina,UCF,0.014031521925094576
North Carolina,UCLA,0.005919685931301101
North Carolina,UConn,0.00757637147951229
North Carolina,UL Monroe,0.02061709030867666
North Carolina,UNLV,0.012633953507670107
North Carolina,USC,0.004649909481031846
North Carolina,UTEP,0.0038199757308336876
North Carolina,UTSA,0.007350342495169149
North Carolina,Utah,0.007217089091880929
North Carolina,Utah State,0.007653915392558559
North Carolina,Vanderbilt,0.014688440561599111
North Carolina,Virginia,0.005310332867331274
North Carolina,Virginia Tech,0.007230389100204023
North Carolina,Wake Forest,0.006779986309565835
North Carolina,Washington,0.007586722164904007
North Carolina,Washington State,0.013669410300393186
North Carolina,West Virginia,0.006911878436931498
North Carolina,Western Kentucky,0.020578868582066555
North Carolina,Western Michigan,0.00569602371760517
North Carolina,Wisconsin,0.010447845006447711
North Carolina,Wyoming,0.007863186224162223
North Dakota State,Air Force,0.014909060385888224
North Dakota State,Akron,0.019929735505145763
North Dakota State,Alabama,0.015815110341162675
North Dakota State,App State,0.008445729318749646
North Dakota State,Arizona,0.01398028483873897
North Dakota State,Arizona State,0.006361615900508376
North Dakota State,Arkansas,0.012456002416700038
North Dakota State,Arkansas State,0.015149179097863164
North Dakota State,Army,0.012511310299048162
North Dakota State,Auburn,0.01810869327089829
North Dakota State,BYU,0.014505753274123387
North Dakota State,Ball State,0.011830699287489206
North Dakota State,Baylor,0.015633891523004054
North Dakota State,Boise State,0.016334136919210582
North Dakota State,Boston College,0.010759116644515981
North Dakota State,Bowling Green,0.010038465690315171
North Dakota State,Buffalo,0.0209733344782564
North Dakota State,California,0.018932197003166378
North Dakota State,Central Michigan,0.012812650124227217
North Dakota State,Charlotte,0.014545979091883349
North Dakota State,Cincinnati,0.014765362120856846
North Dakota State,Clemson,0.014984205147742288
North Dakota State,Coastal Carolina,0.02247601573130651
North Dakota State,Colorado,0.013719098872011951
North Dakota State,Colorado State,0.008138468702326837
North Dakota State,Delaware,0.013044936474084048
North Dakota State,Duke,0.011369454360428449
North Dakota State,East Carolina,0.01786422673611919
North Dakota State,Eastern Michigan,0.016270570629846177
North Dakota State,Florida,0.0099439791794216
North Dakota State,Florida Atlantic,0.01477318516088883
North Dakota State,Florida International,0.02189278241245241
North Dakota State,Florida State,0.018467299465480626
North Dakota State,Fresno State,0.018320540505564874
North Dakota State,Georgia,0.01281151877651476
North Dakota State,Georgia Southern,0.022849259997626367
North Dakota State,Georgia State,0.013773633666081274
North Dakota State,Georgia Tech,0.014773483199817737
North Dakota State,Hawai'i,0.012452848222010711
North Dakota State,Houston,0.01190455444162658
North Dakota State,Illinois,0.01048469566610254
North Dakota State,Indiana,0.011333274087095876
North Dakota State,Iowa,0.014268605017815822
North Dakota State,Iowa State,0.019683581676337714
North Dakota State,Jacksonville State,0.010988371639771705
North Dakota State,James Madison,0.013175128686891153
North Dakota State,Kansas,0.019387743556089784
North Dakota State,Kansas State,0.011611548229489076
North Dakota State,Kennesaw State,0.012465183492358822
North Dakota State,Kent State,0.007972947318621526
North Dakota State,Kentucky,0.013698579405526226
North Dakota State,LSU,0.01495737091519211
North Dakota State,Liberty,0.011717456503157617
North Dakota State,Louisiana,0.01667676891498703
North Dakota State,Louisiana Tech,0.016424045240767307
North Dakota State,Louisville,0.013731962397554795
North Dakota State,Marshall,0.015610034305634991
North Dakota State,Maryland,0.01158582930742334
North Dakota State,Massachusetts,0.016212461331216784
North Dakota State,Memphis,0.02554688973896752
North Dakota State,Miami,0.009056997772958552
North Dakota State,Miami (OH),0.010758264565195018
North Dakota State,Michigan,0.014386473968579042
North Dakota State,Michigan State,0.013875302461540711
North Dakota State,Middle Tennessee,0.009035722736766666
North Dakota State,Minnesota,0.011813716357873108
North Dakota State,Mississippi State,0.008939055637681267
North Dakota State,Missouri,0.011550638352176611
North Dakota State,Missouri State,0.012154339625289935
North Dakota State,NC State,0.012137377094945096
North Dakota State,Navy,0.023623708128842333
North Dakota State,Nebraska,0.015549686315251787
North Dakota State,Nevada,0.009783290372215599
North Dakota State,New Mexico,0.009192893765053584
North Dakota State,New Mexico State,0.02020934193525476
North Dakota State,North Carolina,0.01432084616962763
North Dakota State,North Texas,0.02919710591896505
North Dakota State,Northern Illinois,0.01882620825720881
North Dakota State,Northwestern,0.012546600486749642
North Dakota State,Notre Dame,0.01252843523593625
North Dakota State,Ohio,0.018187206278660363
North Dakota State,Ohio State,0.010019898053954599
North Dakota State,Oklahoma,0.011284904669562466
North Dakota State,Oklahoma State,0.016277483208769535
North Dakota State,Old Dominion,0.015373934089771512
North Dakota State,Ole Miss,0.010883111517383696
North Dakota State,Oregon,0.01758368924044474
North Dakota State,Oregon State,0.0232679448349443
North Dakota State,Penn State,0.010355016333919925
North Dakota State,Pittsburgh,0.013307380369195711
North Dakota State,Purdue,0.011990607990405047
North Dakota State,Rice,0.010175160544110941
North Dakota State,Rutgers,0.013524067464026642
North Dakota State,SMU,0.013483811468550853
North Dakota State,Sacramento State,0.013393159459556376
North Dakota State,Sam Houston,0.019656090636731943
North Dakota State,San Diego State,0.011250854760241156
North Dakota State,San José State,0.013881324119710676
North Dakota State,South Alabama,0.011737780100325165
North Dakota State,South Carolina,0.01520545505578906
North Dakota State,South Florida,0.016097140716000366
North Dakota State,Southern Miss,0.024142652477710153
North Dakota State,Stanford,0.01292579791106109
North Dakota State,Syracuse,0.007206309902873265
North Dakota State,TCU,0.013824684050282464
North Dakota State,Temple,0.017376680218504498
North Dakota State,Tennessee,0.013485085531438788
North Dakota State,Texas,0.018497443250289958
North Dakota State,Texas A&M,0.017710092798607906
North Dakota State,Texas State,0.015527244147350336
North Dakota State,Texas Tech,0.017800149374275476
North Dakota State,Toledo,0.017510714672257496
North Dakota State,Troy,0.016299573395246167
North Dakota State,Tulane,0.01148983797006878
North Dakota State,Tulsa,0.019822432518463558
North Dakota State,UAB,0.010002390086441016
North Dakota State,UCF,0.019451486991159766
North Dakota State,UCLA,0.015532816371640813
North Dakota State,UConn,0.01299633654557748
North Dakota State,UL Monroe,0.015197125242611473
North Dakota State,UNLV,0.012175951314796145
North Dakota State,USC,0.014617966712032759
North Dakota State,UTEP,0.014830659586550818
North Dakota State,UTSA,0.012984293978365362
North Dakota State,Utah,0.012580400077489746
North Dakota State,Utah State,0.017267045832898273
North Dakota State,Vanderbilt,0.015302519107232336
North Dakota State,Virginia,0.008614073893570337
North Dakota State,Virginia Tech,0.012650354166269213
North Dakota State,Wake Forest,0.012787650461492413
North Dakota State,Washington,0.013006687230969196
North Dakota State,Washington State,0.019089375366458376
North Dakota State,West Virginia,0.016323618106922025
North Dakota State,Western Kentucky,0.015158903516001366
North Dakota State,Western Michigan,0.01111598878367036
North Dakota State,Wisconsin,0.013735994711822382
North Dakota State,Wyoming,0.015926553187855554
North Texas,Air Force,0.020493346921129005
North Texas,Akron,0.023567657678887553
North Texas,Alabama,0.01137497332426575
North Texas,App State,0.017242761881500875
North Texas,Arizona,0.022977604901946315
North Texas,Arizona State,0.015358935963715722
North Texas,Arkansas,0.021453322479907385
North Texas,Arkansas State,0.024146499161070513
North Texas,Army,0.02150863036225551
North Texas,Auburn,0.02305511161626529
North Texas,BYU,0.023503073337330732
North Texas,Ball State,0.016652457451493387
North Texas,Baylor,0.01790701079519608
North Texas,Boise State,0.02533145698241793
North Texas,Boston College,0.01975643670772333
North Texas,Bowling Green,0.019035785753522518
North Texas,Buffalo,0.01618437172335481
North Texas,California,0.030850447014433166
North Texas,Central Michigan,0.017440152942796834
North Texas,Charlotte,0.023543299155090697
North Texas,Cincinnati,0.02668361213212363
North Texas,Clemson,0.02072804274165523
North Texas,Coastal Carolina,0.020140717962382863
North Texas,Colorado,0.02233386295392213
North Texas,Colorado State,0.017769019696825955
North Texas,Delaware,0.017117029175720513
North Texas,Duke,0.015499611225932812
North Texas,East Carolina,0.026861546799326536
North Texas,Eastern Michigan,0.019502896936750374
North Texas,Florida,0.018941299242628946
North Texas,Florida Atlantic,0.026691435172155616
North Texas,Florida International,0.018703257151838713
North Texas,Florida State,0.027464619528687974
North Texas,Fresno State,0.02731786056877222
North Texas,Georgia,0.02180883883972211
North Texas,Georgia Southern,0.011617239120523317
North Texas,Georgia State,0.016754288043944725
North Texas,Georgia Tech,0.019974221468331135
North Texas,Hawai'i,0.02134807771647225
North Texas,Houston,0.02090187450483393
North Texas,Illinois,0.01948201572930989
North Texas,Indiana,0.020330594150303225
North Texas,Iowa,0.02072932398961911
North Texas,Iowa State,0.016549687723821017
North Texas,Jacksonville State,0.019985691702979053
North Texas,James Madison,0.022172448750098498
North Texas,Kansas,0.023548081037207264
North Texas,Kansas State,0.01712618712049763
North Texas,Kennesaw State,0.02146250355556617
North Texas,Kent State,0.01989119732988831
North Texas,Kentucky,0.016561558418112438
North Texas,LSU,0.007731194407633285
North Texas,Liberty,0.020714776566364963
North Texas,Louisiana,0.025674088978194374
North Texas,Louisiana Tech,0.011585575557849092
North Texas,Louisville,0.01951896477420308
North Texas,Marshall,0.024607354368842337
North Texas,Maryland,0.020583149370630688
North Texas,Massachusetts,0.02046691420981441
North Texas,Memphis,0.03746513975023431
North Texas,Miami,0.018054317836165897
North Texas,Miami (OH),0.019755584628402365
North Texas,Michigan,0.017801168286185484
North Texas,Michigan State,0.022872622524748056
North Texas,Middle Tennessee,0.01637583398842708
North Texas,Minnesota,0.020811036421080453
North Texas,Mississippi State,0.017936375700888615
North Texas,Missouri,0.017776182357273164
North Texas,Missouri State,0.01576336201973918
North Texas,NC State,0.01619256544047701
North Texas,Navy,0.03262102819204968
North Texas,Nebraska,0.021400507269580375
North Texas,Nevada,0.012577133996985634
North Texas,New Mexico,0.01390773284532192
North Texas,New Mexico State,0.019747936580654192
North Texas,North Carolina,0.015506799772936241
North Texas,North Dakota State,0.015140336876826572
North Texas,Northern Illinois,0.018895346998913626
North Texas,Northwestern,0.019744605468567763
North Texas,Notre Dame,0.016422420744068845
North Texas,Ohio,0.02718452634186771
North Texas,Ohio State,0.019017218117161946
North Texas,Oklahoma,0.020282224732769815
North Texas,Oklahoma State,0.014825413991447739
North Texas,Old Dominion,0.022788714328007397
North Texas,Ole Miss,0.021542355035021936
North Texas,Oregon,0.029501939251711524
North Texas,Oregon State,0.02591925224857628
North Texas,Penn State,0.01879514460768812
North Texas,Pittsburgh,0.0214828870666156
North Texas,Purdue,0.020987928053612392
North Texas,Rice,0.019172480607318288
North Texas,Rutgers,0.02252138752723399
North Texas,SMU,0.022481131531758198
North Texas,Sacramento State,0.016531897470650248
North Texas,Sam Houston,0.016193665716709316
North Texas,San Diego State,0.020211206635685444
North Texas,San José State,0.014944576519652104
North Texas,South Alabama,0.02073510016353251
North Texas,South Carolina,0.02420277511899641
North Texas,South Florida,0.01849292181811403
North Texas,Southern Miss,0.016257249337955994
North Texas,Stanford,0.021923117974268436
North Texas,Syracuse,0.014249806616722722
North Texas,TCU,0.02282200411348981
North Texas,Temple,0.017041917857460714
North Texas,Tennessee,0.017251965701321287
North Texas,Texas,0.027494763313497303
North Texas,Texas A&M,0.02243151247111246
North Texas,Texas State,0.022495915725875924
North Texas,Texas Tech,0.02679746943748282
North Texas,Toledo,0.014428452234040684
North Texas,Troy,0.018860304130430113
North Texas,Tulane,0.020487158033276127
North Texas,Tulsa,0.0204667310121253
North Texas,UAB,0.018032026164837126
North Texas,UCF,0.02346503947239247
North Texas,UCLA,0.017609018998020157
North Texas,UConn,0.019795016696092283
North Texas,UL Monroe,0.027115375253878256
North Texas,UNLV,0.0191322384528717
North Texas,USC,0.023615286775240104
North Texas,UTEP,0.023827979649758163
North Texas,UTSA,0.020554850323802432
North Texas,Utah,0.021577720140697094
North Texas,Utah State,0.02054246480158708
North Texas,Vanderbilt,0.02118672550680071
North Texas,Virginia,0.017611393956777684
North Texas,Virginia Tech,0.019359695623007142
North Texas,Wake Forest,0.02178497052469976
North Texas,Washington,0.018078331985535594
North Texas,Washington State,0.019169480186191096
North Texas,West Virginia,0.02532093817012937
North Texas,Western Kentucky,0.027077153527268152
North Texas,Western Michigan,0.018929742619370603
North Texas,Wisconsin,0.016478233291480886
North Texas,Wyoming,0.023244069803333968
Northern Illinois,Air Force,0.022500237069847225
Northern Illinois,Akron,0.03009460186581262
Northern Illinois,Alabama,0.031618610666710484
Northern Illinois,App State,0.026972799364503055
Northern Illinois,Arizona,0.020015979089029915
Northern Illinois,Arizona State,0.027634648027260508
Northern Illinois,Arkansas,0.021540261511068845
Northern Illinois,Arkansas State,0.018847084829905717
Northern Illinois,Army,0.02148495362872072
Northern Illinois,Auburn,0.02827355963156515
Northern Illinois,BYU,0.019490510653645498
Northern Illinois,Ball State,0.02634112653948284
Northern Illinois,Baylor,0.02508657319578015
Northern Illinois,Boise State,0.0176621270085583
Northern Illinois,Boston College,0.0232371472832529
Northern Illinois,Bowling Green,0.023957798237453712
Northern Illinois,Buffalo,0.027249939340438484
Northern Illinois,California,0.02987022419378383
Northern Illinois,Central Michigan,0.025553431048179396
Northern Illinois,Charlotte,0.021192182307972044
Northern Illinois,Cincinnati,0.02459422236753829
Northern Illinois,Clemson,0.022265541249321
Northern Illinois,Coastal Carolina,0.022852866028593367
Northern Illinois,Colorado,0.023110983712641794
Northern Illinois,Colorado State,0.025857795225442046
Northern Illinois,Delaware,0.025876554815255717
Northern Illinois,Duke,0.027493972765043416
Northern Illinois,East Carolina,0.0179623602818558
Northern Illinois,Eastern Michigan,0.023490687054225856
Northern Illinois,Florida,0.024052284748347284
Northern Illinois,Florida Atlantic,0.026686197685156437
Northern Illinois,Florida International,0.024290326839137517
Northern Illinois,Florida State,0.015528964462288256
Northern Illinois,Fresno State,0.026043886474596687
Northern Illinois,Georgia,0.02118474515125412
Northern Illinois,Georgia Southern,0.033014126358293226
Northern Illinois,Georgia State,0.026239295947031505
Northern Illinois,Georgia Tech,0.023019362522645095
Northern Illinois,Hawai'i,0.02164550627450398
Northern Illinois,Houston,0.0220917094861423
Northern Illinois,Illinois,0.02351156826166634
Northern Illinois,Indiana,0.022662989840673005
Northern Illinois,Iowa,0.02226426000135712
Northern Illinois,Iowa State,0.026443896267155213
Northern Illinois,Jacksonville State,0.023007892287997177
Northern Illinois,James Madison,0.020821135240877732
Northern Illinois,Kansas,0.022414408957857256
Northern Illinois,Kansas State,0.0258673968704786
Northern Illinois,Kennesaw State,0.02153108043541006
Northern Illinois,Kent State,0.03147690004335783
Northern Illinois,Kentucky,0.02643202557286379
Northern Illinois,LSU,0.03526238958334295
Northern Illinois,Liberty,0.022278807424611267
Northern Illinois,Louisiana,0.02075549119900559
Northern Illinois,Louisiana Tech,0.03140800843312714
Northern Illinois,Louisville,0.02347461921677315
Northern Illinois,Marshall,0.018386229622133893
Northern Illinois,Maryland,0.022410434620345542
Northern Illinois,Massachusetts,0.026377327691883647
Northern Illinois,Memphis,0.030344546750678537
Northern Illinois,Miami,0.024939266154810333
Northern Illinois,Miami (OH),0.023237999362573866
Northern Illinois,Michigan,0.025192415704790746
Northern Illinois,Michigan State,0.020120961466228174
Northern Illinois,Middle Tennessee,0.02661775000254915
Northern Illinois,Minnesota,0.022182547569895777
Northern Illinois,Mississippi State,0.025057208290087615
Northern Illinois,Missouri,0.02521740163370307
Northern Illinois,Missouri State,0.027230221971237048
Northern Illinois,NC State,0.02680101855049922
Northern Illinois,Navy,0.012246125560586466
Northern Illinois,Nebraska,0.027052881808105795
Northern Illinois,Nevada,0.030416449993990596
Northern Illinois,New Mexico,0.02908585114565431
Northern Illinois,New Mexico State,0.023245647410322038
Northern Illinois,North Carolina,0.02748678421803999
Northern Illinois,North Dakota State,0.02885578992374934
Northern Illinois,North Texas,0.03936197227963191
Northern Illinois,Northwestern,0.023248978522408467
Northern Illinois,Notre Dame,0.026571163246907385
Northern Illinois,Ohio,0.015809057649108522
Northern Illinois,Ohio State,0.023976365873814284
Northern Illinois,Oklahoma,0.022711359258206415
Northern Illinois,Oklahoma State,0.02974861262742514
Northern Illinois,Old Dominion,0.025538800450438374
Northern Illinois,Ole Miss,0.023113152410385186
Northern Illinois,Oregon,0.03009761826526062
Northern Illinois,Oregon State,0.018861383073901374
Northern Illinois,Penn State,0.02419843938328811
Northern Illinois,Pittsburgh,0.023472246729862575
Northern Illinois,Purdue,0.02200565593736384
Northern Illinois,Rice,0.023821103383657942
Northern Illinois,Rutgers,0.02047219646374224
Northern Illinois,SMU,0.020512452459218032
Northern Illinois,Sacramento State,0.026461686520325982
Northern Illinois,Sam Houston,0.026799918274266914
Northern Illinois,San Diego State,0.022782377355290786
Northern Illinois,San José State,0.028049007471324126
Northern Illinois,South Alabama,0.02225848382744372
Northern Illinois,South Carolina,0.01879080887197982
Northern Illinois,South Florida,0.0245006621728622
Northern Illinois,Southern Miss,0.034307518838377016
Northern Illinois,Stanford,0.021070466016707794
Northern Illinois,Syracuse,0.028743777374253508
Northern Illinois,TCU,0.02017157987748642
Northern Illinois,Temple,0.027541546579171357
Northern Illinois,Tennessee,0.025741618289654943
Northern Illinois,Texas,0.019414292765770908
Northern Illinois,Texas A&M,0.024092626507443305
Northern Illinois,Texas State,0.020497668265100306
Northern Illinois,Texas Tech,0.01619611455349341
Northern Illinois,Toledo,0.028565131756935546
Northern Illinois,Troy,0.024133279860546118
Northern Illinois,Tulane,0.022506425957700103
Northern Illinois,Tulsa,0.029987298879130417
Northern Illinois,UAB,0.024961557826139104
Northern Illinois,UCF,0.02961635335182663
Northern Illinois,UCLA,0.025384564992956073
Northern Illinois,UConn,0.023198567294883947
Northern Illinois,UL Monroe,0.021043431048785158
Northern Illinois,UNLV,0.025193149048939673
Northern Illinois,USC,0.0202347409077639
Northern Illinois,UTEP,0.019165604341218067
Northern Illinois,UTSA,0.022438733667173798
Northern Illinois,Utah,0.021415863850279136
Northern Illinois,Utah State,0.02304879706986684
Northern Illinois,Vanderbilt,0.023952607599933853
Northern Illinois,Virginia,0.025382190034198546
Northern Illinois,Virginia Tech,0.023633888367969088
Northern Illinois,Wake Forest,0.02120861346627647
Northern Illinois,Washington,0.024915252005440636
Northern Illinois,Washington State,0.029254241727125235
Northern Illinois,West Virginia,0.017672645820846856
Northern Illinois,Western Kentucky,0.007937448917914772
Northern Illinois,Western Michigan,0.024063841371605627
Northern Illinois,Wisconsin,0.026573097567377964
Northern Illinois,Wyoming,0.019749514187642262
Northwestern,Air Force,0.01094339577393984
Northwestern,Akron,0.00939868720780167
Northwestern,Alabama,0.009824643227985423
Northwestern,App State,0.01585556016757818
Northwestern,Arizona,0.016662706111221427
Northwestern,Arizona State,0.0058406805885354495
Northwestern,Arkansas,0.01793437228892264
Northwestern,Arkansas State,0.015274188211132427
Northwestern,Army,0.01515874489528992
Northwestern,Auburn,0.007577644973554195
Northwestern,BYU,0.006886622049761685
Northwestern,Ball State,0.0045537505080795165
Northwestern,Baylor,0.0032926057570550928
Northwestern,Boise State,0.004696189631938983
Northwestern,Boston College,0.007509361562847488
Northwestern,Bowling Green,0.010963584030592752
Northwestern,Buffalo,0.007135605764496937
Northwestern,California,0.02946324530051047
Northwestern,Central Michigan,0.010278715767882723
Northwestern,Charlotte,0.0025225080888506093
Northwestern,Cincinnati,0.025296410418200937
Northwestern,Clemson,0.007900761974911354
Northwestern,Coastal Carolina,0.006916840367629828
Northwestern,Colorado,0.0036149532791254347
Northwestern,Colorado State,0.016381817982903262
Northwestern,Delaware,0.00408258737653066
Northwestern,Duke,0.011148903128569355
Northwestern,East Carolina,0.0056619302470753636
Northwestern,Eastern Michigan,0.00923031426374845
Northwestern,Florida,0.01077411534612504
Northwestern,Florida Atlantic,0.02530423345823292
Northwestern,Florida International,0.0025801463638955007
Northwestern,Florida State,0.009896733028684582
Northwestern,Fresno State,0.006118244016521048
Northwestern,Georgia,0.0064255544852419655
Northwestern,Georgia Southern,0.012318211700282274
Northwestern,Georgia State,0.01361583405290544
Northwestern,Georgia Tech,0.01165164071087509
Northwestern,Hawai'i,0.014130694163039009
Northwestern,Houston,0.008215018630379971
Northwestern,Illinois,0.01618351166001528
Northwestern,Indiana,0.014295887068972422
Northwestern,Iowa,0.004699268977008741
Northwestern,Iowa State,0.00567577881304456
Northwestern,Jacksonville State,0.012459932548034331
Northwestern,James Madison,0.003089779980075589
Northwestern,Kansas,0.008023896261554909
Northwestern,Kansas State,0.004073429431753543
Northwestern,Kennesaw State,0.0059050780565526595
Northwestern,Kent State,0.018503995615965618
Northwestern,Kentucky,0.014472188893270163
Northwestern,LSU,0.013468422144617888
Northwestern,Liberty,0.007025240218772986
Northwestern,Louisiana,0.004474472425943202
Northwestern,Louisiana Tech,0.00961404099440208
Northwestern,Louisville,0.012042666955752401
Northwestern,Marshall,0.010500662290878066
Northwestern,Maryland,0.0036808493172179923
Northwestern,Massachusetts,0.005681413033872693
Northwestern,Memphis,0.03607793803631161
Northwestern,Miami,0.007159886428120647
Northwestern,Miami (OH),0.005573982268949097
Northwestern,Michigan,0.012817067733048434
Northwestern,Michigan State,0.012956082931397394
Northwestern,Middle Tennessee,0.008961579925263457
Northwestern,Minnesota,0.017568109170510163
Northwestern,Mississippi State,0.0038006688377235755
Northwestern,Missouri,0.0034234341949780107
Northwestern,Missouri State,0.005436254532511993
Northwestern,NC State,0.011486526982754167
Northwestern,Navy,0.011421411639798507
Northwestern,Nebraska,0.02001330555565768
Northwestern,Nevada,0.008622482555265537
Northwestern,New Mexico,0.00901895372641457
Northwestern,New Mexico State,0.009112367001343548
Northwestern,North Carolina,0.005692816779314931
Northwestern,North Dakota State,0.008386852091225989
Northwestern,North Texas,0.018666057621620956
Northwestern,Northern Illinois,0.014036926883818801
Northwestern,Notre Dame,0.007159898655064319
Northwestern,Ohio,0.008115951180827453
Northwestern,Ohio State,0.00904975368613475
Northwestern,Oklahoma,0.002186890723564644
Northwestern,Oklahoma State,0.01148880146722472
Northwestern,Old Dominion,0.0048428857924274205
Northwestern,Ole Miss,0.020155153321099243
Northwestern,Oregon,0.028114737537788835
Northwestern,Oregon State,0.004719635696325109
Northwestern,Penn State,0.009890381664023926
Northwestern,Pittsburgh,0.004707477027457142
Northwestern,Purdue,0.0036644384261039628
Northwestern,Rice,0.005939999104606732
Northwestern,Rutgers,0.019758271333402334
Northwestern,SMU,0.0012815149795070261
Northwestern,Sacramento State,0.0085393160341585
Northwestern,Sam Houston,0.0127779995158461
Northwestern,San Diego State,0.01869019448031351
Northwestern,San José State,0.00857382992094085
Northwestern,South Alabama,0.008465679011229096
Northwestern,South Carolina,0.004987335206078321
Northwestern,South Florida,0.01104742615071573
Northwestern,Southern Miss,0.01361160418036606
Northwestern,Stanford,0.008097110893762962
Northwestern,Syracuse,0.008091655162642375
Northwestern,TCU,0.00566894166869225
Northwestern,Temple,0.0068456319211604045
Northwestern,Tennessee,0.015060232829411446
Northwestern,Texas,0.006295146761246132
Northwestern,Texas A&M,0.005902890060770915
Northwestern,Texas State,0.006599070519615165
Northwestern,Texas Tech,0.008474945367795533
Northwestern,Toledo,0.008754621337343668
Northwestern,Troy,0.010166125662162429
Northwestern,Tulane,0.007925777645875732
Northwestern,Tulsa,0.009291384221119465
Northwestern,UAB,0.007256859524755441
Northwestern,UCF,0.008920438693815673
Northwestern,UCLA,0.005355591014647852
Northwestern,UConn,0.002557483293299854
Northwestern,UL Monroe,0.025728173539955566
Northwestern,UNLV,0.017745036738949012
Northwestern,USC,0.005277201605258833
Northwestern,UTEP,0.008352752854973182
Northwestern,UTSA,0.012461425726448051
Northwestern,Utah,0.01232817232315983
Northwestern,Utah State,0.0027971375733980824
Northwestern,Vanderbilt,0.019799523792878013
Northwestern,Virginia,0.005194278830811117
Northwestern,Virginia Tech,0.0021193058689251212
Northwestern,Wake Forest,0.010942243527615391
Northwestern,Washington,0.006282955836580008
Northwestern,Washington State,0.008558327069114283
Northwestern,West Virginia,0.008953142031836291
Northwestern,Western Kentucky,0.025689951813345456
Northwestern,Western Michigan,0.002269873932880571
Northwestern,Wisconsin,0.015091031577558194
Northwestern,Wyoming,0.012974269455441126
Notre Dame,Air Force,0.006950399105077765
Notre Dame,Akron,0.022320109105785368
Notre Dame,Alabama,0.015061966024895089
Notre Dame,App State,0.010285853236384349
Notre Dame,Arizona,0.006067515168961017
Notre Dame,Arizona State,0.012379618181030715
Notre Dame,Arkansas,0.013624549901460246
Notre Dame,Arkansas State,0.016168710459435555
Notre Dame,Army,0.014772543144101554
Notre Dame,Auburn,0.020499066871537894
Notre Dame,BYU,0.006034799848222016
Notre Dame,Ball State,0.01147813032537652
Notre Dame,Baylor,0.010354184626021584
Notre Dame,Boise State,0.011620569449235988
Notre Dame,Boston College,0.014433741380144492
Notre Dame,Bowling Green,0.017887963847889758
Notre Dame,Buffalo,0.019475446580411226
Notre Dame,California,0.016541823402526773
Notre Dame,Central Michigan,0.010769643884744782
Notre Dame,Charlotte,0.014277557639113526
Notre Dame,Cincinnati,0.012374988520217237
Notre Dame,Clemson,0.005020659923072346
Notre Dame,Coastal Carolina,0.014517354450496052
Notre Dame,Colorado,0.015336490952614537
Notre Dame,Colorado State,0.010861905610694125
Notre Dame,Delaware,0.015435310074723655
Notre Dame,Duke,0.018073282945866357
Notre Dame,East Carolina,0.010187867521828542
Notre Dame,Eastern Michigan,0.009666399875695198
Notre Dame,Florida,0.00992844458549614
Notre Dame,Florida Atlantic,0.012382811560249223
Notre Dame,Florida International,0.01393412113164195
Notre Dame,Florida State,0.014839020287434576
Notre Dame,Fresno State,0.018269393714569433
Notre Dame,Georgia,0.013349934302538969
Notre Dame,Georgia Southern,0.025239633598265972
Notre Dame,Georgia State,0.012732081644620188
Notre Dame,Georgia Tech,0.008536281023068162
Notre Dame,Hawai'i,0.008501844936805713
Notre Dame,Houston,0.015139398447676975
Notre Dame,Illinois,0.018256755360483403
Notre Dame,Indiana,0.013092636467317273
Notre Dame,Iowa,0.012516575189598322
Notre Dame,Iowa State,0.011724920395527255
Notre Dame,Jacksonville State,0.008157524527804832
Notre Dame,James Madison,0.010987706165584237
Notre Dame,Kansas,0.014948276078851911
Notre Dame,Kansas State,0.0101740042134132
Notre Dame,Kennesaw State,0.009621974899082862
Notre Dame,Kent State,0.013336449059525432
Notre Dame,Kentucky,0.014315218646191324
Notre Dame,LSU,0.01734774451583172
Notre Dame,Liberty,0.010730083556948539
Notre Dame,Louisiana,0.012980998438978337
Notre Dame,Louisiana Tech,0.018814418841406912
Notre Dame,Louisville,0.018967046773049404
Notre Dame,Marshall,0.01742504210817507
Notre Dame,Maryland,0.011328199958729447
Notre Dame,Massachusetts,0.018602834931856393
Notre Dame,Memphis,0.023156516138327914
Notre Dame,Miami,0.014084266245417651
Notre Dame,Miami (OH),0.012498362086246101
Notre Dame,Michigan,0.006427812687768582
Notre Dame,Michigan State,0.009531021450256538
Notre Dame,Middle Tennessee,0.015885959742560463
Notre Dame,Minnesota,0.01927183180515173
Notre Dame,Mississippi State,0.01072504865502058
Notre Dame,Missouri,0.009919256962909313
Notre Dame,Missouri State,0.014544713225929543
Notre Dame,NC State,0.01841090680005117
Notre Dame,Navy,0.01162501550341265
Notre Dame,Nebraska,0.013029869578528565
Notre Dame,Nevada,0.014438836200152079
Notre Dame,New Mexico,0.009538688790080409
Notre Dame,New Mexico State,0.012250680654444302
Notre Dame,North Carolina,0.012205752062787074
Notre Dame,North Dakota State,0.021285512424896916
Notre Dame,North Texas,0.03158747951960466
Notre Dame,Northern Illinois,0.0067656591099748906
Notre Dame,Northwestern,0.013756979558376233
Notre Dame,Ohio,0.012263965261561748
Notre Dame,Ohio State,0.009466419365958706
Notre Dame,Oklahoma,0.011913135450027978
Notre Dame,Oklahoma State,0.018413181284521723
Notre Dame,Old Dominion,0.01776430769041112
Notre Dame,Ole Miss,0.02109627593530318
Notre Dame,Oregon,0.016722132326387657
Notre Dame,Oregon State,0.01530928355413384
Notre Dame,Penn State,0.009780492592054341
Notre Dame,Pittsburgh,0.015697753969835318
Notre Dame,Purdue,0.010450111719593603
Notre Dame,Rice,0.012864378921903737
Notre Dame,Rutgers,0.0180162966670556
Notre Dame,SMU,0.011794948120411933
Notre Dame,Sacramento State,0.015783533060195983
Notre Dame,Sam Houston,0.006967693971248516
Notre Dame,San Diego State,0.007480727794892837
Notre Dame,San José State,0.01072591032286196
Notre Dame,South Alabama,0.0153900588285261
Notre Dame,South Carolina,0.011911715023375326
Notre Dame,South Florida,0.017971805968012733
Notre Dame,Southern Miss,0.02653302607834976
Notre Dame,Stanford,0.015021490711059966
Notre Dame,Syracuse,0.011525272652260728
Notre Dame,TCU,0.011934039566347782
Notre Dame,Temple,0.019767053819144103
Notre Dame,Tennessee,0.005909393986636544
Notre Dame,Texas,0.011639800005743654
Notre Dame,Texas A&M,0.01631813374741605
Notre Dame,Texas State,0.01352345033691217
Notre Dame,Texas Tech,0.015399325185092537
Notre Dame,Toledo,0.0199010882728971
Notre Dame,Troy,0.013406990684343948
Notre Dame,Tulane,0.011484116308365872
Notre Dame,Tulsa,0.022212806119103163
Notre Dame,UAB,0.01343339148850528
Notre Dame,UCF,0.02184186059179937
Notre Dame,UCLA,0.00831085073281878
Notre Dame,UConn,0.015386710146217088
Notre Dame,UL Monroe,0.013115260727854216
Notre Dame,UNLV,0.00929256134559982
Notre Dame,USC,0.012460248147736643
Notre Dame,UTEP,0.012785619143035484
Notre Dame,UTSA,0.005747288576768631
Notre Dame,Utah,0.006647263794228063
Notre Dame,Utah State,0.015274304309839587
Notre Dame,Vanderbilt,0.007343857826421878
Notre Dame,Virginia,0.012118658648108122
Notre Dame,Virginia Tech,0.015040727766908821
Notre Dame,Wake Forest,0.015745629721767632
Notre Dame,Washington,0.015397060831608803
Notre Dame,Washington State,0.02147974896709798
Notre Dame,West Virginia,0.015877521849133294
Notre Dame,Western Kentucky,0.016887281317811864
Notre Dame,Western Michigan,0.013506362384309967
Notre Dame,Wisconsin,0.019413488418649507
Notre Dame,Wyoming,0.014242100424594197
Ohio,Air Force,0.013971608881127128
Ohio,Akron,0.009635725889950524
Ohio,Alabama,0.01548717430339609
Ohio,App State,0.01744987174832002
Ohio,Arizona,0.018257017691963265
Ohio,Arizona State,0.011503211663946116
Ohio,Arkansas,0.019528683869664474
Ohio,Arkansas State,0.016868499791874263
Ohio,Army,0.016753056476031758
Ohio,Auburn,0.005983333392812359
Ohio,BYU,0.00848093363050352
Ohio,Ball State,0.01089324778272811
Ohio,Baylor,0.014696440018242957
Ohio,Boise State,0.004938653615606639
Ohio,Boston College,0.007105710919938511
Ohio,Bowling Green,0.009629209486302373
Ohio,Buffalo,0.020035882973495303
Ohio,California,0.031057556881252307
Ohio,Central Michigan,0.01187519861946612
Ohio,Charlotte,0.007256347863064163
Ohio,Cincinnati,0.026890721998942775
Ohio,Clemson,0.00949507355565319
Ohio,Coastal Carolina,0.021538564226545414
Ohio,Colorado,0.012781647367250855
Ohio,Colorado State,0.017976129563645096
Ohio,Delaware,0.009745118451941329
Ohio,Duke,0.011362536401729028
Ohio,East Carolina,0.009858308511972062
Ohio,Eastern Michigan,0.01533311912508508
Ohio,Florida,0.012368426926866877
Ohio,Florida Atlantic,0.026898545038974757
Ohio,Florida International,0.020955330907691312
Ohio,Florida State,0.011513991175048232
Ohio,Fresno State,0.004772634244191488
Ohio,Georgia,0.007611140225551932
Ohio,Georgia Southern,0.015244908507138524
Ohio,Georgia State,0.015210145633647275
Ohio,Georgia Tech,0.013836031695056641
Ohio,Hawai'i,0.015725005743780843
Ohio,Houston,0.008395305397621096
Ohio,Illinois,0.017777823240757114
Ohio,Indiana,0.015890198649714256
Ohio,Iowa,0.013331153513054726
Ohio,Iowa State,0.018746130171576617
Ohio,Jacksonville State,0.014054244128776167
Ohio,James Madison,0.012108923653545834
Ohio,Kansas,0.018450292051328688
Ohio,Kansas State,0.00973596050716421
Ohio,Kennesaw State,0.007773301097930856
Ohio,Kent State,0.02009830719670745
Ohio,Kentucky,0.016066500474012
Ohio,LSU,0.019130953220028557
Ohio,Liberty,0.008619551799514822
Ohio,Louisiana,0.01295191888859188
Ohio,Louisiana Tech,0.015276572069812748
Ohio,Louisville,0.012794510892793699
Ohio,Marshall,0.009166287746587686
Ohio,Maryland,0.010332811402576803
Ohio,Massachusetts,0.015154633560018187
Ohio,Memphis,0.03767224961705345
Ohio,Miami,0.008807829791495941
Ohio,Miami (OH),0.007106562999259475
Ohio,Michigan,0.01441137931379027
Ohio,Michigan State,0.01455039451213923
Ohio,Middle Tennessee,0.01048631363923476
Ohio,Minnesota,0.019162420751251998
Ohio,Mississippi State,0.008925771926773227
Ohio,Missouri,0.010613186847415515
Ohio,Missouri State,0.01109878560792266
Ohio,NC State,0.011199925590184
Ohio,Navy,0.015258428268513053
Ohio,Nebraska,0.02160761713639952
Ohio,Nevada,0.014285013630676205
Ohio,New Mexico,0.012954414782339923
Ohio,New Mexico State,0.019271890430493665
Ohio,North Carolina,0.013383394664866533
Ohio,North Dakota State,0.02830672220094628
Ohio,North Texas,0.017071746040879122
Ohio,Northern Illinois,0.01563123846456064
Ohio,Northwestern,0.013680371579238834
Ohio,Notre Dame,0.011590983731175154
Ohio,Ohio State,0.010644065266876586
Ohio,Oklahoma,0.008081938703349865
Ohio,Oklahoma State,0.015340031704008439
Ohio,Old Dominion,0.005736592083674598
Ohio,Ole Miss,0.021749464901841077
Ohio,Oregon,0.02970904911853067
Ohio,Oregon State,0.0223304933301832
Ohio,Penn State,0.011484693244765762
Ohio,Pittsburgh,0.005379260561046241
Ohio,Purdue,0.007458106218231227
Ohio,Rice,0.007689667020343551
Ohio,Rutgers,0.021352582914144172
Ohio,SMU,0.006900648676067246
Ohio,Sacramento State,0.012396453840979302
Ohio,Sam Houston,0.014372311096587936
Ohio,San Diego State,0.02028450606105535
Ohio,San José State,0.01294387261494958
Ohio,South Alabama,0.007131304466938715
Ohio,South Carolina,0.004216891289934917
Ohio,South Florida,0.01515968921123927
Ohio,Southern Miss,0.012017292599624224
Ohio,Stanford,0.006875444237497207
Ohio,Syracuse,0.01261234101093912
Ohio,TCU,0.007263253249434086
Ohio,Temple,0.009820229770201127
Ohio,Tennessee,0.01665454441015328
Ohio,Texas,0.0028759334729818817
Ohio,Texas A&M,0.007237264605061296
Ohio,Texas State,0.01458979264258924
Ohio,Texas Tech,0.009173147038622329
Ohio,Toledo,0.012433695393621155
Ohio,Troy,0.015362121890485072
Ohio,Tulane,0.009520089226617567
Ohio,Tulsa,0.011153380188004847
Ohio,UAB,0.00906493858167992
Ohio,UCF,0.01465766573919069
Ohio,UCLA,0.014595364866879717
Ohio,UConn,0.007067130931569558
Ohio,UL Monroe,0.0273224851206974
Ohio,UNLV,0.019339348319690846
Ohio,USC,0.0099991468839854
Ohio,UTEP,0.009947064435715018
Ohio,UTSA,0.014055737307189887
Ohio,Utah,0.013922483903901668
Ohio,Utah State,0.016329594328137177
Ohio,Vanderbilt,0.02139383537361985
Ohio,Virginia,0.009250753670884156
Ohio,Virginia Tech,0.007502452004654697
Ohio,Wake Forest,0.012536555108357227
Ohio,Washington,0.008783815642126248
Ohio,Washington State,0.007692667441470744
Ohio,West Virginia,0.00761876748754591
Ohio,Western Kentucky,0.027284263394087294
Ohio,Western Michigan,0.00793240500829124
Ohio,Wisconsin,0.01668534315830003
Ohio,Wyoming,0.014989101683094457
Ohio State,Air Force,0.007845011247416461
Ohio State,Akron,0.02818709422915797
Ohio State,Alabama,0.02092895114826769
Ohio State,App State,0.002932846853778118
Ohio State,Arizona,0.007525481692325146
Ohio State,Arizona State,0.013159722543630844
Ohio State,Arkansas,0.0061019472302650795
Ohio State,Arkansas State,0.008694375951449342
Ohio State,Army,0.0072499404729063875
Ohio State,Auburn,0.026366051994910496
Ohio State,BYU,0.011901784971594616
Ohio State,Ball State,0.01715596566461512
Ohio State,Baylor,0.016221169749394186
Ohio State,Boise State,0.015444064986491497
Ohio State,Boston College,0.017254313779119967
Ohio State,Bowling Green,0.012949339128124996
Ohio State,Buffalo,0.02534243170378383
Ohio State,California,0.010674838279154171
Ohio State,Central Michigan,0.008509691253473579
Ohio State,Charlotte,0.019284674671317392
Ohio State,Cincinnati,0.006508003396844637
Ohio State,Clemson,0.010887645046444946
Ohio State,Coastal Carolina,0.011871566653726472
Ohio State,Colorado,0.02120347607598714
Ohio State,Colorado State,0.0033393029394989593
Ohio State,Delaware,0.021302295198096257
Ohio State,Duke,0.019626813084440656
Ohio State,East Carolina,0.016054852645201144
Ohio State,Eastern Michigan,0.00955809275760785
Ohio State,Florida,0.00801429167523126
Ohio State,Florida Atlantic,0.0065158264368766206
Ohio State,Florida International,0.01962928800011983
Ohio State,Florida State,0.012012496319066805
Ohio State,Fresno State,0.024136378837942035
Ohio State,Georgia,0.012771578376546204
Ohio State,Georgia Southern,0.031106618721638574
Ohio State,Georgia State,0.005209478973425021
Ohio State,Georgia Tech,0.007136766310481211
Ohio State,Hawai'i,0.0058959545068510795
Ohio State,Houston,0.01198741320447704
Ohio State,Illinois,0.010734152689288236
Ohio State,Indiana,0.005570033796122106
Ohio State,Iowa,0.01838356031297092
Ohio State,Iowa State,0.01311262820831174
Ohio State,Jacksonville State,0.006328474473321969
Ohio State,James Madison,0.01685469128895684
Ohio State,Kansas,0.020506901321202604
Ohio State,Kansas State,0.016040989336785803
Ohio State,Kennesaw State,0.012883328964803641
Ohio State,Kent State,0.005813846388330265
Ohio State,Kentucky,0.006792615974996156
Ohio State,LSU,0.023214729639204318
Ohio State,Liberty,0.011763166802583314
Ohio State,Louisiana,0.01884798356235094
Ohio State,Louisiana Tech,0.024681403964779514
Ohio State,Louisville,0.013740362427981177
Ohio State,Marshall,0.011993629651955105
Ohio State,Maryland,0.01719518508210205
Ohio State,Massachusetts,0.02446982005522899
Ohio State,Memphis,0.01728953101495531
Ohio State,Miami,0.012186712308350606
Ohio State,Miami (OH),0.01737953418093477
Ohio State,Michigan,0.005971339288307866
Ohio State,Michigan State,0.007420499315126887
Ohio State,Middle Tennessee,0.017293081460778875
Ohio State,Minnesota,0.011749229133956565
Ohio State,Mississippi State,0.01599622563408941
Ohio State,Missouri,0.015786242086281915
Ohio State,Missouri State,0.02041169834930214
Ohio State,NC State,0.018010182363782094
Ohio State,Navy,0.01716890498242851
Ohio State,Nebraska,0.005507266907333398
Ohio State,Nevada,0.01768729125387248
Ohio State,New Mexico,0.00976945329494173
Ohio State,New Mexico State,0.009676040020012752
Ohio State,North Carolina,0.018072737186159676
Ohio State,North Dakota State,0.010401554930130312
Ohio State,North Texas,0.03745446464297726
Ohio State,Northern Illinois,0.007617228373269983
Ohio State,Northwestern,0.006702347022859303
Ohio State,Notre Dame,0.01753693584323612
Ohio State,Ohio,0.011732403132246539
Ohio State,Oklahoma,0.01778012057340058
Ohio State,Oklahoma State,0.013636334481948478
Ohio State,Old Dominion,0.02363129281378372
Ohio State,Ole Miss,0.013573673264108013
Ohio State,Oregon,0.009326330516432533
Ohio State,Oregon State,0.016953875437246718
Ohio State,Penn State,0.008898025357332374
Ohio State,Pittsburgh,0.02156473909320792
Ohio State,Purdue,0.015123968595252339
Ohio State,Rice,0.014132451613859301
Ohio State,Rutgers,0.010493693995860434
Ohio State,SMU,0.017661933243784532
Ohio State,Sacramento State,0.021650518183568584
Ohio State,Sam Houston,0.008447110752793115
Ohio State,San Diego State,0.004759083426064272
Ohio State,San José State,0.010214577100415451
Ohio State,South Alabama,0.013583510265037955
Ohio State,South Carolina,0.01616582731216322
Ohio State,South Florida,0.012947748406737703
Ohio State,Southern Miss,0.03240001120172236
Ohio State,Stanford,0.013507274364600929
Ohio State,Syracuse,0.010696751858713925
Ohio State,TCU,0.013119465352664051
Ohio State,Temple,0.025634038942516705
Ohio State,Tennessee,0.003728174191944855
Ohio State,Texas,0.017506785129116256
Ohio State,Texas A&M,0.022185118870788653
Ohio State,Texas State,0.014112119187328558
Ohio State,Texas Tech,0.011345346227861652
Ohio State,Toledo,0.025768073396269704
Ohio State,Troy,0.008622281359193872
Ohio State,Tulane,0.010862629375480569
Ohio State,Tulsa,0.028079791242475765
Ohio State,UAB,0.011531547496600859
Ohio State,UCF,0.027708845715171973
Ohio State,UCLA,0.013432816006708448
Ohio State,UConn,0.021253695269589687
Ohio State,UL Monroe,0.006939766518599264
Ohio State,UNLV,0.0023483117324153866
Ohio State,USC,0.018327233271109244
Ohio State,UTEP,0.010435654166383118
Ohio State,UTSA,0.0063269812949082495
Ohio State,Utah,0.006460234698196469
Ohio State,Utah State,0.02114128943321219
Ohio State,Vanderbilt,0.0035888531814212065
Ohio State,Virginia,0.015100648768385412
Ohio State,Virginia Tech,0.02090771289028142
Ohio State,Wake Forest,0.008223027050572464
Ohio State,Washington,0.021264045954981405
Ohio State,Washington State,0.027346734090470583
Ohio State,West Virginia,0.01371725678465765
Ohio State,Western Kentucky,0.009364678646616699
Ohio State,Western Michigan,0.01937334750768257
Ohio State,Wisconsin,0.01189088574745434
Ohio State,Wyoming,0.007791946593712799
Oklahoma,Air Force,0.005820964563721794
Oklahoma,Akron,0.023744321494605886
Oklahoma,Alabama,0.016486178413715604
Oklahoma,App State,0.008572630473412028
Oklahoma,Arizona,0.005371674140821598
Oklahoma,Arizona State,0.009234479136169479
Oklahoma,Arkansas,0.003588738002118422
Oklahoma,Arkansas State,0.0047295211496529415
Oklahoma,Army,0.0033333538343189397
Oklahoma,Auburn,0.021923279260358412
Oklahoma,BYU,0.007459012237042532
Oklahoma,Ball State,0.012713192930063035
Oklahoma,Baylor,0.011778397014842101
Oklahoma,Boise State,0.011001292251939413
Oklahoma,Boston College,0.012811541044567883
Oklahoma,Bowling Green,0.00850656639357291
Oklahoma,Buffalo,0.020899658969231745
Oklahoma,California,0.015117611013706254
Oklahoma,Central Michigan,0.007153262157088369
Oklahoma,Charlotte,0.014841901936765305
Oklahoma,Cincinnati,0.010950776131396722
Oklahoma,Clemson,0.007691811902390908
Oklahoma,Coastal Carolina,0.007428793919174387
Oklahoma,Colorado,0.016760703341435056
Oklahoma,Colorado State,0.007457626334351019
Oklahoma,Delaware,0.016859522463544174
Oklahoma,Duke,0.015184040349888572
Oklahoma,East Carolina,0.01161207991064906
Oklahoma,Eastern Michigan,0.005115320023055767
Oklahoma,Florida,0.005652115857256257
Oklahoma,Florida Atlantic,0.010958599171428704
Oklahoma,Florida International,0.015186515265567746
Oklahoma,Florida State,0.004448901258119634
Oklahoma,Fresno State,0.01969360610338995
Oklahoma,Georgia,0.008328805641994121
Oklahoma,Georgia Southern,0.02666384598708649
Oklahoma,Georgia State,0.00783912705594048
Oklahoma,Georgia Tech,0.004619193631554069
Oklahoma,Hawai'i,0.0032453373834129533
Oklahoma,Houston,0.007544640469924956
Oklahoma,Illinois,0.006817566050700788
Oklahoma,Indiana,0.004262820949581979
Oklahoma,Iowa,0.013940787578418837
Oklahoma,Iowa State,0.008669855473759657
Oklahoma,Jacksonville State,0.004607723396906151
Oklahoma,James Madison,0.012411918554404754
Oklahoma,Kansas,0.01606412858665052
Oklahoma,Kansas State,0.011598216602233717
Oklahoma,Kennesaw State,0.008440556230251558
Oklahoma,Kent State,0.013076731152266803
Oklahoma,Kentucky,0.008031856681772764
Oklahoma,LSU,0.018771956904652234
Oklahoma,Liberty,0.007320394068031231
Oklahoma,Louisiana,0.014405210827798855
Oklahoma,Louisiana Tech,0.02023863123022743
Oklahoma,Louisville,0.009297589693429094
Oklahoma,Marshall,0.00755085691740302
Oklahoma,Maryland,0.012752412347549966
Oklahoma,Massachusetts,0.020027047320676908
Oklahoma,Memphis,0.021732303749507395
Oklahoma,Miami,0.007743939573798522
Oklahoma,Miami (OH),0.012936761446382686
Oklahoma,Michigan,0.006879588890390748
Oklahoma,Michigan State,0.0019081678595260776
Oklahoma,Middle Tennessee,0.012850308726226792
Oklahoma,Minnesota,0.007832642495369116
Oklahoma,Mississippi State,0.011553452899537325
Oklahoma,Missouri,0.011343469351729831
Oklahoma,Missouri State,0.01596892561475006
Oklahoma,NC State,0.013567409629230007
Oklahoma,Navy,0.008027613092164477
Oklahoma,Nebraska,0.008652712917014766
Oklahoma,Nevada,0.013244518519320396
Oklahoma,New Mexico,0.010685682254563286
Oklahoma,New Mexico State,0.005233267285460667
Oklahoma,North Carolina,0.013629964451607593
Oklahoma,North Dakota State,0.010455621032658314
Oklahoma,North Texas,0.03301169190842517
Oklahoma,Northern Illinois,0.011533815011857431
Oklahoma,Northwestern,0.004848809631317438
Oklahoma,Notre Dame,0.013094163108684036
Oklahoma,Ohio,0.006229683105976763
Oklahoma,Ohio State,0.005576196982723257
Oklahoma,Oklahoma State,0.011348443736334113
Oklahoma,Old Dominion,0.019188520079231636
Oklahoma,Ole Miss,0.009657086625520565
Oklahoma,Oregon,0.013769103250984616
Oklahoma,Oregon State,0.012511102702694635
Oklahoma,Penn State,0.005798270492197084
Oklahoma,Pittsburgh,0.017121966358655837
Oklahoma,Purdue,0.010681195860700253
Oklahoma,Rice,0.009689678879307217
Oklahoma,Rutgers,0.006577107357272986
Oklahoma,SMU,0.013219160509232449
Oklahoma,Sacramento State,0.0172077454490165
Oklahoma,Sam Houston,0.012363697391380563
Oklahoma,San Diego State,0.0043822084641997605
Oklahoma,San José State,0.0096488385802331
Oklahoma,South Alabama,0.00914073753048587
Oklahoma,South Carolina,0.011723054577611136
Oklahoma,South Florida,0.008504975672185618
Oklahoma,Southern Miss,0.027957238467170277
Oklahoma,Stanford,0.009064501630048846
Oklahoma,Syracuse,0.010343608483162483
Oklahoma,TCU,0.008676692618111966
Oklahoma,Temple,0.02119126620796462
Oklahoma,Tennessee,0.007341449398563914
Oklahoma,Texas,0.01306401239456417
Oklahoma,Texas A&M,0.017742346136236566
Oklahoma,Texas State,0.009669346452776473
Oklahoma,Texas Tech,0.006766798828923722
Oklahoma,Toledo,0.02132530066171762
Oklahoma,Troy,0.005733110969455089
Oklahoma,Tulane,0.006419856640928484
Oklahoma,Tulsa,0.02363701850792368
Oklahoma,UAB,0.007088774762048776
Oklahoma,UCF,0.02326607298061989
Oklahoma,UCLA,0.008990043272156363
Oklahoma,UConn,0.016810922535037603
Oklahoma,UL Monroe,0.011382539253151348
Oklahoma,UNLV,0.006792980157848646
Oklahoma,USC,0.013884460536557161
Oklahoma,UTEP,0.005992881431831034
Oklahoma,UTSA,0.005691900733013984
Oklahoma,Utah,0.004791925515554552
Oklahoma,Utah State,0.016698516698660102
Oklahoma,Vanderbilt,0.00624579391328673
Oklahoma,Virginia,0.010657876033833329
Oklahoma,Virginia Tech,0.016464940155729337
Oklahoma,Wake Forest,0.004306440411985016
Oklahoma,Washington,0.016821273220429322
Oklahoma,Washington State,0.0229039613559185
Oklahoma,West Virginia,0.009274484050105565
Oklahoma,Western Kentucky,0.01134431752654124
Oklahoma,Western Michigan,0.014930574773130485
Oklahoma,Wisconsin,0.008172928676286937
Oklahoma,Wyoming,0.0028029111148115816
Oklahoma State,Air Force,0.019544382415863572
Oklahoma State,Akron,0.021024553410478784
Oklahoma State,Alabama,0.023250906085666476
Oklahoma State,App State,0.01860509478345905
Oklahoma State,Arizona,0.019095091992963376
Oklahoma State,Arizona State,0.019266943446216503
Oklahoma State,Arkansas,0.013172556930024842
Oklahoma State,Arkansas State,0.010479380248861716
Oklahoma State,Army,0.013117249047676718
Oklahoma State,Auburn,0.01920351117623131
Oklahoma State,BYU,0.01960941740652632
Oklahoma State,Ball State,0.01797342195843884
Oklahoma State,Baylor,0.01901237921701443
Oklahoma State,Boise State,0.013542037712688405
Oklahoma State,Boston College,0.014869442702208899
Oklahoma State,Bowling Green,0.015590093656409709
Oklahoma State,Buffalo,0.018441507686577416
Oklahoma State,California,0.02150251961273983
Oklahoma State,Central Michigan,0.01718572646713539
Oklahoma State,Charlotte,0.015715719255776778
Oklahoma State,Cincinnati,0.016226517786494286
Oklahoma State,Clemson,0.021415229754532687
Oklahoma State,Coastal Carolina,0.014769044678982657
Oklahoma State,Colorado,0.014623274065501953
Oklahoma State,Colorado State,0.01749009064439804
Oklahoma State,Delaware,0.017508850234211715
Oklahoma State,Duke,0.019126268183999415
Oklahoma State,East Carolina,0.015320502258411528
Oklahoma State,Eastern Michigan,0.015496207286229195
Oklahoma State,Florida,0.015684580167303282
Oklahoma State,Florida Atlantic,0.018318493104112432
Oklahoma State,Florida International,0.015922622258093516
Oklahoma State,Florida State,0.010323586874489817
Oklahoma State,Fresno State,0.016973838019262846
Oklahoma State,Georgia,0.01281704057021012
Oklahoma State,Georgia Southern,0.02394407790295939
Oklahoma State,Georgia State,0.017871591365987503
Oklahoma State,Georgia Tech,0.01662632613885623
Oklahoma State,Hawai'i,0.01666076222511868
Oklahoma State,Houston,0.0137240049050983
Oklahoma State,Illinois,0.01514386368062234
Oklahoma State,Indiana,0.014295285259629004
Oklahoma State,Iowa,0.013896555420313119
Oklahoma State,Iowa State,0.01807619168611121
Oklahoma State,Jacksonville State,0.01700508263411956
Oklahoma State,James Madison,0.015148447364551799
Oklahoma State,Kansas,0.013344360502523418
Oklahoma State,Kansas State,0.018042572836279476
Oklahoma State,Kennesaw State,0.01554063226284153
Oklahoma State,Kent State,0.023109195462313825
Oklahoma State,Kentucky,0.018064320991819788
Oklahoma State,LSU,0.02689468500229894
Oklahoma State,Liberty,0.014432523604975853
Oklahoma State,Louisiana,0.018336244756280123
Oklahoma State,Louisiana Tech,0.023040303852083135
Oklahoma State,Louisville,0.015106914635729147
Oklahoma State,Marshall,0.010018525041089889
Oklahoma State,Maryland,0.014557378027409397
Oklahoma State,Massachusetts,0.01733692357181442
Oklahoma State,Memphis,0.024452071833634497
Oklahoma State,Miami,0.016571561573766328
Oklahoma State,Miami (OH),0.014870294781529863
Oklahoma State,Michigan,0.020603006742532525
Oklahoma State,Michigan State,0.015631585711667853
Oklahoma State,Middle Tennessee,0.018250045421505146
Oklahoma State,Minnesota,0.013814842988851772
Oklahoma State,Mississippi State,0.016689503709043613
Oklahoma State,Missouri,0.0174048655684881
Oklahoma State,Missouri State,0.018862517390193047
Oklahoma State,NC State,0.018433313969455217
Oklahoma State,Navy,0.013537591658511742
Oklahoma State,Nebraska,0.01868517722706179
Oklahoma State,Nevada,0.02204874541294659
Oklahoma State,New Mexico,0.02071814656461031
Oklahoma State,New Mexico State,0.017245853361197026
Oklahoma State,North Carolina,0.019119079636995984
Oklahoma State,North Dakota State,0.02153720265338352
Oklahoma State,North Texas,0.030291923824298073
Oklahoma State,Northern Illinois,0.02525723286399921
Oklahoma State,Northwestern,0.014881273941364462
Oklahoma State,Notre Dame,0.018203458665863384
Oklahoma State,Ohio,0.012898641900362644
Oklahoma State,Ohio State,0.015696187795965686
Oklahoma State,Oklahoma,0.016051336621062746
Oklahoma State,Old Dominion,0.016468751995104534
Oklahoma State,Ole Miss,0.014745447829341184
Oklahoma State,Oregon,0.021729913684216614
Oklahoma State,Oregon State,0.02220792008300066
Oklahoma State,Penn State,0.015830734802244107
Oklahoma State,Pittsburgh,0.014402198274528735
Oklahoma State,Purdue,0.014712495442330789
Oklahoma State,Rice,0.015453398802613939
Oklahoma State,Rutgers,0.012104491882698238
Oklahoma State,SMU,0.01921831261624572
Oklahoma State,Sacramento State,0.018093981939281977
Oklahoma State,Sam Houston,0.026087115243522342
Oklahoma State,San Diego State,0.017681879367031555
Oklahoma State,San José State,0.019681302890280125
Oklahoma State,South Alabama,0.013890779246399716
Oklahoma State,South Carolina,0.013250892138549068
Oklahoma State,South Florida,0.016132957591818195
Oklahoma State,Southern Miss,0.025237470383043175
Oklahoma State,Stanford,0.01270276143566379
Oklahoma State,Syracuse,0.020376072793209507
Oklahoma State,TCU,0.01322856759557661
Oklahoma State,Temple,0.01847149812383752
Oklahoma State,Tennessee,0.019916110138229186
Oklahoma State,Texas,0.014867155156827655
Oklahoma State,Texas A&M,0.024141117405398302
Oklahoma State,Texas State,0.012129963684056302
Oklahoma State,Texas Tech,0.009763281976831855
Oklahoma State,Toledo,0.02019742717589154
Oklahoma State,Troy,0.015765575279502113
Oklahoma State,Tulane,0.0141387213766561
Oklahoma State,Tulsa,0.022473667819105224
Oklahoma State,UAB,0.0165938532450951
Oklahoma State,UCF,0.020546304896492788
Oklahoma State,UCLA,0.017016860411912072
Oklahoma State,UConn,0.015680744051327536
Oklahoma State,UL Monroe,0.01410230733727845
Oklahoma State,UNLV,0.01682544446789567
Oklahoma State,USC,0.012961025739368555
Oklahoma State,UTEP,0.012376988018888908
Oklahoma State,UTSA,0.01941531858515576
Oklahoma State,Utah,0.01851534336769633
Oklahoma State,Utah State,0.02103536491802547
Oklahoma State,Vanderbilt,0.019969211765428506
Oklahoma State,Virginia,0.01701448545315454
Oklahoma State,Virginia Tech,0.015266183786925085
Oklahoma State,Wake Forest,0.012840908885232467
Oklahoma State,Washington,0.016547547424396635
Oklahoma State,Washington State,0.020184193271791398
Oklahoma State,West Virginia,0.009304941239802855
Oklahoma State,Western Kentucky,0.014064085610668343
Oklahoma State,Western Michigan,0.017025618317358528
Oklahoma State,Wisconsin,0.018205392986333963
Oklahoma State,Wyoming,0.011381809606598257
Old Dominion,Air Force,0.017913726883984713
Old Dominion,Akron,0.03825580986572622
Old Dominion,Alabama,0.03099766678483594
Old Dominion,App State,0.013001562490346369
Old Dominion,Arizona,0.014351296457907475
Old Dominion,Arizona State,0.023228438180199096
Old Dominion,Arkansas,0.011268187188634511
Old Dominion,Arkansas State,0.019398637386978005
Old Dominion,Army,0.01369837776263463
Old Dominion,Auburn,0.03643476763147875
Old Dominion,BYU,0.021970500608162868
Old Dominion,Ball State,0.02722468130118337
Old Dominion,Baylor,0.026289885385962438
Old Dominion,Boise State,0.02551278062305975
Old Dominion,Boston College,0.02732302941568822
Old Dominion,Bowling Green,0.023018054764693246
Old Dominion,Buffalo,0.035411147340352084
Old Dominion,California,0.012471511566863299
Old Dominion,Central Michigan,0.01857840689004183
Old Dominion,Charlotte,0.029524182596977123
Old Dominion,Cincinnati,0.012879498069084956
Old Dominion,Clemson,0.0209563606830132
Old Dominion,Coastal Carolina,0.021940282290294724
Old Dominion,Colorado,0.031272191712555394
Old Dominion,Colorado State,0.02035275720730331
Old Dominion,Delaware,0.03137101083466451
Old Dominion,Duke,0.02969552872100891
Old Dominion,East Carolina,0.026123568281769396
Old Dominion,Eastern Michigan,0.019626808394176104
Old Dominion,Florida,0.01808300731179951
Old Dominion,Florida Atlantic,0.012643456896892492
Old Dominion,Florida International,0.02969800363668808
Old Dominion,Florida State,0.01896038962923997
Old Dominion,Fresno State,0.034205094474510284
Old Dominion,Georgia,0.022840294013114458
Old Dominion,Georgia Southern,0.041175334358206826
Old Dominion,Georgia State,0.015241288605019113
Old Dominion,Georgia Tech,0.01720548194704946
Old Dominion,Hawai'i,0.014726428494885545
Old Dominion,Houston,0.02205612884104529
Old Dominion,Illinois,0.02054008319070316
Old Dominion,Indiana,0.01456123558895213
Old Dominion,Iowa,0.028452275949539176
Old Dominion,Iowa State,0.023181343844879992
Old Dominion,Jacksonville State,0.01734657675739608
Old Dominion,James Madison,0.02692340692552509
Old Dominion,Kansas,0.030575616957770856
Old Dominion,Kansas State,0.026109704973354055
Old Dominion,Kennesaw State,0.022952044601371895
Old Dominion,Kent State,0.010353127041958935
Old Dominion,Kentucky,0.01438493376465439
Old Dominion,LSU,0.03328344527577257
Old Dominion,Liberty,0.021831882439151566
Old Dominion,Louisiana,0.02891669919891919
Old Dominion,Louisiana Tech,0.034750119601347766
Old Dominion,Louisville,0.02380907806454943
Old Dominion,Marshall,0.022062345288523355
Old Dominion,Maryland,0.0272639007186703
Old Dominion,Massachusetts,0.03453853569179725
Old Dominion,Memphis,0.0149901771580947
Old Dominion,Miami,0.02225542794491886
Old Dominion,Miami (OH),0.02744824981750302
Old Dominion,Michigan,0.016040054924876118
Old Dominion,Michigan State,0.016145357571108115
Old Dominion,Middle Tennessee,0.027361797097347127
Old Dominion,Minnesota,0.01469747146915682
Old Dominion,Mississippi State,0.02606494127065766
Old Dominion,Missouri,0.025854957722850166
Old Dominion,Missouri State,0.030480413985870397
Old Dominion,NC State,0.028078898000350343
Old Dominion,Navy,0.02162806926636818
Old Dominion,Nebraska,0.00884381710226687
Old Dominion,Nevada,0.027756006890440735
Old Dominion,New Mexico,0.019838168931509984
Old Dominion,New Mexico State,0.019744755656581004
Old Dominion,North Carolina,0.02814145282272793
Old Dominion,North Dakota State,0.020470270566698565
Old Dominion,North Texas,0.04752318027954551
Old Dominion,Northern Illinois,0.020513437328943306
Old Dominion,Northwestern,0.016771062659427554
Old Dominion,Notre Dame,0.02760565147980437
Old Dominion,Ohio,0.0207411714770971
Old Dominion,Ohio State,0.0198073689717898
Old Dominion,Oklahoma,0.027848836209968832
Old Dominion,Oklahoma State,0.02370505011851673
Old Dominion,Ole Miss,0.012693430384691173
Old Dominion,Oregon,0.012709307510090698
Old Dominion,Oregon State,0.027022591073814974
Old Dominion,Penn State,0.018966740993900628
Old Dominion,Pittsburgh,0.031633454729776175
Old Dominion,Purdue,0.02519268423182059
Old Dominion,Rice,0.024201167250427553
Old Dominion,Rutgers,0.016530640068628404
Old Dominion,SMU,0.027730648880352787
Old Dominion,Sacramento State,0.03171923382013683
Old Dominion,Sam Houston,0.021343319708466438
Old Dominion,San Diego State,0.012938083831975655
Old Dominion,San José State,0.020283292736983705
Old Dominion,South Alabama,0.023652225901606205
Old Dominion,South Carolina,0.02623454294873147
Old Dominion,South Florida,0.023016464043305953
Old Dominion,Southern Miss,0.042468726838290616
Old Dominion,Stanford,0.02357599000116918
Old Dominion,Syracuse,0.02076546749528218
Old Dominion,TCU,0.023188180989232303
Old Dominion,Temple,0.03570275457908496
Old Dominion,Tennessee,0.015470344747264646
Old Dominion,Texas,0.027575500765684505
Old Dominion,Texas A&M,0.0322538345073569
Old Dominion,Texas State,0.02418083482389681
Old Dominion,Texas Tech,0.021278287200044058
Old Dominion,Toledo,0.035836789032837955
Old Dominion,Troy,0.018690996995762123
Old Dominion,Tulane,0.02093134501204882
Old Dominion,Tulsa,0.03814850687904402
Old Dominion,UAB,0.021600263133169113
Old Dominion,UCF,0.03777756135174022
Old Dominion,UCLA,0.023501531643276702
Old Dominion,UConn,0.03132241090615794
Old Dominion,UL Monroe,0.021956269045541214
Old Dominion,UNLV,0.011126250281268672
Old Dominion,USC,0.028395948907677496
Old Dominion,UTEP,0.02050436980295137
Old Dominion,UTSA,0.0163956969314765
Old Dominion,Utah,0.01652895033476472
Old Dominion,Utah State,0.031210005069780437
Old Dominion,Vanderbilt,0.015225416230372605
Old Dominion,Virginia,0.025169364404953664
Old Dominion,Virginia Tech,0.030976428526849675
Old Dominion,Wake Forest,0.01791487913030916
Old Dominion,Washington,0.03133276159154966
Old Dominion,Washington State,0.037415449727038835
Old Dominion,West Virginia,0.023785972421225904
Old Dominion,Western Kentucky,0.0035315303090566255
Old Dominion,Western Michigan,0.02944206314425082
Old Dominion,Wisconsin,0.013766091080366359
Old Dominion,Wyoming,0.015882853202483428
Ole Miss,Air Force,0.007683826893046777
Ole Miss,Akron,0.028025909874788285
Ole Miss,Alabama,0.020767766793898003
Ole Miss,App State,0.004503656122907692
Ole Miss,Arizona,0.00998883398650026
Ole Miss,Arizona State,0.01299853818926116
Ole Miss,Arkansas,0.00963841619861775
Ole Miss,Arkansas State,0.017768866396961243
Ole Miss,Army,0.009656587011814237
Ole Miss,Auburn,0.02620486764054081
Ole Miss,BYU,0.01288335585288148
Ole Miss,Ball State,0.016994781310245434
Ole Miss,Baylor,0.0160599853950245
Ole Miss,Boise State,0.015282880632121812
Ole Miss,Boston College,0.017093129424750282
Ole Miss,Bowling Green,0.013314826290968265
Ole Miss,Buffalo,0.025181247349414144
Ole Miss,California,0.010841740576846537
Ole Miss,Central Michigan,0.008762865124430076
Ole Miss,Charlotte,0.027894411606960358
Ole Miss,Cincinnati,0.011249727079068194
Ole Miss,Clemson,0.015236751053259112
Ole Miss,Coastal Carolina,0.011710382299356788
Ole Miss,Colorado,0.021042291721617454
Ole Miss,Colorado State,0.018722986217286547
Ole Miss,Delaware,0.021141110843726572
Ole Miss,Duke,0.019465628730070975
Ole Miss,East Carolina,0.01589366829083146
Ole Miss,Eastern Michigan,0.009396908403238166
Ole Miss,Florida,0.014457109188023858
Ole Miss,Florida Atlantic,0.01101368590687573
Ole Miss,Florida International,0.019468103645750145
Ole Miss,Florida State,0.013956013856794108
Ole Miss,Fresno State,0.023975194483572347
Ole Miss,Georgia,0.01261039402217652
Ole Miss,Georgia Southern,0.03094543436726889
Ole Miss,Georgia State,0.007801881582576018
Ole Miss,Georgia Tech,0.0069755819561115266
Ole Miss,Hawai'i,0.009122667026646582
Ole Miss,Houston,0.011826228850107355
Ole Miss,Illinois,0.018910312200686397
Ole Miss,Indiana,0.010500941697615479
Ole Miss,Iowa,0.01822237595860124
Ole Miss,Iowa State,0.012951443853942056
Ole Miss,Jacksonville State,0.015716805767379317
Ole Miss,James Madison,0.016693506934587155
Ole Miss,Kansas,0.02034571696683292
Ole Miss,Kansas State,0.016981228460956083
Ole Miss,Kennesaw State,0.01286476264596534
Ole Miss,Kent State,0.007554251946048775
Ole Miss,Kentucky,0.008533021532714666
Ole Miss,LSU,0.023053545284834637
Ole Miss,Liberty,0.012095067323628046
Ole Miss,Louisiana,0.018686799207981254
Ole Miss,Louisiana Tech,0.02452021961040983
Ole Miss,Louisville,0.013579178073611493
Ole Miss,Marshall,0.01183244529758542
Ole Miss,Maryland,0.017034000727732364
Ole Miss,Massachusetts,0.02430863570085931
Ole Miss,Memphis,0.017450715369324996
Ole Miss,Miami,0.012025527953980921
Ole Miss,Miami (OH),0.017218349826565085
Ole Miss,Michigan,0.007189041280078251
Ole Miss,Michigan State,0.014515586581091353
Ole Miss,Middle Tennessee,0.01713189710640919
Ole Miss,Minnesota,0.013489634691675073
Ole Miss,Mississippi State,0.015835041279719724
Ole Miss,Missouri,0.01562505773191223
Ole Miss,Missouri State,0.02025051399493246
Ole Miss,NC State,0.017848998009412406
Ole Miss,Navy,0.01911242252015581
Ole Miss,Nebraska,0.007247672465051908
Ole Miss,Nevada,0.017526106899502798
Ole Miss,New Mexico,0.009608268940572045
Ole Miss,New Mexico State,0.009514855665643068
Ole Miss,North Carolina,0.017911552831789992
Ole Miss,North Dakota State,0.010240370575760627
Ole Miss,North Texas,0.03729328028860757
Ole Miss,Northern Illinois,0.006851194857871943
Ole Miss,Northwestern,0.00902891476190765
Ole Miss,Notre Dame,0.017375751488866435
Ole Miss,Ohio,0.016110465523705292
Ole Miss,Ohio State,0.011970772731711403
Ole Miss,Oklahoma,0.017618936219030896
Ole Miss,Oklahoma State,0.013475150127578793
Ole Miss,Old Dominion,0.023470108459414038
Ole Miss,Oregon,0.011079536520073936
Ole Miss,Oregon State,0.016792691082877037
Ole Miss,Penn State,0.011220498914737368
Ole Miss,Pittsburgh,0.021403554738838235
Ole Miss,Purdue,0.014962784240882654
Ole Miss,Rice,0.013971267259489616
Ole Miss,Rutgers,0.014900869078611642
Ole Miss,SMU,0.01750074888941485
Ole Miss,Sacramento State,0.0214893338291989
Ole Miss,Sam Houston,0.009524995892371123
Ole Miss,San Diego State,0.006702600963791576
Ole Miss,San José State,0.010053392746045766
Ole Miss,South Alabama,0.015253677719147308
Ole Miss,South Carolina,0.016004642957793535
Ole Miss,South Florida,0.012786564052368018
Ole Miss,Southern Miss,0.03223882684735267
Ole Miss,Stanford,0.013346090010231244
Ole Miss,Syracuse,0.010535567504344241
Ole Miss,TCU,0.012958280998294366
Ole Miss,Temple,0.02547285458814702
Ole Miss,Tennessee,0.013840573757247884
Ole Miss,Texas,0.017345600774746568
Ole Miss,Texas A&M,0.022023934516418965
Ole Miss,Texas State,0.013950934832958874
Ole Miss,Texas Tech,0.013288863765588955
Ole Miss,Toledo,0.02560688904190002
Ole Miss,Troy,0.008461097004824187
Ole Miss,Tulane,0.012068515301218984
Ole Miss,Tulsa,0.02791860688810608
Ole Miss,UAB,0.011573125162216277
Ole Miss,UCF,0.02754766136080229
Ole Miss,UCLA,0.013271631652338764
Ole Miss,UConn,0.021092510915220006
Ole Miss,UL Monroe,0.02032649805552445
Ole Miss,UNLV,0.009399563933861148
Ole Miss,USC,0.01816604891673956
Ole Miss,UTEP,0.010319373977864296
Ole Miss,UTSA,0.01196367832586136
Ole Miss,Utah,0.010456878270321207
Ole Miss,Utah State,0.0209801050788425
Ole Miss,Vanderbilt,0.006272996141424956
Ole Miss,Virginia,0.014939464414015727
Ole Miss,Virginia Tech,0.02074652853591174
Ole Miss,Wake Forest,0.009963432608290974
Ole Miss,Washington,0.02110286160061172
Ole Miss,Washington State,0.0271855497361009
Ole Miss,West Virginia,0.01628513751255493
Ole Miss,Western Kentucky,0.01110508420433521
Ole Miss,Western Michigan,0.019212163153312884
Ole Miss,Wisconsin,0.013631291305172849
Ole Miss,Wyoming,0.009735464131440101
Oregon,Air Force,0.010133495766481867
Oregon,Akron,0.030475578748223375
Oregon,Alabama,0.023217435667333093
Oregon,App State,0.013312622549410097
Oregon,Arizona,0.008755208998019732
Oregon,Arizona State,0.01544820706269625
Oregon,Arkansas,0.007880084695975887
Oregon,Arkansas State,0.005802703329289279
Oregon,Army,0.007824776813627763
Oregon,Auburn,0.0286545365139759
Oregon,BYU,0.014190269490660021
Oregon,Ball State,0.019444450183680524
Oregon,Baylor,0.018509654268459592
Oregon,Boise State,0.017732549505556902
Oregon,Boston College,0.019542798298185372
Oregon,Bowling Green,0.015237823647190401
Oregon,Buffalo,0.027630916222849234
Oregon,California,0.016210047378690872
Oregon,Central Michigan,0.011893254233086438
Oregon,Charlotte,0.021573159190382794
Oregon,Cincinnati,0.010934045552445332
Oregon,Clemson,0.013176129565510352
Oregon,Coastal Carolina,0.014662860784512344
Oregon,Colorado,0.023491960595052545
Oregon,Colorado State,0.012197618410349088
Oregon,Delaware,0.023590779717161663
Oregon,Duke,0.021915297603506065
Oregon,East Carolina,0.01834333716426655
Oregon,Eastern Michigan,0.011846577276673256
Oregon,Florida,0.010392107933254326
Oregon,Florida Atlantic,0.013026020870063479
Oregon,Florida International,0.021917772519185235
Oregon,Florida State,0.011180158511737124
Oregon,Fresno State,0.026424863357007437
Oregon,Georgia,0.01506006289561161
Oregon,Georgia Southern,0.03339510324070398
Oregon,Georgia State,0.012579119131938548
Oregon,Georgia Tech,0.009425250829546617
Oregon,Hawai'i,0.007985329459411022
Oregon,Houston,0.014275897723542446
Oregon,Illinois,0.009851391446573385
Oregon,Indiana,0.009002813025580049
Oregon,Iowa,0.02067204483203633
Oregon,Iowa State,0.015401112727377146
Oregon,Jacksonville State,0.00934771547290422
Oregon,James Madison,0.019143175808022245
Oregon,Kansas,0.02279538584026801
Oregon,Kansas State,0.018329473855851208
Oregon,Kennesaw State,0.015171813483869047
Oregon,Kent State,0.017816723228264872
Oregon,Kentucky,0.012771848757770833
Oregon,LSU,0.025503214158269727
Oregon,Liberty,0.01405165132164872
Oregon,Louisiana,0.021136468081416344
Oregon,Louisiana Tech,0.02696988848384492
Oregon,Louisville,0.016028846947046583
Oregon,Marshall,0.01428211417102051
Oregon,Maryland,0.019483669601167455
Oregon,Massachusetts,0.0267583045742944
Oregon,Memphis,0.01668436993558558
Oregon,Miami,0.014475196827416012
Oregon,Miami (OH),0.019668018700000175
Oregon,Michigan,0.011532238889697788
Oregon,Michigan State,0.008120808609024312
Oregon,Middle Tennessee,0.01958156597984428
Oregon,Minnesota,0.008522370754802817
Oregon,Mississippi State,0.018284710153154814
Oregon,Missouri,0.01807472660534732
Oregon,Missouri State,0.02270018286836755
Oregon,NC State,0.020298666882847496
Oregon,Navy,0.012627102442997218
Oregon,Nebraska,0.013392704993012837
Oregon,Nevada,0.01997577577293789
Oregon,New Mexico,0.015425674330561353
Oregon,New Mexico State,0.012396186988460595
Oregon,North Carolina,0.020361221705225082
Oregon,North Dakota State,0.021431018758913206
Oregon,North Texas,0.039742949162042664
Oregon,Northern Illinois,0.014917349869055564
Oregon,Northwestern,0.009588801707315507
Oregon,Notre Dame,0.019825420362301525
Oregon,Ohio,0.012960940359594253
Oregon,Ohio State,0.012027137854286956
Oregon,Oklahoma,0.020068605092465986
Oregon,Oklahoma State,0.016088435812332182
Oregon,Old Dominion,0.025919777332849128
Oregon,Ole Miss,0.00945297559529223
Oregon,Oregon State,0.019242359956312127
Oregon,Penn State,0.01118650987639778
Oregon,Pittsburgh,0.023853223612273326
Oregon,Purdue,0.017412453114317744
Oregon,Rice,0.016420936132924707
Oregon,Rutgers,0.006812019648649283
Oregon,SMU,0.01995041776284994
Oregon,Sacramento State,0.02393900270263399
Oregon,Sam Houston,0.015747232248578696
Oregon,San Diego State,0.00912220054019783
Oregon,San José State,0.014388830656231168
Oregon,South Alabama,0.01587199478410336
Oregon,South Carolina,0.018454311831228625
Oregon,South Florida,0.015236232925803108
Oregon,Southern Miss,0.03468849572078776
Oregon,Stanford,0.015795758883666335
Oregon,Syracuse,0.01508360055916055
Oregon,TCU,0.015407949871729457
Oregon,Temple,0.02792252346158211
Oregon,Tennessee,0.012081441474561984
Oregon,Texas,0.01979526964818166
Oregon,Texas A&M,0.024473603389854055
Oregon,Texas State,0.016400603706393964
Oregon,Texas Tech,0.013498056082541213
Oregon,Toledo,0.02805655791533511
Oregon,Troy,0.010910765878259277
Oregon,Tulane,0.013151113894545974
Oregon,Tulsa,0.03036827576154117
Oregon,UAB,0.013820032015666265
Oregon,UCF,0.02999733023423738
Oregon,UCLA,0.015721300525773856
Oregon,UConn,0.023542179788655096
Oregon,UL Monroe,0.007383254233692201
Oregon,UNLV,0.011532972233846715
Oregon,USC,0.02061571779017465
Oregon,UTEP,0.012724138685448524
Oregon,UTSA,0.009075435590212119
Oregon,Utah,0.008748719217261874
Oregon,Utah State,0.02342977395227759
Oregon,Vanderbilt,0.010292430784840895
Oregon,Virginia,0.017389133287450818
Oregon,Virginia Tech,0.02319619740934683
Oregon,Wake Forest,0.010134648012806315
Oregon,Washington,0.02355253047404681
Oregon,Washington State,0.02963521860953599
Oregon,West Virginia,0.016005741303723058
Oregon,Western Kentucky,0.004613060272923752
Oregon,Western Michigan,0.021661832026747974
Oregon,Wisconsin,0.012912920752285006
Oregon,Wyoming,0.008113398241061385
Oregon State,Air Force,0.023748263293993856
Oregon State,Akron,0.026822574051752403
Oregon State,Alabama,0.019553877309284276
Oregon State,App State,0.019275700999338025
Oregon State,Arizona,0.026232521274811165
Oregon State,Arizona State,0.018613852336580573
Oregon State,Arkansas,0.024708238852772235
Oregon State,Arkansas State,0.027401415533935363
Oregon State,Army,0.02476354673512036
Oregon State,Auburn,0.02631002798913014
Oregon State,BYU,0.026757989710195582
Oregon State,Ball State,0.01990737382435824
Oregon State,Baylor,0.02116192716806093
Oregon State,Boise State,0.02858637335528278
Oregon State,Boston College,0.02301135308058818
Oregon State,Bowling Green,0.023943816914017098
Oregon State,Buffalo,0.020115838647921283
Oregon State,California,0.018370163556987174
Oregon State,Central Michigan,0.020695069315661684
Oregon State,Charlotte,0.026798215527955548
Oregon State,Cincinnati,0.02165427799630279
Oregon State,Clemson,0.02398295911452008
Oregon State,Coastal Carolina,0.023395634335247713
Oregon State,Colorado,0.025588779326786982
Oregon State,Colorado State,0.020390705138399034
Oregon State,Delaware,0.020371945548585364
Oregon State,Duke,0.0241291360119937
Oregon State,East Carolina,0.030116463172191386
Oregon State,Eastern Michigan,0.022757813309615224
Oregon State,Florida,0.022196215615493797
Oregon State,Florida Atlantic,0.019562302678684643
Oregon State,Florida International,0.021958173524703563
Oregon State,Florida State,0.030719535901552825
Oregon State,Fresno State,0.03057277694163707
Oregon State,Georgia,0.02506375521258696
Oregon State,Georgia Southern,0.023411293443805572
Oregon State,Georgia State,0.020009204416809576
Oregon State,Georgia Tech,0.023229137841195985
Oregon State,Hawai'i,0.0246029940893371
Oregon State,Houston,0.02415679087769878
Oregon State,Illinois,0.024312608426610746
Oregon State,Indiana,0.023585510523168075
Oregon State,Iowa,0.02398424036248396
Oregon State,Iowa State,0.019804604096685868
Oregon State,Jacksonville State,0.023240608075843903
Oregon State,James Madison,0.025427365122963348
Oregon State,Kansas,0.026802997410072114
Oregon State,Kansas State,0.02038110349336248
Oregon State,Kennesaw State,0.02471741992843102
Oregon State,Kent State,0.019392302125652773
Oregon State,Kentucky,0.020371071712318663
Oregon State,LSU,0.015519404361371317
Oregon State,Liberty,0.023969692939229813
Oregon State,Louisiana,0.028929005351059224
Oregon State,Louisiana Tech,0.016986078686946512
Oregon State,Louisville,0.025022899839176747
Oregon State,Marshall,0.027862270741707187
Oregon State,Maryland,0.023838065743495538
Oregon State,Massachusetts,0.023721830582679262
Oregon State,Memphis,0.024984856292788314
Oregon State,Miami,0.021309234209030747
Oregon State,Miami (OH),0.023010501001267215
Oregon State,Michigan,0.021056084659050334
Oregon State,Michigan State,0.026127538897612906
Oregon State,Middle Tennessee,0.021941812808687802
Oregon State,Minnesota,0.025327684871279073
Oregon State,Mississippi State,0.021191292073753466
Oregon State,Missouri,0.02103109873013801
Oregon State,Missouri State,0.019018278392604032
Oregon State,NC State,0.024466759866178512
Oregon State,Navy,0.03587594456491453
Oregon State,Nebraska,0.019195618555735285
Oregon State,Nevada,0.020494689266279422
Oregon State,New Mexico,0.01716264921818677
Oregon State,New Mexico State,0.023002852953519042
Oregon State,North Carolina,0.01876171614580109
Oregon State,North Dakota State,0.019199866278009733
Oregon State,North Texas,0.029759139365144256
Oregon State,Northern Illinois,0.022150263371778476
Oregon State,Northwestern,0.022999521841432613
Oregon State,Notre Dame,0.020140131538488665
Oregon State,Ohio,0.03043944271473256
Oregon State,Ohio State,0.022272134490026796
Oregon State,Oklahoma,0.023537141105634665
Oregon State,Oklahoma State,0.024469034350649066
Oregon State,Old Dominion,0.026043630700872247
Oregon State,Ole Miss,0.02715212900143052
Oregon State,Oregon,0.022777985392515
Oregon State,Penn State,0.02205006098055297
Oregon State,Pittsburgh,0.024737803439480448
Oregon State,Purdue,0.024242844426477242
Oregon State,Rice,0.022427396980183138
Oregon State,Rutgers,0.02577630390009884
Oregon State,SMU,0.025736047904623048
Oregon State,Sacramento State,0.021519548917582846
Oregon State,Sam Houston,0.019448582089574167
Oregon State,San Diego State,0.023466123008550294
Oregon State,San José State,0.018199492892516954
Oregon State,South Alabama,0.02399001653639736
Oregon State,South Carolina,0.02745769149186126
Oregon State,South Florida,0.024027659034140076
Oregon State,Southern Miss,0.024704685923889358
Oregon State,Stanford,0.025178034347133286
Oregon State,Syracuse,0.01758112571838807
Oregon State,TCU,0.02607692048635466
Oregon State,Temple,0.020296834230325564
Oregon State,Tennessee,0.020506882074186137
Oregon State,Texas,0.030749679686362157
Oregon State,Texas A&M,0.02568642884397731
Oregon State,Texas State,0.025750832098740774
Oregon State,Texas Tech,0.030052385810347672
Oregon State,Toledo,0.021734854220768013
Oregon State,Troy,0.022115220503294963
Oregon State,Tulane,0.023742074406140977
Oregon State,Tulsa,0.02372164738499015
Oregon State,UAB,0.021286942537701976
Oregon State,UCF,0.02671995584525732
Oregon State,UCLA,0.020863935370885007
Oregon State,UConn,0.023049933068957133
Oregon State,UL Monroe,0.025205069315055922
Oregon State,UNLV,0.021055351314901407
Oregon State,USC,0.026870203148104954
Oregon State,UTEP,0.027082896022623013
Oregon State,UTSA,0.023809766696667282
Oregon State,Utah,0.024832636513561945
Oregon State,Utah State,0.02379738117445193
Oregon State,Vanderbilt,0.022295892763907227
Oregon State,Virginia,0.020866310329642535
Oregon State,Virginia Tech,0.022614611995871992
Oregon State,Wake Forest,0.02503988689756461
Oregon State,Washington,0.021333248358400444
Oregon State,Washington State,0.022424396559055947
Oregon State,West Virginia,0.028575854542994224
Oregon State,Western Kentucky,0.022943134383939207
Oregon State,Western Michigan,0.022184658992235453
Oregon State,Wisconsin,0.02546934148477685
Oregon State,Wyoming,0.026498986176198818
Penn State,Air Force,0.016980631436646364
Penn State,Akron,0.03732271441838787
Penn State,Alabama,0.03006457133749759
Penn State,App State,0.01206846704300802
Penn State,Arizona,0.016558629911827803
Penn State,Arizona State,0.022295342732860747
Penn State,Arkansas,0.015034347489788873
Penn State,Arkansas State,0.017727524170952
Penn State,Army,0.015089655372136997
Penn State,Auburn,0.035501672184140395
Penn State,BYU,0.02103740516082452
Penn State,Ball State,0.02629158585384502
Penn State,Baylor,0.02535678993862409
Penn State,Boise State,0.0245796851757214
Penn State,Boston College,0.02638993396834987
Penn State,Bowling Green,0.022084959317354897
Penn State,Buffalo,0.03447805189301373
Penn State,California,0.006704384807073887
Penn State,Central Michigan,0.017645311442703482
Penn State,Charlotte,0.028420294860547292
Penn State,Cincinnati,0.011980386633319427
Penn State,Clemson,0.02002326523567485
Penn State,Coastal Carolina,0.021007186842956375
Penn State,Colorado,0.030339096265217042
Penn State,Colorado State,0.011542209227682941
Penn State,Delaware,0.03043791538732616
Penn State,Duke,0.028762433273670562
Penn State,East Carolina,0.025190472834431047
Penn State,Eastern Michigan,0.018693712946837755
Penn State,Florida,0.017149911864461163
Penn State,Florida Atlantic,0.00988841131570128
Penn State,Florida International,0.028764908189349733
Penn State,Florida State,0.021045644538569462
Penn State,Fresno State,0.033271999027171935
Penn State,Georgia,0.02190719856577611
Penn State,Georgia Southern,0.04024223891086848
Penn State,Georgia State,0.014308193157680765
Penn State,Georgia Tech,0.016272386499711113
Penn State,Hawai'i,0.014929102726353737
Penn State,Houston,0.02112303339370694
Penn State,Illinois,0.014172000821938022
Penn State,Indiana,0.013911619160184711
Penn State,Iowa,0.027519180502200827
Penn State,Iowa State,0.022248248397541644
Penn State,Jacksonville State,0.015464094662551872
Penn State,James Madison,0.025990311478186742
Penn State,Kansas,0.029642521510432507
Penn State,Kansas State,0.025176609526015706
Penn State,Kennesaw State,0.022018949154033546
Penn State,Kent State,0.009420031594620586
Penn State,Kentucky,0.01345183831731604
Penn State,LSU,0.032350349828434224
Penn State,Liberty,0.020898786991813217
Penn State,Louisiana,0.027983603751580842
Penn State,Louisiana Tech,0.03381702415400942
Penn State,Louisville,0.02287598261721108
Penn State,Marshall,0.021129249841185006
Penn State,Maryland,0.026330805271331952
Penn State,Massachusetts,0.0336054402444589
Penn State,Memphis,0.009502691994938355
Penn State,Miami,0.02132233249758051
Penn State,Miami (OH),0.026515154370164672
Penn State,Michigan,0.01510695947753777
Penn State,Michigan State,0.016453647534629544
Penn State,Middle Tennessee,0.02642870165000878
Penn State,Minnesota,0.015187077266606348
Penn State,Mississippi State,0.025131845823319312
Penn State,Missouri,0.024921862275511818
Penn State,Missouri State,0.02954731853853205
Penn State,NC State,0.027145802553011994
Penn State,Navy,0.02620205320193117
Penn State,Nebraska,0.009521727192751923
Penn State,Nevada,0.026822911443102386
Penn State,New Mexico,0.018905073484171635
Penn State,New Mexico State,0.018811660209242655
Penn State,North Carolina,0.02720835737538958
Penn State,North Dakota State,0.019537175119360217
Penn State,North Texas,0.04659008483220716
Penn State,Northern Illinois,0.0138871003267674
Penn State,Northwestern,0.015837967212089205
Penn State,Notre Dame,0.026672556032466023
Penn State,Ohio,0.020765551351749196
Penn State,Ohio State,0.01887427352445145
Penn State,Oklahoma,0.026915740762630484
Penn State,Oklahoma State,0.02277195467117838
Penn State,Old Dominion,0.032766913003013626
Penn State,Ole Miss,0.0170115213967578
Penn State,Oregon,0.012637377787842276
Penn State,Oregon State,0.026089495626476625
Penn State,Pittsburgh,0.030700359282437823
Penn State,Purdue,0.02425958878448224
Penn State,Rice,0.023268071803089204
Penn State,Rutgers,0.016102412537115477
Penn State,SMU,0.02679755343301444
Penn State,Sacramento State,0.030786138372798488
Penn State,Sam Houston,0.015146027694740103
Penn State,San Diego State,0.01379223164556693
Penn State,San José State,0.019350197289645356
Penn State,South Alabama,0.022719130454267857
Penn State,South Carolina,0.025301447501393123
Penn State,South Florida,0.022083368595967604
Penn State,Southern Miss,0.04153563139095226
Penn State,Stanford,0.022642894553830832
Penn State,Syracuse,0.01983237204794383
Penn State,TCU,0.022255085541893954
Penn State,Temple,0.03476965913174661
Penn State,Tennessee,0.012863794381174758
Penn State,Texas,0.026642405318346156
Penn State,Texas A&M,0.03132073906001855
Penn State,Texas State,0.02324773937655846
Penn State,Texas Tech,0.02037849444736431
Penn State,Toledo,0.03490369358549961
Penn State,Troy,0.017757901548423775
Penn State,Tulane,0.019998249564710472
Penn State,Tulsa,0.03721541143170567
Penn State,UAB,0.020667167685830764
Penn State,UCF,0.03684446590440188
Penn State,UCLA,0.022568436195938353
Penn State,UConn,0.030389315458819594
Penn State,UL Monroe,0.01553117795207256
Penn State,UNLV,0.011381459951918044
Penn State,USC,0.027462853460339148
Penn State,UTEP,0.01957127435561302
Penn State,UTSA,0.015462601484138153
Penn State,Utah,0.015595854887426371
Penn State,Utah State,0.03027690962244209
Penn State,Vanderbilt,0.012622001400923864
Penn State,Virginia,0.024236268957615315
Penn State,Virginia Tech,0.030043333079511327
Penn State,Wake Forest,0.016981783682970812
Penn State,Washington,0.03039966614421131
Penn State,Washington State,0.03648235427970049
Penn State,West Virginia,0.022852876973887555
Penn State,Western Kentucky,0.012802526779266485
Penn State,Western Michigan,0.028508967696912472
Penn State,Wisconsin,0.015328733880104126
Penn State,Wyoming,0.016825094813215456
Pittsburgh,Air Force,0.015665445495687588
Pittsburgh,Akron,0.03529926938099873
Pittsburgh,Alabama,0.028041126300108445
Pittsburgh,App State,0.011192883201031758
Pittsburgh,Arizona,0.018149703476504898
Pittsburgh,Arizona State,0.020271897695471598
Pittsburgh,Arkansas,0.016625421054465968
Pittsburgh,Arkansas State,0.019318597735629096
Pittsburgh,Army,0.016680728936814094
Pittsburgh,Auburn,0.03347822714675125
Pittsburgh,BYU,0.01901396012343537
Pittsburgh,Ball State,0.024268140816455872
Pittsburgh,Baylor,0.02333334490123494
Pittsburgh,Boise State,0.02255624013833225
Pittsburgh,Boston College,0.02436648893096072
Pittsburgh,Bowling Green,0.020061514279965748
Pittsburgh,Buffalo,0.03245460685562458
Pittsburgh,California,0.008295458371750983
Pittsburgh,Central Michigan,0.015621866405314332
Pittsburgh,Charlotte,0.026396849823158146
Pittsburgh,Cincinnati,0.013571460197996522
Pittsburgh,Clemson,0.0179998201982857
Pittsburgh,Coastal Carolina,0.018983741805567226
Pittsburgh,Colorado,0.028315651227827893
Pittsburgh,Colorado State,0.015863512763642715
Pittsburgh,Delaware,0.02841447034993701
Pittsburgh,Duke,0.02673898823628141
Pittsburgh,East Carolina,0.023167027797041898
Pittsburgh,Eastern Michigan,0.016670267909448606
Pittsburgh,Florida,0.015126466827072013
Pittsburgh,Florida Atlantic,0.011479484880378376
Pittsburgh,Florida International,0.026741463151960583
Pittsburgh,Florida State,0.022636718103246557
Pittsburgh,Fresno State,0.03124855398978279
Pittsburgh,Georgia,0.01988375352838696
Pittsburgh,Georgia Southern,0.03821879387347933
Pittsburgh,Georgia State,0.012284748120291615
Pittsburgh,Georgia Tech,0.015146320042889716
Pittsburgh,Hawai'i,0.016520176291030832
Pittsburgh,Houston,0.019099588356317795
Pittsburgh,Illinois,0.016050838747042565
Pittsburgh,Indiana,0.015502692724861806
Pittsburgh,Iowa,0.025495735464811674
Pittsburgh,Iowa State,0.020224803360152494
Pittsburgh,Jacksonville State,0.015157790277537634
Pittsburgh,James Madison,0.023966866440797593
Pittsburgh,Kansas,0.027619076473043357
Pittsburgh,Kansas State,0.023153164488626556
Pittsburgh,Kennesaw State,0.019995504116644396
Pittsburgh,Kent State,0.0073965865572314365
Pittsburgh,Kentucky,0.011733656992671022
Pittsburgh,LSU,0.03032690479104507
Pittsburgh,Liberty,0.018875341954424068
Pittsburgh,Louisiana,0.025960158714191692
Pittsburgh,Louisiana Tech,0.03179357911662027
Pittsburgh,Louisville,0.02085253757982193
Pittsburgh,Marshall,0.01977945294340092
Pittsburgh,Maryland,0.024307360233942803
Pittsburgh,Massachusetts,0.031581995207069745
Pittsburgh,Memphis,0.010500932714434103
Pittsburgh,Miami,0.019298887460191358
Pittsburgh,Miami (OH),0.024491709332775523
Pittsburgh,Michigan,0.01308351444014862
Pittsburgh,Michigan State,0.01804472109930664
Pittsburgh,Middle Tennessee,0.02440525661261963
Pittsburgh,Minnesota,0.015983134995639036
Pittsburgh,Mississippi State,0.023108400785930162
Pittsburgh,Missouri,0.022898417238122668
Pittsburgh,Missouri State,0.027523873501142895
Pittsburgh,NC State,0.025122357515622848
Pittsburgh,Navy,0.027793126766608264
Pittsburgh,Nebraska,0.011112800757429018
Pittsburgh,Nevada,0.024799466405713233
Pittsburgh,New Mexico,0.016881628446782485
Pittsburgh,New Mexico State,0.016788215171853506
Pittsburgh,North Carolina,0.02518491233800043
Pittsburgh,North Dakota State,0.017513730081971067
Pittsburgh,North Texas,0.04456663979481801
Pittsburgh,Northern Illinois,0.014067445573472207
Pittsburgh,Northwestern,0.014916704043126347
Pittsburgh,Notre Dame,0.024649110995076873
Pittsburgh,Ohio,0.02235662491642629
Pittsburgh,Ohio State,0.016850828487062302
Pittsburgh,Oklahoma,0.024892295725241334
Pittsburgh,Oklahoma State,0.02074850963378923
Pittsburgh,Old Dominion,0.030743467965624473
Pittsburgh,Ole Miss,0.015052530155149626
Pittsburgh,Oregon,0.008220063066430102
Pittsburgh,Oregon State,0.024066050589087472
Pittsburgh,Penn State,0.01601020050917313
Pittsburgh,Purdue,0.022236143747093092
Pittsburgh,Rice,0.021244626765700055
Pittsburgh,Rutgers,0.017693486101792572
Pittsburgh,SMU,0.024774108395625286
Pittsburgh,Sacramento State,0.028762693335409338
Pittsburgh,Sam Houston,0.013122582657350954
Pittsburgh,San Diego State,0.015383305210244025
Pittsburgh,San José State,0.017326752252256203
Pittsburgh,South Alabama,0.02069568541687871
Pittsburgh,South Carolina,0.023278002464003973
Pittsburgh,South Florida,0.020059923558578455
Pittsburgh,Southern Miss,0.039512186353563114
Pittsburgh,Stanford,0.020619449516441683
Pittsburgh,Syracuse,0.01780892701055468
Pittsburgh,TCU,0.020231640504504805
Pittsburgh,Temple,0.03274621409435746
Pittsburgh,Tennessee,0.012424064275879871
Pittsburgh,Texas,0.02461896028095701
Pittsburgh,Texas A&M,0.029297294022629407
Pittsburgh,Texas State,0.021224294339169312
Pittsburgh,Texas Tech,0.021969568012041404
Pittsburgh,Toledo,0.03288024854811046
Pittsburgh,Troy,0.015734456511034625
Pittsburgh,Tulane,0.017974804527321323
Pittsburgh,Tulsa,0.035191966394316515
Pittsburgh,UAB,0.018643722648441614
Pittsburgh,UCF,0.03482102086701273
Pittsburgh,UCLA,0.0205449911585492
Pittsburgh,UConn,0.02836587042143044
Pittsburgh,UL Monroe,0.01746702460188062
Pittsburgh,UNLV,0.01297253351659514
Pittsburgh,USC,0.025439408422949998
Pittsburgh,UTEP,0.019000078224316746
Pittsburgh,UTSA,0.015726948898361015
Pittsburgh,Utah,0.016749818715255677
Pittsburgh,Utah State,0.028253464585052943
Pittsburgh,Vanderbilt,0.01421307496560096
Pittsburgh,Virginia,0.022212823920226166
Pittsburgh,Virginia Tech,0.028019888042122174
Pittsburgh,Wake Forest,0.016957069099258343
Pittsburgh,Washington,0.02837622110682216
Pittsburgh,Washington State,0.034458909242311334
Pittsburgh,West Virginia,0.020829431936498402
Pittsburgh,Western Kentucky,0.00586229156717454
Pittsburgh,Western Michigan,0.026485522659523322
Pittsburgh,Wisconsin,0.011592584998156848
Pittsburgh,Wyoming,0.01841616837789255
Purdue,Air Force,0.020631650151889534
Purdue,Akron,0.019280267882076187
Purdue,Alabama,0.021537700107163986
Purdue,App State,0.011733394829661811
Purdue,Arizona,0.018690215105134952
Purdue,Arizona State,0.013430555485733044
Purdue,Arkansas,0.017659688816040853
Purdue,Arkansas State,0.019859109364259147
Purdue,Army,0.017641518002844365
Purdue,Auburn,0.018767721819453922
Purdue,BYU,0.01921568354051937
Purdue,Ball State,0.017553289053490514
Purdue,Baylor,0.02135648128900536
Purdue,Boise State,0.021044067185606564
Purdue,Boston College,0.015484678684846822
Purdue,Bowling Green,0.018938901152592086
Purdue,Buffalo,0.026695924244257707
Purdue,California,0.020508488291321784
Purdue,Central Michigan,0.01853523989022853
Purdue,Charlotte,0.01925590935827933
Purdue,Cincinnati,0.01634165340901225
Purdue,Clemson,0.016440652944843866
Purdue,Coastal Carolina,0.02819860549730782
Purdue,Colorado,0.01944168863801326
Purdue,Colorado State,0.01284839896872282
Purdue,Delaware,0.012829639378909147
Purdue,Duke,0.019124220250568688
Purdue,East Carolina,0.022574157002515173
Purdue,Eastern Michigan,0.021993160395847484
Purdue,Florida,0.014653909445817582
Purdue,Florida Atlantic,0.016349476449044234
Purdue,Florida International,0.027615372178453716
Purdue,Florida State,0.02317722973187661
Purdue,Fresno State,0.023030470771960857
Purdue,Georgia,0.017521449042910742
Purdue,Georgia Southern,0.02127296870947096
Purdue,Georgia State,0.019496223432082585
Purdue,Georgia Tech,0.020496072965819047
Purdue,Hawai'i,0.01817543798801202
Purdue,Houston,0.016614484708022563
Purdue,Illinois,0.019307692665185734
Purdue,Indiana,0.01679716331704312
Purdue,Iowa,0.01999119478381713
Purdue,Iowa State,0.025406171442339025
Purdue,Jacksonville State,0.015698301906167687
Purdue,James Madison,0.01876896492430824
Purdue,Kansas,0.025110333322091095
Purdue,Kansas State,0.012838797323686266
Purdue,Kennesaw State,0.017175113758754804
Purdue,Kent State,0.014387386364227761
Purdue,Kentucky,0.019421169171527534
Purdue,LSU,0.013381079627036708
Purdue,Liberty,0.0164273867695536
Purdue,Louisiana,0.02138669918138301
Purdue,Louisiana Tech,0.0193500154795651
Purdue,Louisville,0.020017984077751735
Purdue,Marshall,0.020319964572030974
Purdue,Maryland,0.016992852673339207
Purdue,Massachusetts,0.021814674830780593
Purdue,Memphis,0.027123181027122925
Purdue,Miami,0.01513520355011998
Purdue,Miami (OH),0.015468194831591
Purdue,Michigan,0.02010906373458035
Purdue,Michigan State,0.018585232727936694
Purdue,Middle Tennessee,0.01693689704726279
Purdue,Minnesota,0.02032276910985406
Purdue,Mississippi State,0.01364898590407725
Purdue,Missouri,0.01727322811817792
Purdue,Missouri State,0.017252379387207015
Purdue,NC State,0.0194618441047535
Purdue,Navy,0.028333638395238316
Purdue,Nebraska,0.021272276081253098
Purdue,Nevada,0.01550588013821691
Purdue,New Mexico,0.010589626094782739
Purdue,New Mexico State,0.025931931701256072
Purdue,North Carolina,0.02004343593562894
Purdue,North Dakota State,0.034966763471708684
Purdue,North Texas,0.027620814630809645
Purdue,Northern Illinois,0.02044691015678666
Purdue,Northwestern,0.018269190252750953
Purdue,Notre Dame,0.01825102500193756
Purdue,Ohio,0.022897136545056346
Purdue,Ohio State,0.0153273322829472
Purdue,Oklahoma,0.01599483493595845
Purdue,Oklahoma State,0.022000072974770843
Purdue,Old Dominion,0.01850132453119603
Purdue,Ole Miss,0.022147213240005507
Purdue,Oregon,0.019159980528600146
Purdue,Oregon State,0.028990534600945608
Purdue,Penn State,0.016077606099921236
Purdue,Pittsburgh,0.017195497269804235
Purdue,Rice,0.014885090810506924
Purdue,Rutgers,0.01906723397175793
Purdue,SMU,0.018193741734946835
Purdue,Sacramento State,0.01905649511174171
Purdue,Sam Houston,0.017773109122287477
Purdue,San Diego State,0.015923816838874078
Purdue,San José State,0.019603913885711984
Purdue,South Alabama,0.016447710366721147
Purdue,South Carolina,0.019915385322185043
Purdue,South Florida,0.021819730482001677
Purdue,Southern Miss,0.022566361189554747
Purdue,Stanford,0.017635728177457073
Purdue,Syracuse,0.012576209956963057
Purdue,TCU,0.018534614316678445
Purdue,Temple,0.016302986572423312
Purdue,Tennessee,0.013457531257410718
Purdue,Texas,0.02320737351668594
Purdue,Texas A&M,0.018144122674301093
Purdue,Texas State,0.021249833913351647
Purdue,Texas Tech,0.02251007964067146
Purdue,Toledo,0.016729938459343
Purdue,Troy,0.022022163161247478
Purdue,Tulane,0.016199768236464764
Purdue,Tulsa,0.01824614123030815
Purdue,UAB,0.015724979852442325
Purdue,UCF,0.021317707009953096
Purdue,UCLA,0.021255406137642124
Purdue,UConn,0.015507626899280919
Purdue,UL Monroe,0.017662763145379706
Purdue,UNLV,0.017898541080797456
Purdue,USC,0.01932789697842874
Purdue,UTEP,0.0195405898529468
Purdue,UTSA,0.01626746052699107
Purdue,Utah,0.01729033034388573
Purdue,Utah State,0.02298963559889958
Purdue,Vanderbilt,0.021025108873233646
Purdue,Virginia,0.01332400415996632
Purdue,Virginia Tech,0.015072305826195778
Purdue,Wake Forest,0.017497580727888394
Purdue,Washington,0.014258272958579342
Purdue,Washington State,0.01751308407830297
Purdue,West Virginia,0.021033548373318008
Purdue,Western Kentucky,0.017938218622514195
Purdue,Western Michigan,0.014642352822559237
Purdue,Wisconsin,0.020464425723351838
Purdue,Wyoming,0.02164914295385686
Rice,Air Force,0.011109827007517399
Rice,Akron,0.020026248795719133
Rice,Alabama,0.01276810571482885
Rice,App State,0.0064421985171938725
Rice,Arizona,0.010660536584617204
Rice,Arizona State,0.0049988771101920045
Rice,Arkansas,0.007306810701005176
Rice,Arkansas State,0.008439854860764054
Rice,Army,0.00580198606194905
Rice,Auburn,0.01820520656147166
Rice,BYU,0.01117486199818015
Rice,Ball State,0.00899512023117628
Rice,Baylor,0.010577823808668257
Rice,Boise State,0.009624812682111471
Rice,Boston College,0.009093468345681128
Rice,Bowling Green,0.004788493694686157
Rice,Buffalo,0.01718158627034499
Rice,California,0.018835683712593008
Rice,Central Michigan,0.006022990559030538
Rice,Charlotte,0.013108555923499746
Rice,Cincinnati,0.014668848830283476
Rice,Clemson,0.012980674346186515
Rice,Coastal Carolina,0.01568635616610983
Rice,Colorado,0.0130426306425483
Rice,Colorado State,0.005866146142884095
Rice,Delaware,0.013141449764657418
Rice,Duke,0.011465967651001819
Rice,East Carolina,0.011154902499020077
Rice,Eastern Michigan,0.009480911064649496
Rice,Florida,0.006799607168082081
Rice,Florida Atlantic,0.014676671870315459
Rice,Florida International,0.015103122847255727
Rice,Florida State,0.011757975228381515
Rice,Fresno State,0.015975533404503195
Rice,Georgia,0.006102194539415648
Rice,Georgia Southern,0.022945773288199738
Rice,Georgia State,0.0069839741008845945
Rice,Georgia Tech,0.00819177073051006
Rice,Hawai'i,0.008226206816772509
Rice,Houston,0.005195230204527468
Rice,Illinois,0.005555950072097817
Rice,Indiana,0.004623949849996765
Rice,Iowa,0.010222714879532083
Rice,Iowa State,0.012893922111141033
Rice,Jacksonville State,0.00857052722577339
Rice,James Madison,0.008693845855518
Rice,Kansas,0.012598083990893103
Rice,Kansas State,0.009608017427933303
Rice,Kennesaw State,0.007106076854495359
Rice,Kent State,0.007876434028048156
Rice,Kentucky,0.006908919840329545
Rice,LSU,0.015053884205765481
Rice,Liberty,0.0059979681966296815
Rice,Louisiana,0.0106871381289121
Rice,Louisiana Tech,0.016520558531340677
Rice,Louisville,0.006942302832358116
Rice,Marshall,0.008900710068535878
Rice,Maryland,0.00903433964866321
Rice,Massachusetts,0.016308974621790154
Rice,Memphis,0.02545037644839415
Rice,Miami,0.0040258668749117675
Rice,Miami (OH),0.00921868874749593
Rice,Michigan,0.012168451334186354
Rice,Michigan State,0.007197030303321684
Rice,Middle Tennessee,0.009132236027340037
Rice,Minnesota,0.0069405475825927015
Rice,Mississippi State,0.00783538020065057
Rice,Missouri,0.008970310160141928
Rice,Missouri State,0.012250852915863305
Rice,NC State,0.009849336930343254
Rice,Navy,0.01691438389174322
Rice,Nebraska,0.00938574396774022
Rice,Nevada,0.009526445820433643
Rice,New Mexico,0.007189362963497812
Rice,New Mexico State,0.01341968237005808
Rice,North Carolina,0.009911891752720838
Rice,North Dakota State,0.022454514140510695
Rice,North Texas,0.02929361920953842
Rice,Northern Illinois,0.016822677455653037
Rice,Northwestern,0.005756940921552963
Rice,Notre Dame,0.009376090409797281
Rice,Ohio,0.01147788204156125
Rice,Ohio State,0.007261632387619515
Rice,Oklahoma,0.009619275139961742
Rice,Oklahoma State,0.009487823643572854
Rice,Old Dominion,0.015470447380344882
Rice,Ole Miss,0.009527591733181781
Rice,Oregon,0.01748717594987137
Rice,Oregon State,0.01647828526974762
Rice,Penn State,0.006947559161523879
Rice,Pittsburgh,0.013403893659769081
Rice,Purdue,0.006963123161813499
Rice,Rutgers,0.009130709745484874
Rice,SMU,0.010783757207899546
Rice,Sacramento State,0.013489672750129746
Rice,Sam Houston,0.01765255983517617
Rice,San Diego State,0.009247323958685385
Rice,San José State,0.007091664554513996
Rice,South Alabama,0.005422664831599117
Rice,South Carolina,0.00849613081868995
Rice,South Florida,0.009307481150803687
Rice,Southern Miss,0.024239165768283524
Rice,Stanford,0.0062164736739619775
Rice,Syracuse,0.005202779101317493
Rice,TCU,0.007115359813183352
Rice,Temple,0.017473193509077868
Rice,Tennessee,0.011481554729883017
Rice,Texas,0.011788119013190846
Rice,Texas A&M,0.015706561997052133
Rice,Texas State,0.008737584582153655
Rice,Texas Tech,0.011090825137176363
Rice,Toledo,0.017607227962830867
Rice,Troy,0.00950991383004949
Rice,Tulane,0.00524393544521235
Rice,Tulsa,0.019918945809036928
Rice,UAB,0.003370702063162021
Rice,UCF,0.019548000281733136
Rice,UCLA,0.008743156806444134
Rice,UConn,0.01309284983615085
Rice,UL Monroe,0.015100611952038103
Rice,UNLV,0.007435490407978401
Rice,USC,0.010166387837670406
Rice,UTEP,0.008121335349451704
Rice,UTSA,0.01098076317680959
Rice,Utah,0.010080787959350159
Rice,Utah State,0.012980443999773349
Rice,Vanderbilt,0.011534656357082337
Rice,Virginia,0.0069398033349465735
Rice,Virginia Tech,0.012746867456842583
Rice,Wake Forest,0.006078326224393301
Rice,Washington,0.013103200521542567
Rice,Washington State,0.019185888657031747
Rice,West Virginia,0.009614293869822913
Rice,Western Kentucky,0.015062390225427996
Rice,Western Michigan,0.01121250207424373
Rice,Wisconsin,0.006946335146625701
Rice,Wyoming,0.009136893622658872
Rutgers,Air Force,0.020821118030319313
Rutgers,Akron,0.04116320101206082
Rutgers,Alabama,0.03390505793117054
Rutgers,App State,0.01590895363668097
Rutgers,Arizona,0.015101807693037723
Rutgers,Arizona State,0.026135829326533695
Rutgers,Arkansas,0.013830141515336514
Rutgers,Arkansas State,0.016490325593126725
Rutgers,Army,0.01660576890896923
Rutgers,Auburn,0.039342158777813344
Rutgers,BYU,0.024877891754497467
Rutgers,Ball State,0.03013207244751797
Rutgers,Baylor,0.029197276532297037
Rutgers,Boise State,0.028420171769394348
Rutgers,Boston College,0.030230420562022818
Rutgers,Bowling Green,0.025925445911027845
Rutgers,Buffalo,0.038318538486686676
Rutgers,California,0.009157547479072384
Rutgers,Central Michigan,0.02148579803637643
Rutgers,Charlotte,0.03226078145422024
Rutgers,Cincinnati,0.009565533981294042
Rutgers,Clemson,0.023863751829347798
Rutgers,Coastal Carolina,0.024847673436629324
Rutgers,Colorado,0.03417958285888999
Rutgers,Colorado State,0.017038793119512397
Rutgers,Delaware,0.03427840198099911
Rutgers,Duke,0.03260291986734351
Rutgers,East Carolina,0.029030959428103995
Rutgers,Eastern Michigan,0.022534199540510703
Rutgers,Florida,0.02099039845813411
Rutgers,Florida Atlantic,0.009329492809101577
Rutgers,Florida International,0.032605394783022684
Rutgers,Florida State,0.02186778077557457
Rutgers,Fresno State,0.03711248562084488
Rutgers,Georgia,0.025747685159449057
Rutgers,Georgia Southern,0.044082725504541426
Rutgers,Georgia State,0.018148679751353713
Rutgers,Georgia Tech,0.02011287309338406
Rutgers,Hawai'i,0.017633819641220145
Rutgers,Houston,0.02496351998737989
Rutgers,Illinois,0.017226119102912246
Rutgers,Indiana,0.01746862673528673
Rutgers,Iowa,0.031359667095873775
Rutgers,Iowa State,0.026088734991214592
Rutgers,Jacksonville State,0.01930458125622482
Rutgers,James Madison,0.02983079807185969
Rutgers,Kansas,0.033483008104105455
Rutgers,Kansas State,0.029017096119688654
Rutgers,Kennesaw State,0.025859435747706494
Rutgers,Kent State,0.013260518188293534
Rutgers,Kentucky,0.01729232491098899
Rutgers,LSU,0.03619083642210717
Rutgers,Liberty,0.024739273585486166
Rutgers,Louisiana,0.03182409034525379
Rutgers,Louisiana Tech,0.037657510747682366
Rutgers,Louisville,0.02671646921088403
Rutgers,Marshall,0.024969736434857955
Rutgers,Maryland,0.0301712918650049
Rutgers,Massachusetts,0.037445926838131846
Rutgers,Memphis,0.011676213070303785
Rutgers,Miami,0.02516281909125346
Rutgers,Miami (OH),0.03035564096383762
Rutgers,Michigan,0.018947446071210718
Rutgers,Michigan State,0.018808430872861756
Rutgers,Middle Tennessee,0.030269188243681727
Rutgers,Minnesota,0.014196404633748988
Rutgers,Mississippi State,0.02897233241699226
Rutgers,Missouri,0.028762348869184766
Rutgers,Missouri State,0.033387805132204997
Rutgers,NC State,0.030986289146684942
Rutgers,Navy,0.023314724706834666
Rutgers,Nebraska,0.01175120824860147
Rutgers,Nevada,0.030663398036775334
Rutgers,New Mexico,0.022745560077844583
Rutgers,New Mexico State,0.022652146802915604
Rutgers,North Carolina,0.031048843969062528
Rutgers,North Dakota State,0.023377661713033165
Rutgers,North Texas,0.05043057142588011
Rutgers,Northern Illinois,0.01772758692044035
Rutgers,Northwestern,0.019678453805762153
Rutgers,Notre Dame,0.03051304262613897
Rutgers,Ohio,0.0236485626234317
Rutgers,Ohio State,0.0227147601181244
Rutgers,Oklahoma,0.030756227356303432
Rutgers,Oklahoma State,0.02661244126485133
Rutgers,Old Dominion,0.036607399596686574
Rutgers,Ole Miss,0.011609360483159909
Rutgers,Oregon,0.009395343422299784
Rutgers,Oregon State,0.029929982220149573
Rutgers,Penn State,0.021874132140235227
Rutgers,Pittsburgh,0.03454084587611077
Rutgers,Purdue,0.02810007537815519
Rutgers,Rice,0.027108558396762152
Rutgers,SMU,0.030638040026687387
Rutgers,Sacramento State,0.03462662496647144
Rutgers,Sam Houston,0.018986514288413053
Rutgers,San Diego State,0.013074319323945639
Rutgers,San José State,0.023190683883318304
Rutgers,South Alabama,0.026559617047940805
Rutgers,South Carolina,0.02914193409506607
Rutgers,South Florida,0.025923855189640552
Rutgers,Southern Miss,0.04537611798462521
Rutgers,Stanford,0.02648338114750378
Rutgers,Syracuse,0.02367285864161678
Rutgers,TCU,0.026095572135566902
Rutgers,Temple,0.038610145725419556
Rutgers,Tennessee,0.016704280974847704
Rutgers,Texas,0.030482891912019104
Rutgers,Texas A&M,0.0351612256536915
Rutgers,Texas State,0.02708822597023141
Rutgers,Texas Tech,0.024185678346378657
Rutgers,Toledo,0.038744180179172555
Rutgers,Troy,0.021598388142096723
Rutgers,Tulane,0.02383873615838342
Rutgers,Tulsa,0.041055898025378616
Rutgers,UAB,0.024507654279503712
Rutgers,UCF,0.04068495249807483
Rutgers,UCLA,0.0264089227896113
Rutgers,UConn,0.03422980205249254
Rutgers,UL Monroe,0.0186423049577503
Rutgers,UNLV,0.014019477065310142
Rutgers,USC,0.0313033400540121
Rutgers,UTEP,0.02341176094928597
Rutgers,UTSA,0.0193030880778111
Rutgers,Utah,0.01943634148109932
Rutgers,Utah State,0.03411739621611504
Rutgers,Vanderbilt,0.011964990011381137
Rutgers,Virginia,0.028076755551288263
Rutgers,Virginia Tech,0.033883819673184275
Rutgers,Wake Forest,0.02082227027664376
Rutgers,Washington,0.03424015273788426
Rutgers,Washington State,0.040322840873373435
Rutgers,West Virginia,0.026693363567560503
Rutgers,Western Kentucky,0.006074561990913694
Rutgers,Western Michigan,0.03234945429058542
Rutgers,Wisconsin,0.01667348222670096
Rutgers,Wyoming,0.018790244348818028
SMU,Air Force,0.0172654199025651
SMU,Akron,0.027521805716834012
SMU,Alabama,0.025145219399661214
SMU,App State,0.021933048392888628
SMU,Arizona,0.017714710325465295
SMU,Arizona State,0.024026813337534994
SMU,Arkansas,0.025271745057964524
SMU,Arkansas State,0.027815905615939836
SMU,Army,0.026419738300605834
SMU,Auburn,0.018473730697141078
SMU,BYU,0.01720038491190235
SMU,Ball State,0.0231253254818808
SMU,Baylor,0.017797423101414245
SMU,Boise State,0.023267764605740267
SMU,Boston College,0.02608093653664877
SMU,Bowling Green,0.029535159004394036
SMU,Buffalo,0.02570718073829822
SMU,California,0.020858618937349235
SMU,Central Michigan,0.02241683904124906
SMU,Charlotte,0.021094083062651894
SMU,Cincinnati,0.021436916156465747
SMU,Clemson,0.015394572563895986
SMU,Coastal Carolina,0.022758853723220455
SMU,Colorado,0.022186528252926718
SMU,Colorado State,0.022509100767198406
SMU,Delaware,0.021237699536548228
SMU,Duke,0.029720478102370638
SMU,East Carolina,0.021489300060017143
SMU,Eastern Michigan,0.021313595032199477
SMU,Florida,0.02157563974200042
SMU,Florida Atlantic,0.021810729175267662
SMU,Florida International,0.021151721337696786
SMU,Florida State,0.026486215443938855
SMU,Fresno State,0.02467858376228315
SMU,Georgia,0.024997129459043248
SMU,Georgia Southern,0.02293464880329205
SMU,Georgia State,0.024379276801124467
SMU,Georgia Tech,0.020183476179572443
SMU,Hawai'i,0.02014904009330999
SMU,Houston,0.026786593604181255
SMU,Illinois,0.02990395051698768
SMU,Indiana,0.024739831623821554
SMU,Iowa,0.023270843950810024
SMU,Iowa State,0.022814152533556467
SMU,Jacksonville State,0.01980471968430911
SMU,James Madison,0.02166135495387687
SMU,Kansas,0.026595471235356192
SMU,Kansas State,0.018767229482149195
SMU,Kennesaw State,0.021269170055587143
SMU,Kent State,0.02498364421602971
SMU,Kentucky,0.0259624138026956
SMU,LSU,0.019805229367726863
SMU,Liberty,0.022377278713452818
SMU,Louisiana,0.018473557562148548
SMU,Louisiana Tech,0.0209160325676478
SMU,Louisville,0.030614241929553684
SMU,Marshall,0.02907223726467935
SMU,Maryland,0.022252424291019274
SMU,Massachusetts,0.019472878746614252
SMU,Memphis,0.025461500933301837
SMU,Miami,0.02573146140192193
SMU,Miami (OH),0.02414555724275038
SMU,Michigan,0.016206795575896146
SMU,Michigan State,0.021178216606760815
SMU,Middle Tennessee,0.02753315489906474
SMU,Minnesota,0.03091902696165601
SMU,Mississippi State,0.022372243811524858
SMU,Missouri,0.019404936749940573
SMU,Missouri State,0.020686651808161774
SMU,NC State,0.03005810195655545
SMU,Navy,0.02475028470918048
SMU,Nebraska,0.024677064735032846
SMU,Nevada,0.02608603135665636
SMU,New Mexico,0.021185883946584688
SMU,New Mexico State,0.019563948957231646
SMU,North Carolina,0.02124448302780939
SMU,North Dakota State,0.02479120836838667
SMU,North Texas,0.029282494724630733
SMU,Northern Illinois,0.011552569454429463
SMU,Northwestern,0.02540417471488051
SMU,Notre Dame,0.025731473628865603
SMU,Ohio,0.023911160418066027
SMU,Ohio State,0.021113614522462985
SMU,Oklahoma,0.020758465697365926
SMU,Oklahoma State,0.030060376441026004
SMU,Old Dominion,0.02214360992241084
SMU,Ole Miss,0.03274347109180746
SMU,Oregon,0.028369327482891935
SMU,Oregon State,0.018048508765707082
SMU,Penn State,0.021427687748558622
SMU,Pittsburgh,0.023279052001258425
SMU,Purdue,0.022097306876097882
SMU,Rice,0.024511574078408014
SMU,Rutgers,0.02966349182355988
SMU,Sacramento State,0.027110891007959784
SMU,Sam Houston,0.010722687074906331
SMU,San Diego State,0.019127922951397116
SMU,San José State,0.02237310547936624
SMU,South Alabama,0.02703725398503038
SMU,South Carolina,0.023558910179879603
SMU,South Florida,0.029619001124517014
SMU,Southern Miss,0.024228041283375835
SMU,Stanford,0.026668685867564247
SMU,Syracuse,0.02317246780876501
SMU,TCU,0.02358123472285206
SMU,Temple,0.02245624047555657
SMU,Tennessee,0.016893692180199486
SMU,Texas,0.021942647161601016
SMU,Texas A&M,0.014560768988243256
SMU,Texas State,0.02517064549341645
SMU,Texas Tech,0.027046520341596818
SMU,Toledo,0.02732619631114495
SMU,Troy,0.025054185840848228
SMU,Tulane,0.02313131146487015
SMU,Tulsa,0.01990782132412924
SMU,UAB,0.02508058664500956
SMU,UCF,0.020464439976178864
SMU,UCLA,0.01995804588932306
SMU,UConn,0.02112905826710114
SMU,UL Monroe,0.024762455884358495
SMU,UNLV,0.020939756502104098
SMU,USC,0.023848776579060114
SMU,UTEP,0.02443281429953976
SMU,UTSA,0.01739448373327291
SMU,Utah,0.018294458950732343
SMU,Utah State,0.0157744374004032
SMU,Vanderbilt,0.016840590553000166
SMU,Virginia,0.0237658538046124
SMU,Virginia Tech,0.012735742971934898
SMU,Wake Forest,0.02739282487827191
SMU,Washington,0.024854530810381293
SMU,Washington State,0.01917476417212406
SMU,West Virginia,0.027524717005637574
SMU,Western Kentucky,0.028534476474316145
SMU,Western Michigan,0.019784184001070144
SMU,Wisconsin,0.031060683575153784
SMU,Wyoming,0.025889295581098475
Sacramento State,Air Force,0.014560270875093925
Sacramento State,Akron,0.026873580521724543
Sacramento State,Alabama,0.02367864447195718
Sacramento State,App State,0.019032833169749755
Sacramento State,Arizona,0.012076012894276613
Sacramento State,Arizona State,0.019694681832507208
Sacramento State,Arkansas,0.013600295316315545
Sacramento State,Arkansas State,0.010907118635152417
Sacramento State,Army,0.01354498743396742
Sacramento State,Auburn,0.02505253828747707
Sacramento State,BYU,0.011550544458892198
Sacramento State,Ball State,0.018401160344729543
Sacramento State,Baylor,0.01714660700102685
Sacramento State,Boise State,0.01413055127905807
Sacramento State,Boston College,0.01594080007168654
Sacramento State,Bowling Green,0.016017832042700412
Sacramento State,Buffalo,0.024028917996350402
Sacramento State,California,0.02193025799903053
Sacramento State,Central Michigan,0.017613464853426096
Sacramento State,Charlotte,0.017971160963883962
Sacramento State,Cincinnati,0.01665425617278499
Sacramento State,Clemson,0.014325575054567701
Sacramento State,Coastal Carolina,0.014912899833840065
Sacramento State,Colorado,0.019889962368553712
Sacramento State,Colorado State,0.017917829030688746
Sacramento State,Delaware,0.01998878149066283
Sacramento State,Duke,0.01955400657029012
Sacramento State,East Carolina,0.014741338937767717
Sacramento State,Eastern Michigan,0.015550720859472558
Sacramento State,Florida,0.016112318553593984
Sacramento State,Florida Atlantic,0.018746231490403137
Sacramento State,Florida International,0.018315774292686403
Sacramento State,Florida State,0.007588998267534956
Sacramento State,Fresno State,0.022822865130508605
Sacramento State,Georgia,0.013244778956500823
Sacramento State,Georgia Southern,0.029793105014205148
Sacramento State,Georgia State,0.018299329752278205
Sacramento State,Georgia Tech,0.015079396327891797
Sacramento State,Hawai'i,0.01370554007975068
Sacramento State,Houston,0.014151743291389003
Sacramento State,Illinois,0.015571602066913043
Sacramento State,Indiana,0.014723023645919707
Sacramento State,Iowa,0.017070046605537494
Sacramento State,Iowa State,0.018503930072401913
Sacramento State,Jacksonville State,0.015067926093243878
Sacramento State,James Madison,0.01554117758152341
Sacramento State,Kansas,0.019193387613769177
Sacramento State,Kansas State,0.0179274306757253
Sacramento State,Kennesaw State,0.01359111424065676
Sacramento State,Kent State,0.02353693384860453
Sacramento State,Kentucky,0.018492059378110492
Sacramento State,LSU,0.027322423388589645
Sacramento State,Liberty,0.014338841229857966
Sacramento State,Louisiana,0.017534469854917512
Sacramento State,Louisiana Tech,0.023468042238373836
Sacramento State,Louisville,0.01553465302201985
Sacramento State,Marshall,0.010680115944521677
Sacramento State,Maryland,0.015881671374668622
Sacramento State,Massachusetts,0.023156306347795565
Sacramento State,Memphis,0.022404580555925237
Sacramento State,Miami,0.016999299960057033
Sacramento State,Miami (OH),0.016066020473501343
Sacramento State,Michigan,0.017252449510037446
Sacramento State,Michigan State,0.012180995271474874
Sacramento State,Middle Tennessee,0.01867778380779585
Sacramento State,Minnesota,0.014242581375142475
Sacramento State,Mississippi State,0.017117242095334315
Sacramento State,Missouri,0.017277435438949766
Sacramento State,Missouri State,0.01929025577648375
Sacramento State,NC State,0.01886105235574592
Sacramento State,Navy,0.009025104216498386
Sacramento State,Nebraska,0.019112915613352495
Sacramento State,Nevada,0.022476483799237296
Sacramento State,New Mexico,0.02114588495090101
Sacramento State,New Mexico State,0.01530568121556874
Sacramento State,North Carolina,0.01954681802328669
Sacramento State,North Dakota State,0.02091582372899604
Sacramento State,North Texas,0.03614095093554383
Sacramento State,Northern Illinois,0.016158270797309304
Sacramento State,Northwestern,0.015309012327655165
Sacramento State,Notre Dame,0.018631197052154085
Sacramento State,Ohio,0.00935894213309542
Sacramento State,Ohio State,0.016036399679060984
Sacramento State,Oklahoma,0.016466606865967154
Sacramento State,Oklahoma State,0.02180864643267184
Sacramento State,Old Dominion,0.022317779106350293
Sacramento State,Ole Miss,0.015173186215631887
Sacramento State,Oregon,0.02215765207050732
Sacramento State,Oregon State,0.01564036172981329
Sacramento State,Penn State,0.016258473188534812
Sacramento State,Pittsburgh,0.020251225385774493
Sacramento State,Purdue,0.014065689742610538
Sacramento State,Rice,0.015881137188904642
Sacramento State,Rutgers,0.01253223026898894
Sacramento State,SMU,0.016348419536351105
Sacramento State,Sam Houston,0.018859952079513614
Sacramento State,San Diego State,0.014842411160537488
Sacramento State,San José State,0.020109041276570826
Sacramento State,South Alabama,0.014318517632690419
Sacramento State,South Carolina,0.014852313604729793
Sacramento State,South Florida,0.0165606959781089
Sacramento State,Southern Miss,0.031086497494288934
Sacramento State,Stanford,0.013130499821954494
Sacramento State,Syracuse,0.02080381117950021
Sacramento State,TCU,0.012231613682733119
Sacramento State,Temple,0.02432052523508328
Sacramento State,Tennessee,0.017801652094901643
Sacramento State,Texas,0.016193271421682826
Sacramento State,Texas A&M,0.020871605163355223
Sacramento State,Texas State,0.01279860547989513
Sacramento State,Texas Tech,0.009896057856042379
Sacramento State,Toledo,0.024454559688836277
Sacramento State,Troy,0.016193313665792818
Sacramento State,Tulane,0.014566459762946803
Sacramento State,Tulsa,0.02676627753504234
Sacramento State,UAB,0.017021591631385804
Sacramento State,UCF,0.026395332007738546
Sacramento State,UCLA,0.017444598798202773
Sacramento State,UConn,0.01994018156215626
Sacramento State,UL Monroe,0.013103464854031858
Sacramento State,UNLV,0.017253182854186373
Sacramento State,USC,0.017013719563675818
Sacramento State,UTEP,0.011225638146464767
Sacramento State,UTSA,0.014498767472420498
Sacramento State,Utah,0.013475897655525837
Sacramento State,Utah State,0.01982777572577876
Sacramento State,Vanderbilt,0.016012641405180553
Sacramento State,Virginia,0.017442223839445246
Sacramento State,Virginia Tech,0.019594199182847993
Sacramento State,Wake Forest,0.01326864727152317
Sacramento State,Washington,0.01995053224754798
Sacramento State,Washington State,0.026033220383037157
Sacramento State,West Virginia,0.012403743077224222
Sacramento State,Western Kentucky,0.008215058499422584
Sacramento State,Western Michigan,0.018059833800249142
Sacramento State,Wisconsin,0.018633131372624664
Sacramento State,Wyoming,0.011809547992888962
Sam Houston,Air Force,0.016440531941755415
Sam Houston,Akron,0.02363491231379298
Sam Houston,Alabama,0.016376769232902696
Sam Houston,App State,0.011967969647099584
Sam Houston,Arizona,0.018924789922572724
Sam Houston,Arizona State,0.011306120984342131
Sam Houston,Arkansas,0.017400507500533794
Sam Houston,Arkansas State,0.020093684181696922
Sam Houston,Army,0.01745581538288192
Sam Houston,Auburn,0.021813870079545505
Sam Houston,BYU,0.01945025835795714
Sam Houston,Ball State,0.012603783749250128
Sam Houston,Baylor,0.013854195815822489
Sam Houston,Boise State,0.02127864200304434
Sam Houston,Boston College,0.01570362172834974
Sam Houston,Bowling Green,0.014982970774148927
Sam Houston,Buffalo,0.020790249788418837
Sam Houston,California,0.015227020194519162
Sam Houston,Central Michigan,0.013387337963423243
Sam Houston,Charlotte,0.019490484175717106
Sam Houston,Cincinnati,0.014346546644064349
Sam Houston,Clemson,0.016675227762281638
Sam Houston,Coastal Carolina,0.016087902983009272
Sam Houston,Colorado,0.01828104797454854
Sam Houston,Colorado State,0.013082973786160593
Sam Houston,Delaware,0.016750113282731266
Sam Houston,Duke,0.015074631169075665
Sam Houston,East Carolina,0.022808731819952945
Sam Houston,Eastern Michigan,0.015450081957376781
Sam Houston,Florida,0.014888484263255355
Sam Houston,Florida Atlantic,0.012254571326446202
Sam Houston,Florida International,0.015077106084754838
Sam Houston,Florida State,0.023411804549314384
Sam Houston,Fresno State,0.02326504558939863
Sam Houston,Georgia,0.017756023860348517
Sam Houston,Georgia Southern,0.026554436806273583
Sam Houston,Georgia State,0.012701473064571133
Sam Houston,Georgia Tech,0.015921406488957544
Sam Houston,Hawai'i,0.01729526273709866
Sam Houston,Houston,0.016849059525460338
Sam Houston,Illinois,0.015429200749936296
Sam Houston,Indiana,0.016277779170929634
Sam Houston,Iowa,0.01667650901024552
Sam Houston,Iowa State,0.012496872744447426
Sam Houston,Jacksonville State,0.015932876723605462
Sam Houston,James Madison,0.018119633770724907
Sam Houston,Kansas,0.019495266057833673
Sam Houston,Kansas State,0.01307337214112404
Sam Houston,Kennesaw State,0.01740968857619258
Sam Houston,Kent State,0.007463868968244809
Sam Houston,Kentucky,0.012508743438738848
Sam Houston,LSU,0.018662547723839327
Sam Houston,Liberty,0.01666196158699137
Sam Houston,Louisiana,0.021621273998820783
Sam Houston,Louisiana Tech,0.020129222049414523
Sam Houston,Louisville,0.015466149794829489
Sam Houston,Marshall,0.020554539389468746
Sam Houston,Maryland,0.016530334391257097
Sam Houston,Massachusetts,0.019917638139864
Sam Houston,Memphis,0.021841712930320303
Sam Houston,Miami,0.014001502856792308
Sam Houston,Miami (OH),0.015702769649028774
Sam Houston,Michigan,0.013748353306811893
Sam Houston,Michigan State,0.018819807545374465
Sam Houston,Middle Tennessee,0.012740899545413884
Sam Houston,Minnesota,0.016758221441706862
Sam Houston,Mississippi State,0.013883560721515023
Sam Houston,Missouri,0.013723367377899571
Sam Houston,Missouri State,0.01585951643393715
Sam Houston,NC State,0.0134580004484171
Sam Houston,Navy,0.028568213212676087
Sam Houston,Nebraska,0.011887887203496844
Sam Houston,Nevada,0.013135109338507488
Sam Houston,New Mexico,0.009854917865948328
Sam Houston,New Mexico State,0.0156951216012806
Sam Houston,North Carolina,0.013520555270794685
Sam Houston,North Dakota State,0.017563074221280894
Sam Houston,North Texas,0.03290228272761227
Sam Houston,Northern Illinois,0.014842532019540033
Sam Houston,Northwestern,0.015691790489194172
Sam Houston,Notre Dame,0.012984753927871129
Sam Houston,Ohio,0.023131711362494117
Sam Houston,Ohio State,0.014964403137788355
Sam Houston,Oklahoma,0.016229409753396224
Sam Houston,Oklahoma State,0.010822996790233049
Sam Houston,Old Dominion,0.019079110898418728
Sam Houston,Ole Miss,0.015827616601217454
Sam Houston,Oregon,0.013878512431797524
Sam Houston,Oregon State,0.02186643726920269
Sam Houston,Penn State,0.014742329628314527
Sam Houston,Pittsburgh,0.01743007208724201
Sam Houston,Purdue,0.0169351130742388
Sam Houston,Rice,0.015119665627944697
Sam Houston,Rutgers,0.0184685725478604
Sam Houston,SMU,0.018428316552384607
Sam Houston,Sacramento State,0.017098336268203593
Sam Houston,San Diego State,0.016158391656311853
Sam Houston,San José State,0.010891761540278513
Sam Houston,South Alabama,0.01668228518415892
Sam Houston,South Carolina,0.020149960139622818
Sam Houston,South Florida,0.01444010683874044
Sam Houston,Southern Miss,0.02784782928635737
Sam Houston,Stanford,0.017870302994894845
Sam Houston,Syracuse,0.01019699163734913
Sam Houston,TCU,0.01876918913411622
Sam Houston,Temple,0.021081857027151714
Sam Houston,Tennessee,0.013199150721947698
Sam Houston,Texas,0.023441948334123712
Sam Houston,Texas A&M,0.018378697491738868
Sam Houston,Texas State,0.018443100746502333
Sam Houston,Texas Tech,0.02274465445810923
Sam Houston,Toledo,0.021215891480904712
Sam Houston,Troy,0.014807489151056523
Sam Houston,Tulane,0.016434343053902536
Sam Houston,Tulsa,0.023527609327110774
Sam Houston,UAB,0.013979211185463537
Sam Houston,UCF,0.023156663799806982
Sam Houston,UCLA,0.013556204018646564
Sam Houston,UConn,0.016701513354224696
Sam Houston,UL Monroe,0.01789733796281748
Sam Houston,UNLV,0.013747619962662966
Sam Houston,USC,0.019562471795866513
Sam Houston,UTEP,0.019775164670384572
Sam Houston,UTSA,0.01650203534442884
Sam Houston,Utah,0.017524905161323504
Sam Houston,Utah State,0.016589107517847194
Sam Houston,Vanderbilt,0.014988161411668786
Sam Houston,Virginia,0.013558578977404093
Sam Houston,Virginia Tech,0.01635553097491643
Sam Houston,Wake Forest,0.01773215554532617
Sam Houston,Washington,0.016711864039616414
Sam Houston,Washington State,0.022794552175105592
Sam Houston,West Virginia,0.02126812319075578
Sam Houston,Western Kentucky,0.011453726707354148
Sam Houston,Western Michigan,0.01487692763999701
Sam Houston,Wisconsin,0.012367671444224675
Sam Houston,Wyoming,0.019191254823960377
San Diego State,Air Force,0.012393206682785974
San Diego State,Akron,0.03109002639783759
San Diego State,Alabama,0.023831883316947307
San Diego State,App State,0.010377931735622885
San Diego State,Arizona,0.011943916259885778
San Diego State,Arizona State,0.01606265471231046
San Diego State,Arkansas,0.008383707541395639
San Diego State,Arkansas State,0.016514157739739133
San Diego State,Army,0.008401878354592126
San Diego State,Auburn,0.02926898416359011
San Diego State,BYU,0.014804717140274233
San Diego State,Ball State,0.020058897833294738
San Diego State,Baylor,0.019124101918073802
San Diego State,Boise State,0.018346997155171116
San Diego State,Boston College,0.020157245947799586
San Diego State,Bowling Green,0.015852271296804613
San Diego State,Buffalo,0.028245363872463444
San Diego State,California,0.013275356564903662
San Diego State,Central Michigan,0.011412623422153195
San Diego State,Charlotte,0.026639702949738248
San Diego State,Cincinnati,0.009995018421846084
San Diego State,Clemson,0.01426405402145509
San Diego State,Coastal Carolina,0.01477449882240609
San Diego State,Colorado,0.024106408244666755
San Diego State,Colorado State,0.017468277560064437
San Diego State,Delaware,0.024205227366775876
San Diego State,Duke,0.022529745253120275
San Diego State,East Carolina,0.01895778481388076
San Diego State,Eastern Michigan,0.012461024926287468
San Diego State,Florida,0.013202400530801748
San Diego State,Florida Atlantic,0.010091330056276267
San Diego State,Florida International,0.022532220168799445
San Diego State,Florida State,0.011794606161351336
San Diego State,Fresno State,0.02703931100662165
San Diego State,Georgia,0.015674510545225822
San Diego State,Georgia Southern,0.034009550890318194
San Diego State,Georgia State,0.009644428318151337
San Diego State,Georgia Tech,0.010039698479160829
San Diego State,Hawai'i,0.009509586492041084
San Diego State,Houston,0.014890345373156658
San Diego State,Illinois,0.017655603543464286
San Diego State,Indiana,0.009246233040393369
San Diego State,Iowa,0.02128649248165054
San Diego State,Iowa State,0.01601556037699136
San Diego State,Jacksonville State,0.014462097110157206
San Diego State,James Madison,0.019757623457636455
San Diego State,Kansas,0.023409833489882223
San Diego State,Kansas State,0.01894392150546542
San Diego State,Kennesaw State,0.01578626113348326
San Diego State,Kent State,0.01488203241447766
San Diego State,Kentucky,0.009837157943983623
San Diego State,LSU,0.026117661807883937
San Diego State,Liberty,0.014666098971262932
San Diego State,Louisiana,0.021750915731030558
San Diego State,Louisiana Tech,0.027584336133459134
San Diego State,Louisville,0.016643294596660797
San Diego State,Marshall,0.014896561820634723
San Diego State,Maryland,0.020098117250781665
San Diego State,Massachusetts,0.02737275222390861
San Diego State,Memphis,0.014386598846275694
San Diego State,Miami,0.015089644477030224
San Diego State,Miami (OH),0.020282466349614385
San Diego State,Michigan,0.013451831009454929
San Diego State,Michigan State,0.013260877923869242
San Diego State,Middle Tennessee,0.02019601362945849
San Diego State,Minnesota,0.011812991821917947
San Diego State,Mississippi State,0.018899157802769025
San Diego State,Missouri,0.018689174254961534
San Diego State,Missouri State,0.02331463051798176
San Diego State,NC State,0.02091311453246171
San Diego State,Navy,0.01324155009261143
San Diego State,Nebraska,0.010458014179225626
San Diego State,Nevada,0.0205902234225521
San Diego State,New Mexico,0.012672385463621347
San Diego State,New Mexico State,0.01257897218869237
San Diego State,North Carolina,0.020975669354839292
San Diego State,North Dakota State,0.01330448709880993
San Diego State,North Texas,0.04035739681165688
San Diego State,Northern Illinois,0.018106057130921612
San Diego State,Northwestern,0.009605279191538921
San Diego State,Notre Dame,0.02043986801191574
San Diego State,Ohio,0.014855756866483182
San Diego State,Ohio State,0.012641585503901168
San Diego State,Oklahoma,0.020683052742080196
San Diego State,Oklahoma State,0.016539266650628093
San Diego State,Old Dominion,0.02653422498246334
San Diego State,Ole Miss,0.009808950737452301
San Diego State,Oregon,0.01350275063638045
San Diego State,Oregon State,0.019856807605926338
San Diego State,Penn State,0.011800957526011992
San Diego State,Pittsburgh,0.024467671261887536
San Diego State,Purdue,0.018026900763931954
San Diego State,Rice,0.01703538378253892
San Diego State,Rutgers,0.013646160421389532
San Diego State,SMU,0.02056486541246415
San Diego State,Sacramento State,0.0245534503522482
San Diego State,Sam Houston,0.018935939510444744
San Diego State,San José State,0.013117509269095069
San Diego State,South Alabama,0.016486442433717573
San Diego State,South Carolina,0.019068759480842835
San Diego State,South Florida,0.01585068057541732
San Diego State,Southern Miss,0.035302943370401976
San Diego State,Stanford,0.01641020653328055
San Diego State,Syracuse,0.013599684027393543
San Diego State,TCU,0.016022397521343667
San Diego State,Temple,0.028536971111196324
San Diego State,Tennessee,0.012764934405151591
San Diego State,Texas,0.020409717297795872
San Diego State,Texas A&M,0.02508805103946827
San Diego State,Texas State,0.017015051356008174
San Diego State,Texas Tech,0.014112503732155425
San Diego State,Toledo,0.028671005564949323
San Diego State,Troy,0.01152521352787349
San Diego State,Tulane,0.013765561544160186
San Diego State,Tulsa,0.030982723411155384
San Diego State,UAB,0.014434479665280477
San Diego State,UCF,0.03061177788385159
San Diego State,UCLA,0.016335748175388066
San Diego State,UConn,0.024156627438269306
San Diego State,UL Monroe,0.01907178939830234
San Diego State,UNLV,0.008718870083246975
San Diego State,USC,0.02123016543978886
San Diego State,UTEP,0.013338586335062736
San Diego State,UTSA,0.012264142852078165
San Diego State,Utah,0.011364167634618734
San Diego State,Utah State,0.024044221601891805
San Diego State,Vanderbilt,0.012818036032350912
San Diego State,Virginia,0.018003580937065028
San Diego State,Virginia Tech,0.02381064505896104
San Diego State,Wake Forest,0.010749095662420527
San Diego State,Washington,0.024166978123661025
San Diego State,Washington State,0.030249666259150203
San Diego State,West Virginia,0.016620188953337268
San Diego State,Western Kentucky,0.00399861262330954
San Diego State,Western Michigan,0.022276279676362185
San Diego State,Wisconsin,0.009978229938497797
San Diego State,Wyoming,0.008717069734594792
San José State,Air Force,0.024468295241303357
San José State,Akron,0.022982161362713673
San José State,Alabama,0.02537434519657781
San José State,App State,0.009155539436297013
San José State,Arizona,0.021145916117572165
San José State,Arizona State,0.01124930438094338
San José State,Arkansas,0.021496333905454676
San José State,Arkansas State,0.015038396659348221
San José State,Army,0.02147816309225819
San José State,Auburn,0.0211611191284662
San José State,BYU,0.018251394251190947
San José State,Ball State,0.021389934142904337
San José State,Baylor,0.025193126378419185
San José State,Boise State,0.011849202397401375
San José State,Boston College,0.015024905620937785
San José State,Bowling Green,0.017819923813104162
San José State,Buffalo,0.03053256933367153
San José State,California,0.02029300952722589
San José State,Central Michigan,0.02237188497964235
San José State,Charlotte,0.014079741804873092
San José State,Cincinnati,0.019885023025004233
San José State,Clemson,0.01589799905081331
San José State,Coastal Carolina,0.032035250586721645
San José State,Colorado,0.023278333727427082
San José State,Colorado State,0.012411763886785878
San José State,Delaware,0.01609736233165196
San José State,Duke,0.016942969145779023
San José State,East Carolina,0.02035499487214829
San José State,Eastern Michigan,0.025829805485261308
San José State,Florida,0.016677640916048567
San José State,Florida Atlantic,0.020121064197196697
San José State,Florida International,0.03145201726786754
San José State,Florida State,0.02201067753522446
San José State,Fresno State,0.018931445971497735
San José State,Georgia,0.012219620502451633
San José State,Georgia Southern,0.025901685855194277
San José State,Georgia State,0.023332868521496408
San José State,Georgia Tech,0.02433271805523287
San José State,Hawai'i,0.022012083077425842
San José State,Houston,0.01400908464758964
San José State,Illinois,0.01712644156039607
San José State,Indiana,0.020633808406456945
San José State,Iowa,0.023827839873230953
San José State,Iowa State,0.029242816531752848
San José State,Jacksonville State,0.01541794433669311
San José State,James Madison,0.022605610013722063
San José State,Kansas,0.02894697841150492
San José State,Kansas State,0.014153521643116344
San José State,Kennesaw State,0.018269987458107085
San José State,Kent State,0.012206135259438096
San José State,Kentucky,0.023257814260941357
San José State,LSU,0.01800979677276002
San José State,Liberty,0.019039682780444378
San José State,Louisiana,0.023448605248768108
San José State,Louisiana Tech,0.023186660568978924
San José State,Louisville,0.02329119725296993
San José State,Marshall,0.016294728308087734
San José State,Maryland,0.02082949776275303
San José State,Massachusetts,0.025651319920194416
San José State,Memphis,0.02249446388139961
San José State,Miami,0.012953952445330316
San José State,Miami (OH),0.01217460131449047
San José State,Michigan,0.023945708823994175
San José State,Michigan State,0.016619163522981074
San José State,Middle Tennessee,0.015632809141501402
San José State,Minnesota,0.018141518005064396
San José State,Mississippi State,0.01079129276764511
San José State,Missouri,0.021109873207591744
San José State,Missouri State,0.021089024476620838
San José State,NC State,0.02169661195036023
San José State,Navy,0.02575511462868928
San José State,Nebraska,0.02510892117066692
San José State,Nevada,0.019342525227630733
San José State,New Mexico,0.008408374989993073
San José State,New Mexico State,0.029768576790669896
San José State,North Carolina,0.023880081025042764
San José State,North Dakota State,0.03880340856112251
San José State,North Texas,0.03224953177653296
San José State,Northern Illinois,0.024283555246200482
San José State,Northwestern,0.022105835342164776
San José State,Notre Dame,0.02208767009135138
San José State,Ohio,0.015024284580367132
San José State,Ohio State,0.019163977372361023
San José State,Oklahoma,0.018578625063526092
San José State,Oklahoma State,0.025836718064184666
San José State,Old Dominion,0.018426359947339422
San José State,Ole Miss,0.020071090709398012
San José State,Oregon,0.020055213583998487
San José State,Oregon State,0.032827179690359434
San José State,Penn State,0.01991425118933506
San José State,Pittsburgh,0.016359806226763623
San José State,Purdue,0.017954792578407458
San José State,Rice,0.01771643994095349
San José State,Rutgers,0.016885982866968265
San José State,SMU,0.017397335036243473
San José State,Sacramento State,0.022893140201155533
San José State,Sam Houston,0.0216097542117013
San José State,San Diego State,0.006728952050668887
San José State,South Alabama,0.015881072384925116
San José State,South Carolina,0.01096089444571892
San José State,South Florida,0.0256563755714155
San José State,Southern Miss,0.027195078335278063
San José State,Stanford,0.01389117691097263
San José State,Syracuse,0.010394958852173392
San José State,TCU,0.010803725766260446
San José State,Temple,0.020429106076072408
San José State,Tennessee,0.01729417634682454
San José State,Texas,0.01401250872848075
San José State,Texas A&M,0.016980186004344353
San José State,Texas State,0.02508647900276547
San José State,Texas Tech,0.014269011385005201
San José State,Toledo,0.020563140529825406
San José State,Troy,0.0258588082506613
San José State,Tulane,0.01906623480285344
San José State,Tulsa,0.022874858376031468
San José State,UAB,0.01956162494185615
San José State,UCF,0.02515435209936692
San José State,UCLA,0.025092051227055948
San José State,UConn,0.01604876240314539
San José State,UL Monroe,0.012144699385043563
San José State,UNLV,0.02173518617021128
San José State,USC,0.02049583324416163
San José State,UTEP,0.011655305342948149
San José State,UTSA,0.019171071778211066
San José State,Utah,0.020677871833751218
San José State,Utah State,0.026826280688313404
San José State,Vanderbilt,0.02486175396264747
San José State,Virginia,0.010988344848020786
San José State,Virginia Tech,0.015702780023837123
San José State,Wake Forest,0.014615315921680295
San José State,Washington,0.016977576560005283
San José State,Washington State,0.022141801224026286
San José State,West Virginia,0.014849612591517496
San José State,Western Kentucky,0.01575696751772453
San José State,Western Michigan,0.01416841464123827
San José State,Wisconsin,0.023295229567237515
San José State,Wyoming,0.025485788043270684
South Alabama,Air Force,0.014761713209911393
South Alabama,Akron,0.022061978639676023
South Alabama,Alabama,0.014803835558785745
South Alabama,App State,0.010289150915255563
South Alabama,Arizona,0.017245971190728702
South Alabama,Arizona State,0.00962730225249811
South Alabama,Arkansas,0.015721688768689773
South Alabama,Arkansas State,0.0184148654498529
South Alabama,Army,0.0157769966510379
South Alabama,Auburn,0.020240936405428553
South Alabama,BYU,0.01777143962611312
South Alabama,Ball State,0.011030850075133174
South Alabama,Baylor,0.012175377083978468
South Alabama,Boise State,0.019599823271200318
South Alabama,Boston College,0.014024802996505716
South Alabama,Bowling Green,0.013304152042304906
South Alabama,Buffalo,0.019217316114301886
South Alabama,California,0.016799953868636114
South Alabama,Central Michigan,0.011708519231579222
South Alabama,Charlotte,0.019071913605859622
South Alabama,Cincinnati,0.012667727912220327
South Alabama,Clemson,0.014996409030437616
South Alabama,Coastal Carolina,0.014409084251165253
South Alabama,Colorado,0.01660222924270452
South Alabama,Colorado State,0.011404155054316571
South Alabama,Delaware,0.015177179608614312
South Alabama,Duke,0.013501697494958713
South Alabama,East Carolina,0.021129913088108923
South Alabama,Eastern Michigan,0.01377126322553276
South Alabama,Florida,0.013209665531411334
South Alabama,Florida Atlantic,0.012640942026358565
South Alabama,Florida International,0.013504172410637885
South Alabama,Florida State,0.021732985817470362
South Alabama,Fresno State,0.021586226857554607
South Alabama,Georgia,0.016077205128504496
South Alabama,Georgia Southern,0.024981503132156628
South Alabama,Georgia State,0.011022654332727111
South Alabama,Georgia Tech,0.01424258775711352
South Alabama,Hawai'i,0.015616444005254637
South Alabama,Houston,0.015170240793616315
South Alabama,Illinois,0.013750382018092274
South Alabama,Indiana,0.014598960439085611
South Alabama,Iowa,0.014997690278401496
South Alabama,Iowa State,0.010818054012603405
South Alabama,Jacksonville State,0.014254057991761439
South Alabama,James Madison,0.016440815038880886
South Alabama,Kansas,0.01781644732598965
South Alabama,Kansas State,0.011394553409280018
South Alabama,Kennesaw State,0.015730869844348558
South Alabama,Kent State,0.006455866282853646
South Alabama,Kentucky,0.010829924706894827
South Alabama,LSU,0.017089614049722375
South Alabama,Liberty,0.014983142855147352
South Alabama,Louisiana,0.01994245526697676
South Alabama,Louisiana Tech,0.018556288375297568
South Alabama,Louisville,0.013787331062985467
South Alabama,Marshall,0.018875720657624724
South Alabama,Maryland,0.014851515659413074
South Alabama,Massachusetts,0.01834470446574705
South Alabama,Memphis,0.023414646604437254
South Alabama,Miami,0.012322684124948287
South Alabama,Miami (OH),0.014023950917184752
South Alabama,Michigan,0.012069534574967872
South Alabama,Michigan State,0.017140988813530444
South Alabama,Middle Tennessee,0.01116796587129693
South Alabama,Minnesota,0.015079402709862843
South Alabama,Mississippi State,0.012204741989671001
South Alabama,Missouri,0.01204454864605555
South Alabama,Missouri State,0.014286582759820199
South Alabama,NC State,0.011885066774300148
South Alabama,Navy,0.026889394480832066
South Alabama,Nebraska,0.010209068471652823
South Alabama,Nevada,0.011562175664390537
South Alabama,New Mexico,0.008176099134104307
South Alabama,New Mexico State,0.014016302869436578
South Alabama,North Carolina,0.011947621596677732
South Alabama,North Dakota State,0.01649115645815082
South Alabama,North Texas,0.03132934905349531
South Alabama,Northern Illinois,0.013163713287696012
South Alabama,Northwestern,0.014012971757350152
South Alabama,Notre Dame,0.011411820253754175
South Alabama,Ohio,0.021452892630650096
South Alabama,Ohio State,0.013285584405944333
South Alabama,Oklahoma,0.014550591021552201
South Alabama,Oklahoma State,0.011532598507849937
South Alabama,Old Dominion,0.017506177224301776
South Alabama,Ole Miss,0.014215693158631394
South Alabama,Oregon,0.015451446105914477
South Alabama,Oregon State,0.02018761853735867
South Alabama,Penn State,0.013063510896470506
South Alabama,Pittsburgh,0.01575125335539799
South Alabama,Purdue,0.01525629434239478
South Alabama,Rice,0.013440846896100676
South Alabama,Rutgers,0.016789753816016377
South Alabama,SMU,0.016749497820540585
South Alabama,Sacramento State,0.01552540259408664
South Alabama,Sam Houston,0.010462032005491704
South Alabama,San Diego State,0.01447957292446783
South Alabama,San José State,0.009212942808434491
South Alabama,South Carolina,0.018471141407778797
South Alabama,South Florida,0.012761288106896418
South Alabama,Southern Miss,0.026274895612240418
South Alabama,Stanford,0.016191484263050823
South Alabama,Syracuse,0.00851817290550511
South Alabama,TCU,0.0170903704022722
South Alabama,Temple,0.01950892335303476
South Alabama,Tennessee,0.011520331990103676
South Alabama,Texas,0.02176312960227969
South Alabama,Texas A&M,0.016699878759894846
South Alabama,Texas State,0.01676428201465831
South Alabama,Texas Tech,0.02106583572626521
South Alabama,Toledo,0.019642957806787757
South Alabama,Troy,0.013128670419212502
South Alabama,Tulane,0.014755524322058514
South Alabama,Tulsa,0.02195467565299382
South Alabama,UAB,0.012300392453619515
South Alabama,UCF,0.02158373012569003
South Alabama,UCLA,0.011877385286802543
South Alabama,UConn,0.015128579680107744
South Alabama,UL Monroe,0.01621851923097346
South Alabama,UNLV,0.012068801230818944
South Alabama,USC,0.01788365306402249
South Alabama,UTEP,0.01809634593854055
South Alabama,UTSA,0.01482321661258482
South Alabama,Utah,0.015846086429479482
South Alabama,Utah State,0.015016173843730243
South Alabama,Vanderbilt,0.013309342679824764
South Alabama,Virginia,0.011879760245560072
South Alabama,Virginia Tech,0.014782597300799477
South Alabama,Wake Forest,0.016053336813482148
South Alabama,Washington,0.01513893036549946
South Alabama,Washington State,0.021221618500988637
South Alabama,West Virginia,0.019589304458911758
South Alabama,Western Kentucky,0.013026660381471102
South Alabama,Western Michigan,0.013248231918200624
South Alabama,Wisconsin,0.012532905641977721
South Alabama,Wyoming,0.017512436092116355
South Carolina,Air Force,0.026614138409327463
South Carolina,Akron,0.01635775259505855
South Carolina,Alabama,0.01873433891223135
South Carolina,App State,0.021946509919003935
South Carolina,Arizona,0.026164847986427268
South Carolina,Arizona State,0.01985274497435757
South Carolina,Arkansas,0.01860781325392804
South Carolina,Arkansas State,0.016063652695952727
South Carolina,Army,0.01745982001128673
South Carolina,Auburn,0.025405827614751485
South Carolina,BYU,0.02667917339999021
South Carolina,Ball State,0.02075423283001176
South Carolina,Baylor,0.02608213521047832
South Carolina,Boise State,0.020611793706152296
South Carolina,Boston College,0.017798621775243793
South Carolina,Bowling Green,0.014344399307498527
South Carolina,Buffalo,0.018172377573594342
South Carolina,California,0.028558431324761997
South Carolina,Central Michigan,0.021462719270643502
South Carolina,Charlotte,0.024081092568209898
South Carolina,Cincinnati,0.02439159644245246
South Carolina,Clemson,0.02848498574799658
South Carolina,Coastal Carolina,0.021120704588672108
South Carolina,Colorado,0.021693030058965845
South Carolina,Colorado State,0.021370457544694157
South Carolina,Delaware,0.022641858775344338
South Carolina,Duke,0.014159080209521925
South Carolina,East Carolina,0.02239025825187542
South Carolina,Eastern Michigan,0.022565963279693086
South Carolina,Florida,0.022303918569892143
South Carolina,Florida Atlantic,0.024399419482484447
South Carolina,Florida International,0.02272783697419578
South Carolina,Florida State,0.017393342867953708
South Carolina,Fresno State,0.019200974549609413
South Carolina,Georgia,0.018882428852849315
South Carolina,Georgia Southern,0.02607987364492697
South Carolina,Georgia State,0.019500281510768096
South Carolina,Georgia Tech,0.02369608213232012
South Carolina,Hawai'i,0.02373051821858257
South Carolina,Houston,0.01709296470771131
South Carolina,Illinois,0.015278697684266804
South Carolina,Indiana,0.01913972668807101
South Carolina,Iowa,0.02060871436108254
South Carolina,Iowa State,0.021065405778336096
South Carolina,Jacksonville State,0.02407483862758345
South Carolina,James Madison,0.022218203358015692
South Carolina,Kansas,0.01728408707653637
South Carolina,Kansas State,0.025112328829743367
South Carolina,Kennesaw State,0.02261038825630542
South Carolina,Kent State,0.018895914095862852
South Carolina,Kentucky,0.017917144509196962
South Carolina,LSU,0.0240743289441657
South Carolina,Liberty,0.021502279598439745
South Carolina,Louisiana,0.025406000749744015
South Carolina,Louisiana Tech,0.02296352574424476
South Carolina,Louisville,0.013265316382338879
South Carolina,Marshall,0.014807321047213214
South Carolina,Maryland,0.02162713402087329
South Carolina,Massachusetts,0.02440667956527831
South Carolina,Memphis,0.03517312406056314
South Carolina,Miami,0.018148096909970633
South Carolina,Miami (OH),0.019734001069142183
South Carolina,Michigan,0.027672762735996417
South Carolina,Michigan State,0.022701341705131745
South Carolina,Middle Tennessee,0.016346403412827823
South Carolina,Minnesota,0.016663295194761688
South Carolina,Mississippi State,0.021507314500367705
South Carolina,Missouri,0.02447462156195199
South Carolina,Missouri State,0.02319290650373079
South Carolina,NC State,0.013821456355337113
South Carolina,Navy,0.02060734765197563
South Carolina,Nebraska,0.01920249357685972
South Carolina,Nevada,0.017793526955236203
South Carolina,New Mexico,0.022693674365307875
South Carolina,New Mexico State,0.024315609354660917
South Carolina,North Carolina,0.02263507528408317
South Carolina,North Dakota State,0.019088349943505892
South Carolina,North Texas,0.019570871597369435
South Carolina,Northern Illinois,0.0323269888574631
South Carolina,Northwestern,0.018475383597012052
South Carolina,Notre Dame,0.01814808468302696
South Carolina,Ohio,0.019968397893826536
South Carolina,Ohio State,0.022765943789429578
South Carolina,Oklahoma,0.023121092614526637
South Carolina,Oklahoma State,0.01381918187086656
South Carolina,Old Dominion,0.021735948389481723
South Carolina,Ole Miss,0.019250339345350767
South Carolina,Oregon,0.027209923562040356
South Carolina,Oregon State,0.029277676076464552
South Carolina,Penn State,0.02245187056333394
South Carolina,Pittsburgh,0.020600506310634138
South Carolina,Purdue,0.02178225143579468
South Carolina,Rice,0.01936798423348455
South Carolina,Rutgers,0.018853457357653862
South Carolina,SMU,0.02628806860970961
South Carolina,Sacramento State,0.01676866730393278
South Carolina,Sam Houston,0.033156871236986234
South Carolina,San Diego State,0.024751635360495447
South Carolina,San José State,0.021506452832526324
South Carolina,South Alabama,0.016842304326862186
South Carolina,South Florida,0.01426055718737555
South Carolina,Southern Miss,0.020620529848758926
South Carolina,Stanford,0.017210872444328316
South Carolina,Syracuse,0.020707090503127554
South Carolina,TCU,0.020298323589040504
South Carolina,Temple,0.021423317836335994
South Carolina,Tennessee,0.026985866131693077
South Carolina,Texas,0.021936911150291546
South Carolina,Texas A&M,0.031210873398862193
South Carolina,Texas State,0.018708912818476114
South Carolina,Texas Tech,0.016833037970295745
South Carolina,Toledo,0.016553362000747612
South Carolina,Troy,0.018825372471044335
South Carolina,Tulane,0.020748246847022412
South Carolina,Tulsa,0.029543423812569115
South Carolina,UAB,0.018798971666883
South Carolina,UCF,0.0234151183357137
South Carolina,UCLA,0.023921512422569503
South Carolina,UConn,0.022750500044791427
South Carolina,UL Monroe,0.024823359564207087
South Carolina,UNLV,0.022939801809788465
South Carolina,USC,0.020030781732832445
South Carolina,UTEP,0.0194467440123528
South Carolina,UTSA,0.026485074578619653
South Carolina,Utah,0.02558509936116022
South Carolina,Utah State,0.02810512091148936
South Carolina,Vanderbilt,0.027038967758892397
South Carolina,Virginia,0.020113704507280162
South Carolina,Virginia Tech,0.006665099066962736
South Carolina,Wake Forest,0.016486733433620653
South Carolina,Washington,0.01902502750151127
South Carolina,Washington State,0.02666863695259293
South Carolina,West Virginia,0.01635484130625499
South Carolina,Western Kentucky,0.024785137837596984
South Carolina,Western Michigan,0.02409537431082242
South Carolina,Wisconsin,0.014186217601809718
South Carolina,Wyoming,0.01799026273079409
South Florida,Air Force,0.02175210357470259
South Florida,Akron,0.017416220583525984
South Florida,Alabama,0.022658153529977042
South Florida,App State,0.008788411921477134
South Florida,Arizona,0.018429724450971397
South Florida,Arizona State,0.0029221510106629085
South Florida,Arkansas,0.01878014223885391
South Florida,Arkansas State,0.010649692040510413
South Florida,Army,0.01876197142565742
South Florida,Auburn,0.014644793219655245
South Florida,BYU,0.01553520258459018
South Florida,Ball State,0.01867374247630357
South Florida,Baylor,0.022476934711818417
South Florida,Boise State,0.011638580651328157
South Florida,Boston College,0.012308713954337018
South Florida,Bowling Green,0.015103732146503393
South Florida,Buffalo,0.027816377667070763
South Florida,California,0.02239609705440942
South Florida,Central Michigan,0.019655693313041584
South Florida,Charlotte,0.009850422824000924
South Florida,Cincinnati,0.01822926217209989
South Florida,Clemson,0.013181807384212544
South Florida,Coastal Carolina,0.029319058920120877
South Florida,Colorado,0.020562142060826315
South Florida,Colorado State,0.009695572220185111
South Florida,Delaware,0.009581036422841006
South Florida,Duke,0.008615815775498551
South Florida,East Carolina,0.01763880320554752
South Florida,Eastern Michigan,0.02311361381866054
South Florida,Florida,0.0139614492494478
South Florida,Florida Atlantic,0.01823708521213187
South Florida,Florida International,0.028735825601266772
South Florida,Florida State,0.019294485868623694
South Florida,Fresno State,0.013624984237682446
South Florida,Georgia,0.008115962508632333
South Florida,Georgia Southern,0.020423305262699414
South Florida,Georgia State,0.02061667685489564
South Florida,Georgia Tech,0.021616526388632103
South Florida,Hawai'i,0.019295891410825074
South Florida,Houston,0.007208998173744154
South Florida,Illinois,0.009508246236785261
South Florida,Indiana,0.017917616739856177
South Florida,Iowa,0.021111648206630185
South Florida,Iowa State,0.02652662486515208
South Florida,Jacksonville State,0.012701752670092343
South Florida,James Madison,0.019889418347121296
South Florida,Kansas,0.02623078674490415
South Florida,Kansas State,0.011437329976515576
South Florida,Kennesaw State,0.015553795791506318
South Florida,Kent State,0.011436847369864568
South Florida,Kentucky,0.02054162259434059
South Florida,LSU,0.011493470863949069
South Florida,Liberty,0.01632349111384361
South Florida,Louisiana,0.02073241358216734
South Florida,Louisiana Tech,0.020470468902378157
South Florida,Louisville,0.020575005586369162
South Florida,Marshall,0.010914478037752563
South Florida,Maryland,0.018113306096152262
South Florida,Massachusetts,0.02293512825359365
South Florida,Memphis,0.029010789790210562
South Florida,Miami,0.004626799075049845
South Florida,Miami (OH),0.006062708297312592
South Florida,Michigan,0.021229517157393407
South Florida,Michigan State,0.013902971856380305
South Florida,Middle Tennessee,0.012916617474900634
South Florida,Minnesota,0.0153508579583316
South Florida,Mississippi State,0.004274966858834158
South Florida,Missouri,0.018393681540990976
South Florida,Missouri State,0.01837283281002007
South Florida,NC State,0.01898042028375946
South Florida,Navy,0.023038922962088513
South Florida,Nebraska,0.022392729504066154
South Florida,Nevada,0.016626333561029966
South Florida,New Mexico,0.001951805480313521
South Florida,New Mexico State,0.027052385124069128
South Florida,North Carolina,0.021163889358441997
South Florida,North Dakota State,0.03608721689452174
South Florida,North Texas,0.025733205867722007
South Florida,Northern Illinois,0.021567363579599715
South Florida,Northwestern,0.01938964367556401
South Florida,Notre Dame,0.019371478424750614
South Florida,Ohio,0.013491650010777935
South Florida,Ohio State,0.016447785705760255
South Florida,Oklahoma,0.015862433396925325
South Florida,Oklahoma State,0.0231205263975839
South Florida,Old Dominion,0.01351708677725006
South Florida,Ole Miss,0.017354899042797245
South Florida,Oregon,0.021047589291687784
South Florida,Oregon State,0.030110988023758663
South Florida,Penn State,0.01719805952273429
South Florida,Pittsburgh,0.00984348031795267
South Florida,Purdue,0.015238600911806689
South Florida,Rice,0.015000248274352722
South Florida,Rutgers,0.013517689358860016
South Florida,SMU,0.014681143369642708
South Florida,Sacramento State,0.020176948534554765
South Florida,Sam Houston,0.018893562545100533
South Florida,San Diego State,0.011623046234212463
South Florida,San José State,0.02072436730852504
South Florida,South Alabama,0.013164880718324348
South Florida,South Carolina,0.010509898787906636
South Florida,Southern Miss,0.02067875242646711
South Florida,Stanford,0.008230241643178662
South Florida,Syracuse,0.0020678054818929217
South Florida,TCU,0.009129127782400038
South Florida,Temple,0.017423439995236368
South Florida,Tennessee,0.014577984680223774
South Florida,Texas,0.013801886982407531
South Florida,Texas A&M,0.014067340653475915
South Florida,Texas State,0.022370287336164703
South Florida,Texas Tech,0.013104593106393048
South Florida,Toledo,0.014046814621014453
South Florida,Troy,0.023142616584060534
South Florida,Tulane,0.016350043136252674
South Florida,Tulsa,0.01893387488158031
South Florida,UAB,0.01684543327525538
South Florida,UCF,0.02243816043276615
South Florida,UCLA,0.02237585956045518
South Florida,UConn,0.009532436494334438
South Florida,UL Monroe,0.018661025293854515
South Florida,UNLV,0.019018994503610512
South Florida,USC,0.017779641577560863
South Florida,UTEP,0.01013510331866839
South Florida,UTSA,0.0164548801116103
South Florida,Utah,0.01796168016715045
South Florida,Utah State,0.024110089021712636
South Florida,Vanderbilt,0.0221455622960467
South Florida,Virginia,0.003918517625687911
South Florida,Virginia Tech,0.009186454115026171
South Florida,Wake Forest,0.008092094193609987
South Florida,Washington,0.014261384893404516
South Florida,Washington State,0.015625475315215333
South Florida,West Virginia,0.012133420924916729
South Florida,Western Kentucky,0.018622803567244408
South Florida,Western Michigan,0.007652088732427318
South Florida,Wisconsin,0.020579037900636747
South Florida,Wyoming,0.022769596376669917
Southern Miss,Air Force,0.010425677722699075
Southern Miss,Akron,0.015830074467289484
Southern Miss,Alabama,0.008664812229904043
Southern Miss,App State,0.009424172908090365
Southern Miss,Arizona,0.010231318851733612
Southern Miss,Arizona State,0.004680849590454069
Southern Miss,Arkansas,0.011502985029434821
Southern Miss,Arkansas State,0.00884280095164461
Southern Miss,Army,0.008727357635802103
Southern Miss,Auburn,0.014009032233042012
Southern Miss,BYU,0.010490712713361825
Southern Miss,Ball State,0.004798945902746635
Southern Miss,Baylor,0.009893674523849934
Southern Miss,Boise State,0.005291671428248138
Southern Miss,Boston College,0.004897294017251483
Southern Miss,Bowling Green,0.0018440613791298605
Southern Miss,Buffalo,0.012985411941915345
Southern Miss,California,0.023031858041022653
Southern Miss,Central Michigan,0.0052742585840151145
Southern Miss,Charlotte,0.006927654909448907
Southern Miss,Cincinnati,0.01886502315871312
Southern Miss,Clemson,0.012296525061368191
Southern Miss,Coastal Carolina,0.004932243902043721
Southern Miss,Colorado,0.008846456314118656
Southern Miss,Colorado State,0.009950430723415445
Southern Miss,Delaware,0.008945275436227773
Southern Miss,Duke,0.007269793322572174
Southern Miss,East Carolina,0.006821761245156744
Southern Miss,Eastern Michigan,0.006377502593064699
Southern Miss,Florida,0.006115457883263757
Southern Miss,Florida Atlantic,0.018872846198745102
Southern Miss,Florida International,0.007272268238251346
Southern Miss,Florida State,0.007424833974518182
Southern Miss,Fresno State,0.01177935907607355
Southern Miss,Georgia,0.0026939681662209274
Southern Miss,Georgia Southern,0.01874959895977009
Southern Miss,Georgia State,0.007184446793417623
Southern Miss,Georgia Tech,0.007507621445691734
Southern Miss,Hawai'i,0.007699306903551191
Southern Miss,Houston,0.000904504021082921
Southern Miss,Illinois,0.009752124400527463
Southern Miss,Indiana,0.007864499809484605
Southern Miss,Iowa,0.006026540551102438
Southern Miss,Iowa State,0.004876945091707711
Southern Miss,Jacksonville State,0.007886377940955066
Southern Miss,James Madison,0.0060297426713873045
Southern Miss,Kansas,0.00814988155933412
Southern Miss,Kansas State,0.00892386814311498
Southern Miss,Kennesaw State,0.006421927569677035
Southern Miss,Kent State,0.0120726083564778
Southern Miss,Kentucky,0.008040801633782346
Southern Miss,LSU,0.012308591146536508
Southern Miss,Liberty,0.005313818911811357
Southern Miss,Louisiana,0.009217540063115629
Southern Miss,Louisiana Tech,0.01232438420291103
Southern Miss,Louisville,0.0029231443042895076
Southern Miss,Marshall,0.004567568814672545
Southern Miss,Maryland,0.005438673334244901
Southern Miss,Massachusetts,0.01211280029336051
Southern Miss,Memphis,0.029646550776823793
Southern Miss,Miami,0.0019854677180038936
Southern Miss,Miami (OH),0.005022514419066286
Southern Miss,Michigan,0.011484302049368029
Southern Miss,Michigan State,0.006524695671909577
Southern Miss,Middle Tennessee,0.004936061698910392
Southern Miss,Minnesota,0.011136721911022347
Southern Miss,Mississippi State,0.005318853813739317
Southern Miss,Missouri,0.008286160875323603
Southern Miss,Missouri State,0.00805467858743366
Southern Miss,NC State,0.005653162601913609
Southern Miss,Navy,0.012581242637879887
Southern Miss,Nebraska,0.013581918296169865
Southern Miss,Nevada,0.007462651557184158
Southern Miss,New Mexico,0.006505213678679488
Southern Miss,New Mexico State,0.00812714866803253
Southern Miss,North Carolina,0.006446614597454783
Southern Miss,North Dakota State,0.005901991486942903
Southern Miss,North Texas,0.025097444881108773
Southern Miss,Northern Illinois,0.016138528170834714
Southern Miss,Northwestern,0.005654672739009181
Southern Miss,Notre Dame,0.005179916081367636
Southern Miss,Ohio,0.007144740787697916
Southern Miss,Ohio State,0.00657748310280119
Southern Miss,Oklahoma,0.006932631927898249
Southern Miss,Oklahoma State,0.006794814190618703
Southern Miss,Old Dominion,0.011274273051915237
Southern Miss,Ole Miss,0.013723766061611426
Southern Miss,Oregon,0.021683350278301018
Southern Miss,Oregon State,0.013089215389836168
Southern Miss,Penn State,0.006263409876705555
Southern Miss,Pittsburgh,0.009207719331339436
Southern Miss,Purdue,0.0055937907491662945
Southern Miss,Rice,0.003179523546856161
Southern Miss,Rutgers,0.01332688407391452
Southern Miss,SMU,0.010099607923081223
Southern Miss,Sacramento State,0.009293498421700101
Southern Miss,Sam Houston,0.016968410550357846
Southern Miss,San Diego State,0.012258807220825696
Southern Miss,San José State,0.005317992145897938
Southern Miss,South Alabama,0.0012264905031694716
Southern Miss,South Carolina,0.004162989564826616
Southern Miss,South Florida,0.001927903499252837
Southern Miss,Stanford,0.0018833324200986442
Southern Miss,Syracuse,0.005789978937447072
Southern Miss,TCU,0.004109862902412116
Southern Miss,Temple,0.013277019180648221
Southern Miss,Tennessee,0.010797405445064691
Southern Miss,Texas,0.007454977759327512
Southern Miss,Texas A&M,0.015022412712233809
Southern Miss,Texas State,0.002520452131847727
Southern Miss,Texas Tech,0.00675768388331303
Southern Miss,Toledo,0.01341105363440122
Southern Miss,Troy,0.003734738402674613
Southern Miss,Tulane,0.004559786160394026
Southern Miss,Tulsa,0.01572277148060728
Southern Miss,UAB,0.0026105109802546152
Southern Miss,UCF,0.01535182595330349
Southern Miss,UCLA,0.0077330517359411165
Southern Miss,UConn,0.008896675507721205
Southern Miss,UL Monroe,0.01929678628046775
Southern Miss,UNLV,0.011313649479461193
Southern Miss,USC,0.005970213509240761
Southern Miss,UTEP,0.0037881940955883714
Southern Miss,UTSA,0.010296613891991265
Southern Miss,Utah,0.009396638674531834
Southern Miss,Utah State,0.011916660224860976
Southern Miss,Vanderbilt,0.013368136533390198
Southern Miss,Virginia,0.003925243820651776
Southern Miss,Virginia Tech,0.008550693128412938
Southern Miss,Wake Forest,0.0045108562681275746
Southern Miss,Washington,0.008907026193112922
Southern Miss,Washington State,0.0149897143286021
Southern Miss,West Virginia,0.005281152615959579
Southern Miss,Western Kentucky,0.01925856455385764
Southern Miss,Western Michigan,0.007906913624194033
Southern Miss,Wisconsin,0.008659644318070377
Southern Miss,Wyoming,0.006542882195953309
Stanford,Air Force,0.0028308240786495366
Stanford,Akron,0.02169552904863914
Stanford,Alabama,0.014437385967748857
Stanford,App State,0.007498452568973064
Stanford,Arizona,0.005016192900777337
Stanford,Arizona State,0.00959221751361943
Stanford,Arkansas,0.010837149234048962
Stanford,Arkansas State,0.013381309792024272
Stanford,Army,0.01198514247669027
Stanford,Auburn,0.019874486814391665
Stanford,BYU,0.007910714767158556
Stanford,Ball State,0.010664400484096287
Stanford,Baylor,0.009729604568875354
Stanford,Boise State,0.008952499805972666
Stanford,Boston College,0.011646340712733207
Stanford,Bowling Green,0.015100563180478473
Stanford,Buffalo,0.018850866523264998
Stanford,California,0.017166403459673
Stanford,Central Michigan,0.007982243217333497
Stanford,Charlotte,0.022921770521237436
Stanford,Cincinnati,0.012999568577363469
Stanford,Clemson,0.01026410996753619
Stanford,Coastal Carolina,0.00832425789930489
Stanford,Colorado,0.014711910895468307
Stanford,Colorado State,0.013750345131563625
Stanford,Delaware,0.014810730017577425
Stanford,Duke,0.015285882278455072
Stanford,East Carolina,0.009563287464682312
Stanford,Eastern Michigan,0.006878999208283913
Stanford,Florida,0.009484468102300934
Stanford,Florida Atlantic,0.013007391617395453
Stanford,Florida International,0.013137722819600997
Stanford,Florida State,0.012051619620023291
Stanford,Fresno State,0.0176448136574232
Stanford,Georgia,0.010562533635127684
Stanford,Georgia Southern,0.024615053541119744
Stanford,Georgia State,0.009944680977208903
Stanford,Georgia Tech,0.005748880355656877
Stanford,Hawai'i,0.005714444269394428
Stanford,Houston,0.01235199778026569
Stanford,Illinois,0.015469354693072118
Stanford,Indiana,0.010305235799905988
Stanford,Iowa,0.01189199513245209
Stanford,Iowa State,0.008379556709640901
Stanford,Jacksonville State,0.010744164681656393
Stanford,James Madison,0.010363126108438007
Stanford,Kansas,0.014015336140683772
Stanford,Kansas State,0.01200858737523316
Stanford,Kennesaw State,0.007892121560242417
Stanford,Kent State,0.010549048392114147
Stanford,Kentucky,0.011527817978780039
Stanford,LSU,0.016723164458685488
Stanford,Liberty,0.007942682889537254
Stanford,Louisiana,0.012356418381832107
Stanford,Louisiana Tech,0.018189838784260684
Stanford,Louisville,0.01617964610563812
Stanford,Marshall,0.014637641440763786
Stanford,Maryland,0.010703619901583217
Stanford,Massachusetts,0.01797825487471016
Stanford,Memphis,0.023781096195474142
Stanford,Miami,0.011296865578006366
Stanford,Miami (OH),0.010887969000415937
Stanford,Michigan,0.0022164001943553286
Stanford,Michigan State,0.009542945495368431
Stanford,Middle Tennessee,0.013098559075149178
Stanford,Minnesota,0.016484431137740445
Stanford,Mississippi State,0.009504660453570577
Stanford,Missouri,0.009294676905763083
Stanford,Missouri State,0.013920133168783311
Stanford,NC State,0.015623506132639884
Stanford,Navy,0.012673355976934147
Stanford,Nebraska,0.01024246891111728
Stanford,Nevada,0.011651435532740794
Stanford,New Mexico,0.006751288122669124
Stanford,New Mexico State,0.0051293531333160836
Stanford,North Carolina,0.011581172005640844
Stanford,North Dakota State,0.012641299542773005
Stanford,North Texas,0.030962899462458428
Stanford,Northern Illinois,0.0028820263694861008
Stanford,Northwestern,0.010969578890964948
Stanford,Notre Dame,0.011296877804950037
Stanford,Ohio,0.01113782443798237
Stanford,Ohio State,0.006998131645988481
Stanford,Oklahoma,0.011288555392881748
Stanford,Oklahoma State,0.015625780617110438
Stanford,Old Dominion,0.01713972763326489
Stanford,Ole Miss,0.018308875267891895
Stanford,Oregon,0.015817895696951363
Stanford,Oregon State,0.010462310256727888
Stanford,Penn State,0.006993091924643057
Stanford,Pittsburgh,0.015073173912689088
Stanford,Purdue,0.008632403414733507
Stanford,Rice,0.010076978254492452
Stanford,Rutgers,0.015228895999644316
Stanford,SMU,0.011170368063265702
Stanford,Sacramento State,0.015158953003049752
Stanford,Sam Houston,0.0045523548066482
Stanford,San Diego State,0.006393352639476045
Stanford,San José State,0.007938509655450674
Stanford,South Alabama,0.012602658161114815
Stanford,South Carolina,0.009674262131644388
Stanford,South Florida,0.015184405300601448
Stanford,Southern Miss,0.02590844602120353
Stanford,Syracuse,0.008737871984849443
Stanford,TCU,0.009146638898936497
Stanford,Temple,0.019142473761997875
Stanford,Tennessee,0.008867932671524963
Stanford,Texas,0.011015219948597423
Stanford,Texas A&M,0.01569355369026982
Stanford,Texas State,0.010736049669500885
Stanford,Texas Tech,0.012611924517681252
Stanford,Toledo,0.019276508215750873
Stanford,Troy,0.010619590016932664
Stanford,Tulane,0.008696715640954587
Stanford,Tulsa,0.021588226061956935
Stanford,UAB,0.010645990821093996
Stanford,UCF,0.021217280534653143
Stanford,UCLA,0.006941250826189616
Stanford,UConn,0.014762130089070857
Stanford,UL Monroe,0.01535385696980153
Stanford,UNLV,0.006505160678188535
Stanford,USC,0.011835668090590412
Stanford,UTEP,0.0099982184756242
Stanford,UTSA,0.006991037240138438
Stanford,Utah,0.005484237184598285
Stanford,Utah State,0.014649724252693355
Stanford,Vanderbilt,0.007502681952040546
Stanford,Virginia,0.009331257980696837
Stanford,Virginia Tech,0.01441614770976259
Stanford,Wake Forest,0.012958229054356347
Stanford,Washington,0.014772480774462573
Stanford,Washington State,0.020855168909951753
Stanford,West Virginia,0.013090121181722009
Stanford,Western Kentucky,0.014099880650400581
Stanford,Western Michigan,0.012881782327163737
Stanford,Wisconsin,0.016626087751238222
Stanford,Wyoming,0.011454699757182912
Syracuse,Air Force,0.009410398526494373
Syracuse,Akron,0.01541437139523201
Syracuse,Alabama,0.014711436713999194
Syracuse,App State,0.010065625411791769
Syracuse,Arizona,0.010647021923791088
Syracuse,Arizona State,0.010727474074549222
Syracuse,Arkansas,0.011918688101492297
Syracuse,Arkansas State,0.012674768746934576
Syracuse,Army,0.00914306070785958
Syracuse,Auburn,0.013593329160984536
Syracuse,BYU,0.009475433517157123
Syracuse,Ball State,0.009433952586771556
Syracuse,Baylor,0.008878395327645231
Syracuse,Boise State,0.003408053823319208
Syracuse,Boston College,0.011015746833107971
Syracuse,Bowling Green,0.008220728640941598
Syracuse,Buffalo,0.012569708869857869
Syracuse,California,0.02344756111308013
Syracuse,Central Michigan,0.00864625709546811
Syracuse,Charlotte,0.02280031395693369
Syracuse,Cincinnati,0.019280726230770595
Syracuse,Clemson,0.011281245865163488
Syracuse,Coastal Carolina,0.005994598132675885
Syracuse,Colorado,0.00843075324206118
Syracuse,Colorado State,0.01362888856725988
Syracuse,Delaware,0.008969380862544432
Syracuse,Duke,0.010586798812332132
Syracuse,East Carolina,0.005685657581897467
Syracuse,Eastern Michigan,0.006583513101514572
Syracuse,Florida,0.00936301153799719
Syracuse,Florida Atlantic,0.01928854927080258
Syracuse,Florida International,0.007383152886426232
Syracuse,Florida State,0.0040299749188212955
Syracuse,Fresno State,0.011363656004016074
Syracuse,Georgia,0.0042775711985428375
Syracuse,Georgia Southern,0.018333895887712615
Syracuse,Georgia State,0.00933212199432022
Syracuse,Georgia Tech,0.0064923422494870325
Syracuse,Hawai'i,0.008115009975608666
Syracuse,Houston,0.005184535533431017
Syracuse,Illinois,0.01381621455065973
Syracuse,Indiana,0.008280202881542081
Syracuse,Iowa,0.005610837479044962
Syracuse,Iowa State,0.009536722314443927
Syracuse,Jacksonville State,0.010622708117352648
Syracuse,James Madison,0.005014463475182602
Syracuse,Kansas,0.007734178487276644
Syracuse,Kansas State,0.011887130810929415
Syracuse,Kennesaw State,0.007770664995938673
Syracuse,Kent State,0.014569726090646544
Syracuse,Kentucky,0.009524851620152505
Syracuse,LSU,0.01835521563063166
Syracuse,Liberty,0.007000969673601379
Syracuse,Louisiana,0.008202260866910926
Syracuse,Louisiana Tech,0.014500834480415852
Syracuse,Louisville,0.006567445264061864
Syracuse,Marshall,0.002396418835619876
Syracuse,Maryland,0.005503260667634258
Syracuse,Massachusetts,0.011697097221303033
Syracuse,Memphis,0.03006225384888127
Syracuse,Miami,0.008032092202099045
Syracuse,Miami (OH),0.006330825409862579
Syracuse,Michigan,0.010469022853163328
Syracuse,Michigan State,0.009421488931064686
Syracuse,Middle Tennessee,0.010407843312544357
Syracuse,Minnesota,0.011552424983079823
Syracuse,Mississippi State,0.00815003433737633
Syracuse,Missouri,0.008310227680991782
Syracuse,Missouri State,0.010323048018525764
Syracuse,NC State,0.009893844597787934
Syracuse,Navy,0.006534618153784736
Syracuse,Nebraska,0.013997621368227341
Syracuse,Nevada,0.01350927604127931
Syracuse,New Mexico,0.012178677192943025
Syracuse,New Mexico State,0.007111869471827827
Syracuse,North Carolina,0.010579610265328703
Syracuse,North Dakota State,0.01276275610707675
Syracuse,North Texas,0.0246817418090513
Syracuse,Northern Illinois,0.015123248974630011
Syracuse,Northwestern,0.0063418045696971796
Syracuse,Notre Dame,0.009663989294196101
Syracuse,Ohio,0.011016367873678625
Syracuse,Ohio State,0.007069191921102998
Syracuse,Oklahoma,0.007462027390519665
Syracuse,Oklahoma State,0.012841438674713854
Syracuse,Old Dominion,0.010858569979857761
Syracuse,Ole Miss,0.014139469133668902
Syracuse,Oregon,0.022099053350358493
Syracuse,Oregon State,0.012073936193631465
Syracuse,Penn State,0.007291265430576825
Syracuse,Pittsburgh,0.00879201625928196
Syracuse,Purdue,0.008085859875638302
Syracuse,Rice,0.008324212513092268
Syracuse,Rutgers,0.013742587145971995
Syracuse,SMU,0.00908432872687652
Syracuse,Sacramento State,0.009554512567614694
Syracuse,Sam Houston,0.015953131354153143
Syracuse,San Diego State,0.012674510292883173
Syracuse,San José State,0.01114183351861284
Syracuse,South Alabama,0.010159580069120641
Syracuse,South Carolina,0.00339310447823726
Syracuse,South Florida,0.007593488220150914
Syracuse,Southern Miss,0.0196272883677964
Syracuse,Stanford,0.004163292063996508
Syracuse,TCU,0.003264405924775133
Syracuse,Temple,0.012861316108590745
Syracuse,Tennessee,0.009782126248859989
Syracuse,Texas,0.004734062295190295
Syracuse,Texas A&M,0.014007133516029106
Syracuse,Texas State,0.0035904943123890197
Syracuse,Texas Tech,0.0015631512704501523
Syracuse,Toledo,0.012995350562343744
Syracuse,Troy,0.00722610590783483
Syracuse,Tulane,0.0069744176511923155
Syracuse,Tulsa,0.015307068408549805
Syracuse,UAB,0.008054383873427816
Syracuse,UCF,0.014936122881246013
Syracuse,UCLA,0.00847739104024479
Syracuse,UConn,0.008480972435663729
Syracuse,UL Monroe,0.019712489352525224
Syracuse,UNLV,0.01172935255151867
Syracuse,USC,0.005554510437183285
Syracuse,UTEP,0.0023370686675428408
Syracuse,UTSA,0.009281334695786564
Syracuse,Utah,0.008381359478327131
Syracuse,Utah State,0.010901381028656273
Syracuse,Vanderbilt,0.013783839605447674
Syracuse,Virginia,0.00847501608148726
Syracuse,Virginia Tech,0.008134990056355462
Syracuse,Wake Forest,0.004926559340185051
Syracuse,Washington,0.009063075894040474
Syracuse,Washington State,0.014574011256544624
Syracuse,West Virginia,0.011191039862528262
Syracuse,Western Kentucky,0.019674267625915117
Syracuse,Western Michigan,0.007156667418894342
Syracuse,Wisconsin,0.009665923614666679
Syracuse,Wyoming,0.006958585268010784
TCU,Air Force,0.014459808339680403
TCU,Akron,0.03174276449306315
TCU,Alabama,0.02448462141217287
TCU,App State,0.018932370634336233
TCU,Arizona,0.011975550358863092
TCU,Arizona State,0.019594219297093686
TCU,Arkansas,0.013499832780902023
TCU,Arkansas State,0.010806656099738896
TCU,Army,0.013444524898553899
TCU,Auburn,0.02992172225881568
TCU,BYU,0.015457455235499799
TCU,Ball State,0.0207116359285203
TCU,Baylor,0.01977684001329937
TCU,Boise State,0.01899973525039668
TCU,Boston College,0.02080998404302515
TCU,Bowling Green,0.016505009392030177
TCU,Buffalo,0.02889810196768901
TCU,California,0.02182979546361701
TCU,Central Michigan,0.017513002318012574
TCU,Charlotte,0.02284034493522257
TCU,Cincinnati,0.01655379363737147
TCU,Clemson,0.01444331531035013
TCU,Coastal Carolina,0.017050832360133737
TCU,Colorado,0.024759146339892322
TCU,Colorado State,0.017817366495275225
TCU,Delaware,0.02485796546200144
TCU,Duke,0.023182483348345842
TCU,East Carolina,0.019610522909106327
TCU,Eastern Michigan,0.015450258324059036
TCU,Florida,0.016011856018180462
TCU,Florida Atlantic,0.018645768954989615
TCU,Florida International,0.023184958264025012
TCU,Florida State,0.012447344256576901
TCU,Fresno State,0.027692049101847215
TCU,Georgia,0.01632724864045139
TCU,Georgia Southern,0.03466228898554376
TCU,Georgia State,0.018198867216864683
TCU,Georgia Tech,0.014978933792478276
TCU,Hawai'i,0.013605077544337159
TCU,Houston,0.015543083468382223
TCU,Illinois,0.015471139531499522
TCU,Indiana,0.014622561110506185
TCU,Iowa,0.021939230576876106
TCU,Iowa State,0.01840346753698839
TCU,Jacksonville State,0.014967463557830357
TCU,James Madison,0.020410361552862022
TCU,Kansas,0.024062571585107786
TCU,Kansas State,0.019596659600690985
TCU,Kennesaw State,0.016438999228708825
TCU,Kent State,0.023436471313191008
TCU,Kentucky,0.01839159684269697
TCU,LSU,0.027221960853176123
TCU,Liberty,0.015318837066488497
TCU,Louisiana,0.02240365382625612
TCU,Louisiana Tech,0.028237074228684697
TCU,Louisville,0.01729603269188636
TCU,Marshall,0.015549299915860288
TCU,Maryland,0.020750855346007232
TCU,Massachusetts,0.028025490319134178
TCU,Memphis,0.022304118020511715
TCU,Miami,0.01689883742464351
TCU,Miami (OH),0.020935204444839952
TCU,Michigan,0.017151986974623924
TCU,Michigan State,0.012080532736061352
TCU,Middle Tennessee,0.020848751724684058
TCU,Minnesota,0.014142118839728953
TCU,Mississippi State,0.01955189589799459
TCU,Missouri,0.019341912350187097
TCU,Missouri State,0.023967368613207328
TCU,NC State,0.021565852627687274
TCU,Navy,0.013894288187836995
TCU,Nebraska,0.019012453077938973
TCU,Nevada,0.022376021263823775
TCU,New Mexico,0.02104542241548749
TCU,New Mexico State,0.015205218680155218
TCU,North Carolina,0.02162840745006486
TCU,North Dakota State,0.0238189903345346
TCU,North Texas,0.04101013490688244
TCU,Northern Illinois,0.016057808261895783
TCU,Northwestern,0.015208549792241644
TCU,Notre Dame,0.021092606107141303
TCU,Ohio,0.01422812610443403
TCU,Ohio State,0.015935937143647463
TCU,Oklahoma,0.021335790837305763
TCU,Oklahoma State,0.02170818389725832
TCU,Old Dominion,0.027186963077688905
TCU,Ole Miss,0.015072723680218366
TCU,Oregon,0.022057189535093797
TCU,Oregon State,0.020509545701151904
TCU,Penn State,0.01615801065312129
TCU,Pittsburgh,0.025120409357113103
TCU,Purdue,0.01867963885915752
TCU,Rice,0.017688121877764484
TCU,Rutgers,0.012431767733575419
TCU,SMU,0.021217603507689718
TCU,Sacramento State,0.025206188447473767
TCU,Sam Houston,0.018759489544100092
TCU,San Diego State,0.014741948625123966
TCU,San José State,0.020008578741157305
TCU,South Alabama,0.017139180528943136
TCU,South Carolina,0.019721497576068402
TCU,South Florida,0.016503418670642884
TCU,Southern Miss,0.03595568146562754
TCU,Stanford,0.017062944628506112
TCU,Syracuse,0.020703348644086687
TCU,Temple,0.029189709206421888
TCU,Tennessee,0.01770118955948812
TCU,Texas,0.021062455393021436
TCU,Texas A&M,0.025740789134693833
TCU,Texas State,0.01766778945123374
TCU,Texas Tech,0.01476524182738099
TCU,Toledo,0.029323743660174886
TCU,Troy,0.016092851130379296
TCU,Tulane,0.014465997227533282
TCU,Tulsa,0.03163546150638095
TCU,UAB,0.016921129095972282
TCU,UCF,0.03126451597907716
TCU,UCLA,0.017344136262789252
TCU,UConn,0.024809365533494873
TCU,UL Monroe,0.013003002318618336
TCU,UNLV,0.01715272031877285
TCU,USC,0.021882903535014427
TCU,UTEP,0.013991324430288301
TCU,UTSA,0.014398304937006976
TCU,Utah,0.013375435120112316
TCU,Utah State,0.02469695969711737
TCU,Vanderbilt,0.015912178869767032
TCU,Virginia,0.018656319032290595
TCU,Virginia Tech,0.024463383154186606
TCU,Wake Forest,0.013168184736109648
TCU,Washington,0.024819716218886588
TCU,Washington State,0.030902404354375766
TCU,West Virginia,0.017272927048562835
TCU,Western Kentucky,0.006951478427516238
TCU,Western Michigan,0.02292901777158775
TCU,Wisconsin,0.018532668837211143
TCU,Wyoming,0.01170908545747544
Temple,Air Force,0.016306723587900925
Temple,Akron,0.02064260657907753
Temple,Alabama,0.015400673632626472
Temple,App State,0.0088146323451602
Temple,Arizona,0.019629102711632117
Temple,Arizona State,0.009476481007917651
Temple,Arkansas,0.019278684923749605
Temple,Arkansas State,0.0274091351220931
Temple,Army,0.019296855736946093
Temple,Auburn,0.017406757221592576
Temple,BYU,0.022523624578013334
Temple,Ball State,0.019385084686299944
Temple,Baylor,0.015581892450785097
Temple,Boise State,0.006484770213173577
Temple,Boston College,0.025750113208266496
Temple,Bowling Green,0.022955095016100123
Temple,Buffalo,0.01638313693046591
Temple,California,0.020482009301978393
Temple,Central Michigan,0.01840313384956193
Temple,Charlotte,0.037534680332092216
Temple,Cincinnati,0.02088999580420005
Temple,Clemson,0.02487701977839097
Temple,Coastal Carolina,0.008739768242482638
Temple,Colorado,0.017496685101777196
Temple,Colorado State,0.028363254942418405
Temple,Delaware,0.012343000424778336
Temple,Duke,0.010667518311122736
Temple,East Carolina,0.020420023957055992
Temple,Eastern Michigan,0.014945213343942974
Temple,Florida,0.024097377913155714
Temple,Florida Atlantic,0.020653954632007584
Temple,Florida International,0.010669993226801908
Temple,Florida State,0.01876434129397982
Temple,Fresno State,0.015177084064624112
Temple,Georgia,0.0038122836032282842
Temple,Georgia Southern,0.022147323948320655
Temple,Georgia State,0.017442150307707873
Temple,Georgia Tech,0.01644230077397141
Temple,Hawai'i,0.01876293575177844
Temple,Houston,0.003933542466799448
Temple,Illinois,0.028550580925818254
Temple,Indiana,0.020141210422747337
Temple,Iowa,0.01694717895597333
Temple,Iowa State,0.011532202297451435
Temple,Jacksonville State,0.02535707449251117
Temple,James Madison,0.018169408815482218
Temple,Kansas,0.011828040417699364
Temple,Kansas State,0.026621497186087938
Temple,Kennesaw State,0.022505031371097196
Temple,Kent State,0.013318733024014975
Temple,Kentucky,0.017517204568262924
Temple,LSU,0.017104222564000092
Temple,Liberty,0.021735336048759903
Temple,Louisiana,0.017326413580436174
Temple,Louisiana Tech,0.017588358260225357
Temple,Louisville,0.017483821576234352
Temple,Marshall,0.0050483937966746125
Temple,Maryland,0.01994552106645125
Temple,Massachusetts,0.015510525281911072
Temple,Memphis,0.02624882578827323
Temple,Miami,0.006781099135467476
Temple,Miami (OH),0.008420239407616848
Temple,Michigan,0.016829310005210107
Temple,Michigan State,0.02415585530622321
Temple,Middle Tennessee,0.02514220968770288
Temple,Minnesota,0.022707969204271913
Temple,Mississippi State,0.007036930860771488
Temple,Missouri,0.019665145621612538
Temple,Missouri State,0.019685994352583443
Temple,NC State,0.019078406878844052
Temple,Navy,0.015019904200515001
Temple,Nebraska,0.01566609765853736
Temple,Nevada,0.02143249360157355
Temple,New Mexico,0.010927684126311458
Temple,New Mexico State,0.011006442038534387
Temple,North Carolina,0.016894937804161517
Temple,North Dakota State,0.010697622904406486
Temple,North Texas,0.02849516986965934
Temple,Northern Illinois,0.0164914635830038
Temple,Northwestern,0.018669183487039505
Temple,Notre Dame,0.0186873487378529
Temple,Ohio,0.02575073424883715
Temple,Ohio State,0.02161104145684326
Temple,Oklahoma,0.02219639376567819
Temple,Oklahoma State,0.014938300765019615
Temple,Old Dominion,0.024541740385353453
Temple,Ole Miss,0.02070392811980627
Temple,Oregon,0.020719805245205794
Temple,Oregon State,0.009421961232576728
Temple,Penn State,0.020860767639869222
Temple,Pittsburgh,0.012605444319889999
Temple,Purdue,0.022820226250796827
Temple,Rice,0.023058578888250792
Temple,Rutgers,0.0245411378037435
Temple,SMU,0.023377683792960804
Temple,Sacramento State,0.01788187862804875
Temple,Sam Houston,0.01916526461750298
Temple,San Diego State,0.008861082232275134
Temple,San José State,0.01733445985407847
Temple,South Alabama,0.024893946444279166
Temple,South Carolina,0.007206532538845299
Temple,South Florida,0.015118643257788781
Temple,Southern Miss,0.027846182993927576
Temple,Stanford,0.004547979591283008
Temple,Syracuse,0.010585610354910655
Temple,TCU,0.00416017057934613
Temple,Tennessee,0.023480842482379742
Temple,Texas,0.008547490355798333
Temple,Texas A&M,0.0239914865091276
Temple,Texas State,0.015688539826438815
Temple,Texas Tech,0.0030226768735920795
Temple,Toledo,0.016808778622951784
Temple,Troy,0.01491621057854298
Temple,Tulane,0.02170878402635084
Temple,Tulsa,0.019124952281023205
Temple,UAB,0.021213393887348133
Temple,UCF,0.018749550941854053
Temple,UCLA,0.015682967602148334
Temple,UConn,0.012294400496271767
Temple,UL Monroe,0.02996676678065631
Temple,UNLV,0.019039832658993002
Temple,USC,0.02027918558504265
Temple,UTEP,0.0014763593930651978
Temple,UTSA,0.021603947050993215
Temple,Utah,0.020097146995453063
Temple,Utah State,0.013948738140890878
Temple,Vanderbilt,0.015913264866556812
Temple,Virginia,0.007224023014855691
Temple,Virginia Tech,0.0119484181169635
Temple,Wake Forest,0.0033689814102671736
Temple,Washington,0.023797442269199
Temple,Washington State,0.027448371534472507
Temple,West Virginia,0.025925406237686785
Temple,Western Kentucky,0.015860839565307077
Temple,Western Michigan,0.010414052734364647
Temple,Wisconsin,0.017479789261966767
Temple,Wyoming,0.015289230785933597
Tennessee,Air Force,0.007233875237277013
Tennessee,Akron,0.017276191774280976
Tennessee,Alabama,0.010018048693390695
Tennessee,App State,0.007978055601098877
Tennessee,Arizona,0.008785201544742122
Tennessee,Arizona State,0.004520474424087994
Tennessee,Arkansas,0.010056867722443331
Tennessee,Arkansas State,0.008027270581824543
Tennessee,Army,0.007281240328810615
Tennessee,Auburn,0.015455149540033502
Tennessee,BYU,0.007298910227939763
Tennessee,Ball State,0.006245063209738125
Tennessee,Baylor,0.00670187203842787
Tennessee,Boise State,0.005452046594614213
Tennessee,Boston College,0.006368248667997937
Tennessee,Bowling Green,0.005035863864551923
Tennessee,Buffalo,0.014431529248906835
Tennessee,California,0.021585740734031165
Tennessee,Central Michigan,0.0024392574450068836
Tennessee,Charlotte,0.018152815791823658
Tennessee,Cincinnati,0.01741890585172163
Tennessee,Clemson,0.009104722575946127
Tennessee,Coastal Carolina,0.01064209629778592
Tennessee,Colorado,0.010292573621110145
Tennessee,Colorado State,0.008981390402149845
Tennessee,Delaware,0.010391392743219263
Tennessee,Duke,0.008715910629563664
Tennessee,East Carolina,0.006982136411522819
Tennessee,Eastern Michigan,0.004436651196325585
Tennessee,Florida,0.004715513372887156
Tennessee,Florida Atlantic,0.017426728891753614
Tennessee,Florida International,0.010058862978931818
Tennessee,Florida State,0.007585209140884257
Tennessee,Fresno State,0.01322547638306504
Tennessee,Georgia,0.0019294284519183896
Tennessee,Georgia Southern,0.02019571626676158
Tennessee,Georgia State,0.005738329486426133
Tennessee,Georgia Tech,0.004315818960269672
Tennessee,Hawai'i,0.006253189596559701
Tennessee,Houston,0.002287298464339142
Tennessee,Illinois,0.009168716385549695
Tennessee,Indiana,0.006418382502493115
Tennessee,Iowa,0.007472657858093928
Tennessee,Iowa State,0.007849662242817123
Tennessee,Jacksonville State,0.005975209952242614
Tennessee,James Madison,0.0059437888340798445
Tennessee,Kansas,0.00959599886632561
Tennessee,Kansas State,0.007239632645819381
Tennessee,Kennesaw State,0.0032301250842549714
Tennessee,Kent State,0.010626491049486311
Tennessee,Kentucky,0.0065946843267908565
Tennessee,LSU,0.012303827184327326
Tennessee,Liberty,0.002353471508491345
Tennessee,Louisiana,0.007937081107473945
Tennessee,Louisiana Tech,0.01377050150990252
Tennessee,Louisville,0.00611494678971157
Tennessee,Marshall,0.00472794398103862
Tennessee,Maryland,0.006284282627225055
Tennessee,Massachusetts,0.013558917600352
Tennessee,Memphis,0.028200433469832305
Tennessee,Miami,0.0018250925516378187
Tennessee,Miami (OH),0.006468631726057775
Tennessee,Michigan,0.008292499563945966
Tennessee,Michigan State,0.005078578364918087
Tennessee,Middle Tennessee,0.006382179005901881
Tennessee,Minnesota,0.009690604604030857
Tennessee,Mississippi State,0.005085323179212415
Tennessee,Missouri,0.00509435838990154
Tennessee,Missouri State,0.00950079589442515
Tennessee,NC State,0.007099279908905099
Tennessee,Navy,0.012741617804245962
Tennessee,Nebraska,0.012135800989178375
Tennessee,Nevada,0.007302276390818083
Tennessee,New Mexico,0.005971677542481799
Tennessee,New Mexico State,0.00837542250173417
Tennessee,North Carolina,0.007161834731282683
Tennessee,North Dakota State,0.017410254272186784
Tennessee,North Texas,0.026543562188100264
Tennessee,Northern Illinois,0.01294672568541265
Tennessee,Northwestern,0.004208555432017691
Tennessee,Notre Dame,0.006626033388359126
Tennessee,Ohio,0.007305115954063991
Tennessee,Ohio State,0.0033856806173791273
Tennessee,Oklahoma,0.006869218118523587
Tennessee,Oklahoma State,0.0066344390242526275
Tennessee,Old Dominion,0.012720390358906727
Tennessee,Ole Miss,0.012277648754619936
Tennessee,Oregon,0.020237232971309527
Tennessee,Oregon State,0.011434025401423707
Tennessee,Penn State,0.003071607391283492
Tennessee,Pittsburgh,0.010653836638330926
Tennessee,Purdue,0.004213066140375344
Tennessee,Rice,0.003676714347982235
Tennessee,Rutgers,0.01188076676692303
Tennessee,SMU,0.00690780543765916
Tennessee,Sacramento State,0.01073961572869159
Tennessee,Sam Houston,0.013776608064935782
Tennessee,San Diego State,0.010812689913834207
Tennessee,San José State,0.0049348338681516135
Tennessee,South Alabama,0.005512081904010607
Tennessee,South Carolina,0.005254924857286226
Tennessee,South Florida,0.005119705984674899
Tennessee,Southern Miss,0.021489108746845367
Tennessee,Stanford,0.002596371909723935
Tennessee,Syracuse,0.005629603771080996
Tennessee,TCU,0.0029425937256860935
Tennessee,Temple,0.014723136487639711
Tennessee,Texas,0.0076153529256935875
Tennessee,Texas A&M,0.011830610226811745
Tennessee,Texas State,0.0036933247138297444
Tennessee,Texas Tech,0.006918059049679105
Tennessee,Toledo,0.01485717094139271
Tennessee,Troy,0.004465653961725578
Tennessee,Tulane,0.0023269194860822823
Tennessee,Tulsa,0.01716888878759877
Tennessee,UAB,0.00184738422296659
Tennessee,UCF,0.01679794326029498
Tennessee,UCLA,0.004541249250519054
Tennessee,UConn,0.010342792814712695
Tennessee,UL Monroe,0.017850668973476258
Tennessee,UNLV,0.009867532172469703
Tennessee,USC,0.007416330816232251
Tennessee,UTEP,0.003948569261954447
Tennessee,UTSA,0.007104811406569203
Tennessee,Utah,0.006204836189109771
Tennessee,Utah State,0.010230386978335193
Tennessee,Vanderbilt,0.011922019226398708
Tennessee,Virginia,0.004189746313508418
Tennessee,Virginia Tech,0.009996810435404428
Tennessee,Wake Forest,0.003064738961136085
Tennessee,Washington,0.010353143500104411
Tennessee,Washington State,0.01643583163559359
Tennessee,West Virginia,0.006543541697418228
Tennessee,Western Kentucky,0.01781244724686615
Tennessee,Western Michigan,0.008462445052805575
Tennessee,Wisconsin,0.007213527011078887
Tennessee,Wyoming,0.005096764888961819
Texas,Air Force,0.011750693423192618
Texas,Akron,0.022806531708420074
Texas,Alabama,0.015548388627529795
Texas,App State,0.00708306493286909
Texas,Arizona,0.012277431875807583
Texas,Arizona State,0.007779160022892948
Texas,Arkansas,0.010753149453768651
Texas,Arkansas State,0.013446326134931779
Texas,Army,0.010808457336116776
Texas,Auburn,0.0209854894741726
Texas,BYU,0.012802900311191998
Texas,Ball State,0.011775403143877225
Texas,Baylor,0.011218690224343474
Texas,Boise State,0.014631283956279197
Texas,Boston College,0.011873751258382073
Texas,Bowling Green,0.008335612727383784
Texas,Buffalo,0.019961869183045933
Texas,California,0.016055400799892067
Texas,Central Michigan,0.007535752761644797
Texas,Charlotte,0.013904112150579497
Texas,Cincinnati,0.011888565917582531
Texas,Clemson,0.013621540761861731
Texas,Coastal Carolina,0.01719911836872409
Texas,Colorado,0.015822913555249243
Texas,Colorado State,0.006507012558559313
Texas,Delaware,0.01592173267735836
Texas,Duke,0.014246250563702764
Texas,East Carolina,0.0161613737731878
Texas,Eastern Michigan,0.010993673267263755
Texas,Florida,0.008241126216490213
Texas,Florida Atlantic,0.011896388957614515
Texas,Florida International,0.016615885049869987
Texas,Florida State,0.01676444650254924
Texas,Fresno State,0.01875581631720414
Texas,Georgia,0.011108665813583373
Texas,Georgia Southern,0.02572605620090068
Texas,Georgia State,0.008496736303498854
Texas,Georgia Tech,0.009496585837235318
Texas,Hawai'i,0.010647904690333516
Texas,Houston,0.010201701478695193
Texas,Illinois,0.008781842703171153
Texas,Indiana,0.00963042112416449
Texas,Iowa,0.013002997792233028
Texas,Iowa State,0.014406684313755292
Texas,Jacksonville State,0.009285518676840318
Texas,James Madison,0.011474128768218943
Texas,Kansas,0.01512633880046471
Texas,Kansas State,0.010660426816047907
Texas,Kennesaw State,0.010762330529427436
Texas,Kent State,0.005096151115347211
Texas,Kentucky,0.008421682042943805
Texas,LSU,0.017834167118466426
Texas,Liberty,0.01001460354022623
Texas,Louisiana,0.01497391595205564
Texas,Louisiana Tech,0.01930084144404162
Texas,Louisville,0.008818791748064346
Texas,Marshall,0.013907181342703603
Texas,Maryland,0.011814622561364155
Texas,Massachusetts,0.0190892575344911
Texas,Memphis,0.022670093535693207
Texas,Miami,0.007354144810027165
Texas,Miami (OH),0.011998971660196875
Texas,Michigan,0.012809317749861573
Texas,Michigan State,0.012172449498609322
Texas,Middle Tennessee,0.011912518940040981
Texas,Minnesota,0.010110863394941721
Texas,Mississippi State,0.010615663113351515
Texas,Missouri,0.01040567956554402
Texas,Missouri State,0.01503113582856425
Texas,NC State,0.012629619843044199
Texas,Navy,0.021920855165910948
Texas,Nebraska,0.010272788952669367
Texas,Nevada,0.012306728733134587
Texas,New Mexico,0.00783022937917303
Texas,New Mexico State,0.01493244457267234
Texas,North Carolina,0.012692174665421782
Texas,North Dakota State,0.023967276343124955
Texas,North Texas,0.032073902122239366
Texas,Northern Illinois,0.017463543871328254
Texas,Northwestern,0.00904443244242903
Texas,Notre Dame,0.012156373322498226
Texas,Ohio,0.016484353315728974
Texas,Ohio State,0.008317045091023212
Texas,Oklahoma,0.012399558052662686
Texas,Oklahoma State,0.011000585846187114
Texas,Old Dominion,0.018250730293045827
Texas,Ole Miss,0.009180258554452309
Texas,Oregon,0.014706893037170427
Texas,Oregon State,0.01799104747236188
Texas,Penn State,0.008094971581549384
Texas,Pittsburgh,0.016184176572470024
Texas,Purdue,0.010287755027473658
Texas,Rice,0.008751889093121407
Texas,Rutgers,0.011821214501095256
Texas,SMU,0.01228137072304664
Texas,Sacramento State,0.01626995566283069
Texas,Sam Houston,0.018293426250851386
Texas,San Diego State,0.009888190374360603
Texas,San José State,0.008604426757128254
Texas,South Alabama,0.010034927137393778
Texas,South Carolina,0.013502602092857675
Texas,South Florida,0.010820243353417946
Texas,Southern Miss,0.027019448680984465
Texas,Stanford,0.011222944948129702
Texas,Syracuse,0.0058436455169927105
Texas,TCU,0.012121831087351077
Texas,Temple,0.02025347642177881
Texas,Tennessee,0.012122421145558233
Texas,Texas A&M,0.016804556350050757
Texas,Texas State,0.01179574269973719
Texas,Texas Tech,0.016097296411344088
Texas,Toledo,0.020387510875531808
Texas,Troy,0.011022676032663749
Texas,Tulane,0.009786985007137393
Texas,Tulsa,0.02269922872173787
Texas,UAB,0.007331853138698394
Texas,UCF,0.022328283194434077
Texas,UCLA,0.010255919009058393
Texas,UConn,0.015873132748851795
Texas,UL Monroe,0.012320329039337158
Texas,UNLV,0.008076356823653619
Texas,USC,0.01294667075037135
Texas,UTEP,0.01312780662361943
Texas,UTSA,0.011621629592484809
Texas,Utah,0.010877547114558359
Texas,Utah State,0.015760726912474293
Texas,Vanderbilt,0.012175522772757554
Texas,Virginia,0.009720086247647518
Texas,Virginia Tech,0.015527150369543528
Texas,Wake Forest,0.011084797498561026
Texas,Washington,0.01588348343424351
Texas,Washington State,0.021966171569732688
Texas,West Virginia,0.014620765143990638
Texas,Western Kentucky,0.012282107312727051
Texas,Western Michigan,0.013992784986944675
Texas,Wisconsin,0.00845909734923996
Texas,Wyoming,0.012543896777195234
Texas A&M,Air Force,0.011409182233688031
Texas A&M,Akron,0.03051352641304493
Texas A&M,Alabama,0.023255383332154652
Texas A&M,App State,0.010634470743570358
Texas A&M,Arizona,0.008086803109956839
Texas A&M,Arizona State,0.015486154727517805
Texas A&M,Arkansas,0.00843722089783935
Texas A&M,Arkansas State,0.005840650994110836
Texas A&M,Army,0.008419050084642863
Texas A&M,Auburn,0.02869248417879746
Texas A&M,BYU,0.014228217155481579
Texas A&M,Ball State,0.01948239784850208
Texas A&M,Baylor,0.018547601933281147
Texas A&M,Boise State,0.01777049717037846
Texas A&M,Boston College,0.019580745963006928
Texas A&M,Bowling Green,0.015275771312011958
Texas A&M,Buffalo,0.027668863887670793
Texas A&M,California,0.013531895572851133
Texas A&M,Central Michigan,0.01083612343736054
Texas A&M,Charlotte,0.021611106855204353
Texas A&M,Cincinnati,0.008255893746605594
Texas A&M,Clemson,0.01321407723033191
Texas A&M,Coastal Carolina,0.018976137579106316
Texas A&M,Colorado,0.023529908259874104
Texas A&M,Colorado State,0.00951946660450935
Texas A&M,Delaware,0.023628727381983218
Texas A&M,Duke,0.02195324526832762
Texas A&M,East Carolina,0.01838128482908811
Texas A&M,Eastern Michigan,0.012770692477645982
Texas A&M,Florida,0.010340723859118222
Texas A&M,Florida Atlantic,0.01034786906422374
Texas A&M,Florida International,0.021955720184006794
Texas A&M,Florida State,0.011218106176558681
Texas A&M,Fresno State,0.026462811021828996
Texas A&M,Georgia,0.015098010560433167
Texas A&M,Georgia Southern,0.033433050905525535
Texas A&M,Georgia State,0.010273755513881083
Texas A&M,Georgia Tech,0.011273605047617544
Texas A&M,Hawai'i,0.008952970069810518
Texas A&M,Houston,0.014313845388364003
Texas A&M,Illinois,0.007173239640733646
Texas A&M,Indiana,0.0075746953988416205
Texas A&M,Iowa,0.020709992496857885
Texas A&M,Iowa State,0.01618370352413752
Texas A&M,Jacksonville State,0.008654906657208932
Texas A&M,James Madison,0.0191811234728438
Texas A&M,Kansas,0.022833333505089565
Texas A&M,Kansas State,0.018367421520672764
Texas A&M,Kennesaw State,0.015209761148690604
Texas A&M,Kent State,0.015138571422425133
Texas A&M,Kentucky,0.010198701253326031
Texas A&M,LSU,0.025541161823091282
Texas A&M,Liberty,0.014089598986470277
Texas A&M,Louisiana,0.0211744157462379
Texas A&M,Louisiana Tech,0.027007836148666475
Texas A&M,Louisville,0.016066794611868142
Texas A&M,Marshall,0.014320061835842068
Texas A&M,Maryland,0.019521617265989014
Texas A&M,Massachusetts,0.026796252239115956
Texas A&M,Memphis,0.014963098831068349
Texas A&M,Miami,0.014513144492237569
Texas A&M,Miami (OH),0.019705966364821734
Texas A&M,Michigan,0.010886595816378849
Texas A&M,Michigan State,0.00815875627384587
Texas A&M,Middle Tennessee,0.01961951364466584
Texas A&M,Minnesota,0.006877542977223358
Texas A&M,Mississippi State,0.018322657817976373
Texas A&M,Missouri,0.018112674270168876
Texas A&M,Missouri State,0.022738130533189106
Texas A&M,NC State,0.020336614547669055
Texas A&M,Navy,0.012696001621073955
Texas A&M,Nebraska,0.012049808163051595
Texas A&M,Nevada,0.020013723437759444
Texas A&M,New Mexico,0.012747522524721614
Texas A&M,New Mexico State,0.016709463783054566
Texas A&M,North Carolina,0.02039916937004664
Texas A&M,North Dakota State,0.02574429555350718
Texas A&M,North Texas,0.03978089682686422
Texas A&M,Northern Illinois,0.012488914530003187
Texas A&M,Northwestern,0.00904672233454945
Texas A&M,Notre Dame,0.01986336802712308
Texas A&M,Ohio,0.01299888802441581
Texas A&M,Ohio State,0.012065085519108513
Texas A&M,Oklahoma,0.020106552757287545
Texas A&M,Oklahoma State,0.01596276666583544
Texas A&M,Old Dominion,0.025957724997670684
Texas A&M,Ole Miss,0.008701987107374808
Texas A&M,Oregon,0.013759289644327922
Texas A&M,Oregon State,0.019768066682744105
Texas A&M,Penn State,0.011224457541219337
Texas A&M,Pittsburgh,0.023891171277094884
Texas A&M,Purdue,0.0174504007791393
Texas A&M,Rice,0.016458883797746265
Texas A&M,Rutgers,0.005622007839127229
Texas A&M,SMU,0.019988365427671496
Texas A&M,Sacramento State,0.02397695036745555
Texas A&M,Sam Houston,0.01331879690952632
Texas A&M,San Diego State,0.006444048734358091
Texas A&M,San José State,0.012541009284302414
Texas A&M,South Alabama,0.015909942448924918
Texas A&M,South Carolina,0.018492259496050184
Texas A&M,South Florida,0.015274180590624666
Texas A&M,Southern Miss,0.034726443385609325
Texas A&M,Stanford,0.01583370654848789
Texas A&M,Syracuse,0.013023184042600888
Texas A&M,TCU,0.015445897536551012
Texas A&M,Temple,0.027960471126403666
Texas A&M,Tennessee,0.009403289668722245
Texas A&M,Texas,0.019833217313003217
Texas A&M,Texas State,0.01643855137121552
Texas A&M,Texas Tech,0.01353600374736277
Texas A&M,Toledo,0.028094505580156665
Texas A&M,Troy,0.012799695243045976
Texas A&M,Tulane,0.013189061559367532
Texas A&M,Tulsa,0.030406223426362726
Texas A&M,UAB,0.013857979680487822
Texas A&M,UCF,0.030035277899058938
Texas A&M,UCLA,0.01575924819059541
Texas A&M,UConn,0.02358012745347665
Texas A&M,UL Monroe,0.004705102427852462
Texas A&M,UNLV,0.008854820428006976
Texas A&M,USC,0.02065366545499621
Texas A&M,UTEP,0.012762086350270081
Texas A&M,UTSA,0.008653413478795212
Texas A&M,Utah,0.008786666882083433
Texas A&M,Utah State,0.02346772161709915
Texas A&M,Vanderbilt,0.011802640955032143
Texas A&M,Virginia,0.017427080952272377
Texas A&M,Virginia Tech,0.023234145074168384
Texas A&M,Wake Forest,0.010172595677627872
Texas A&M,Washington,0.023590478138868366
Texas A&M,Washington State,0.029673166274357544
Texas A&M,West Virginia,0.016043688968544613
Texas A&M,Western Kentucky,0.004575112608102195
Texas A&M,Western Michigan,0.021699779691569533
Texas A&M,Wisconsin,0.010236116559622189
Texas A&M,Wyoming,0.012426675035655359
Texas State,Air Force,0.02285305552245734
Texas State,Akron,0.025927366280215886
Texas State,Alabama,0.013734681925594083
Texas State,App State,0.018380493227801508
Texas State,Arizona,0.025337313503274648
Texas State,Arizona State,0.017718644565044055
Texas State,Arkansas,0.023813031081235718
Texas State,Arkansas State,0.026506207762398846
Texas State,Army,0.023868338963583844
Texas State,Auburn,0.02541482021759362
Texas State,BYU,0.025862781938659065
Texas State,Ball State,0.019012166052821723
Texas State,Baylor,0.020266719396524413
Texas State,Boise State,0.027691165583746263
Texas State,Boston College,0.022116145309051663
Texas State,Bowling Green,0.02139549435485085
Texas State,Buffalo,0.018544080324683142
Texas State,California,0.02406636359541129
Texas State,Central Michigan,0.019799861544125167
Texas State,Charlotte,0.02590300775641903
Texas State,Cincinnati,0.020759070224766273
Texas State,Clemson,0.023087751342983562
Texas State,Coastal Carolina,0.022500426563711196
Texas State,Colorado,0.024693571555250465
Texas State,Colorado State,0.019495497366862517
Texas State,Delaware,0.019476737777048846
Texas State,Duke,0.017859319827261147
Texas State,East Carolina,0.02922125540065487
Texas State,Eastern Michigan,0.021862605538078707
Texas State,Florida,0.02130100784395728
Texas State,Florida Atlantic,0.01990735175313374
Texas State,Florida International,0.021062965753167046
Texas State,Florida State,0.029824328130016307
Texas State,Fresno State,0.029677569170100553
Texas State,Georgia,0.02416854744105044
Texas State,Georgia Southern,0.017715093405381452
Texas State,Georgia State,0.01911399664527306
Texas State,Georgia Tech,0.022333930069659468
Texas State,Hawai'i,0.023707786317800583
Texas State,Houston,0.023261583106162262
Texas State,Illinois,0.02184172433063822
Texas State,Indiana,0.022690302751631558
Texas State,Iowa,0.023089032590947443
Texas State,Iowa State,0.01890939632514935
Texas State,Jacksonville State,0.022345400304307386
Texas State,James Madison,0.02453215735142683
Texas State,Kansas,0.025907789638535596
Texas State,Kansas State,0.019485895721825963
Texas State,Kennesaw State,0.023822212156894503
Texas State,Kent State,0.013876392548946733
Texas State,Kentucky,0.018921267019440774
Texas State,LSU,0.010282675150662496
Texas State,Liberty,0.023074485167693295
Texas State,Louisiana,0.028033797579522707
Texas State,Louisiana Tech,0.013945284159177425
Texas State,Louisville,0.021878673375531413
Texas State,Marshall,0.02696706297017067
Texas State,Maryland,0.02294285797195902
Texas State,Massachusetts,0.022826622811142745
Texas State,Memphis,0.03068105633121243
Texas State,Miami,0.02041402643749423
Texas State,Miami (OH),0.022115293229730697
Texas State,Michigan,0.020160876887513817
Texas State,Michigan State,0.02523233112607639
Texas State,Middle Tennessee,0.018735542589755412
Texas State,Minnesota,0.023170745022408786
Texas State,Mississippi State,0.02029608430221695
Texas State,Missouri,0.020135890958601493
Texas State,Missouri State,0.018123070621067515
Texas State,NC State,0.018552274041805344
Texas State,Navy,0.034980736793378014
Texas State,Nebraska,0.018300410784198768
Texas State,Nevada,0.014936842598313967
Texas State,New Mexico,0.016267441446650252
Texas State,New Mexico State,0.022107645181982525
Texas State,North Carolina,0.017866508374264574
Texas State,North Dakota State,0.021922753638966317
Texas State,North Texas,0.027481924663618765
Texas State,Northern Illinois,0.02125505560024196
Texas State,Northwestern,0.022104314069896096
Texas State,Notre Dame,0.018782129345397178
Texas State,Ohio,0.02954423494319604
Texas State,Ohio State,0.02137692671849028
Texas State,Oklahoma,0.022641933334098148
Texas State,Oklahoma State,0.015604679964879423
Texas State,Old Dominion,0.02514842292933573
Texas State,Ole Miss,0.022240140181919377
Texas State,Oregon,0.022717855832689655
Texas State,Oregon State,0.028278960849904614
Texas State,Penn State,0.02115485320901645
Texas State,Pittsburgh,0.02384259566794393
Texas State,Purdue,0.023347636654940725
Texas State,Rice,0.02153218920864662
Texas State,Rutgers,0.024881096128562322
Texas State,SMU,0.02484084013308653
Texas State,Sacramento State,0.01889160607197858
Texas State,Sam Houston,0.01936521744348303
Texas State,San Diego State,0.022570915237013777
Texas State,San José State,0.017304285120980437
Texas State,South Alabama,0.023094808764860843
Texas State,South Carolina,0.026562483720324742
Texas State,South Florida,0.020852630419442363
Texas State,Southern Miss,0.01900848588546524
Texas State,Stanford,0.02428282657559677
Texas State,Syracuse,0.016609515218051055
Texas State,TCU,0.025181712714818144
Texas State,Temple,0.019401626458789047
Texas State,Tennessee,0.01961167430264962
Texas State,Texas,0.02985447191482564
Texas State,Texas A&M,0.02479122107244079
Texas State,Texas Tech,0.029157178038811155
Texas State,Toledo,0.016788160835369017
Texas State,Troy,0.021220012731758445
Texas State,Tulane,0.02284686663460446
Texas State,Tulsa,0.022826439613453632
Texas State,UAB,0.02039173476616546
Texas State,UCF,0.025824748073720802
Texas State,UCLA,0.01996872759934849
Texas State,UConn,0.022154725297420616
Texas State,UL Monroe,0.024309861543519405
Texas State,UNLV,0.02016014354336489
Texas State,USC,0.025974995376568437
Texas State,UTEP,0.026187688251086496
Texas State,UTSA,0.022914558925130765
Texas State,Utah,0.023937428742025427
Texas State,Utah State,0.022902173402915414
Texas State,Vanderbilt,0.02140068499237071
Texas State,Virginia,0.019971102558106017
Texas State,Virginia Tech,0.021719404224335475
Texas State,Wake Forest,0.024144679126028093
Texas State,Washington,0.020438040586863927
Texas State,Washington State,0.02152918878751943
Texas State,West Virginia,0.027680646771457706
Texas State,Western Kentucky,0.020293070108246276
Texas State,Western Michigan,0.021289451220698936
Texas State,Wisconsin,0.0187801950249266
Texas State,Wyoming,0.0256037784046623
Texas Tech,Air Force,0.021798189600691083
Texas Tech,Akron,0.028222966731178967
Texas Tech,Alabama,0.022704239555965535
Texas Tech,App State,0.01399965935957682
Texas Tech,Arizona,0.01847581047695989
Texas Tech,Arizona State,0.013195595045651837
Texas Tech,Arkansas,0.018826228264842402
Texas Tech,Arkansas State,0.010695778066498907
Texas Tech,Army,0.018808057451645915
Texas Tech,Auburn,0.02640192449693149
Texas Tech,BYU,0.018732322840563097
Texas Tech,Ball State,0.018719828502292063
Texas Tech,Baylor,0.02252302073780691
Texas Tech,Boise State,0.015479937488512494
Texas Tech,Boston College,0.017290186281140964
Texas Tech,Bowling Green,0.015149818172491886
Texas Tech,Buffalo,0.02786246369305926
Texas Tech,California,0.017622903886613615
Texas Tech,Central Michigan,0.019701779339030077
Texas Tech,Charlotte,0.019320547173338386
Texas Tech,Cincinnati,0.01721491738439196
Texas Tech,Clemson,0.020538135188569465
Texas Tech,Coastal Carolina,0.029365144946109367
Texas Tech,Colorado,0.021239348578008133
Texas Tech,Colorado State,0.013423606985267044
Texas Tech,Delaware,0.021338167700117254
Texas Tech,Duke,0.019662685586461653
Texas Tech,East Carolina,0.017684889231536015
Texas Tech,Eastern Michigan,0.023159699844649034
Texas Tech,Florida,0.014357068010465029
Texas Tech,Florida Atlantic,0.017450958556584423
Texas Tech,Florida International,0.02878191162725527
Texas Tech,Florida State,0.019340571894612187
Texas Tech,Fresno State,0.02417225133996303
Texas Tech,Georgia,0.0128074508785672
Texas Tech,Georgia Southern,0.03114249122365957
Texas Tech,Georgia State,0.020662762880884134
Texas Tech,Georgia Tech,0.021662612414620596
Texas Tech,Hawai'i,0.019341977436813568
Texas Tech,Houston,0.012023285706498035
Texas Tech,Illinois,0.009554332262773755
Texas Tech,Indiana,0.01796370276584467
Texas Tech,Iowa,0.02115773423261868
Texas Tech,Iowa State,0.02657271089114057
Texas Tech,Jacksonville State,0.016127988068156338
Texas Tech,James Madison,0.01993550437310979
Texas Tech,Kansas,0.02627687277089264
Texas Tech,Kansas State,0.017165478270316253
Texas Tech,Kennesaw State,0.015599881817494811
Texas Tech,Kent State,0.010949063536435738
Texas Tech,Kentucky,0.020587708620329083
Texas Tech,LSU,0.023250602141225315
Texas Tech,Liberty,0.016369577139832104
Texas Tech,Louisiana,0.020778499608155834
Texas Tech,Louisiana Tech,0.02471727646680051
Texas Tech,Louisville,0.020621091612357655
Texas Tech,Marshall,0.0120295021539761
Texas Tech,Maryland,0.018159392122140756
Texas Tech,Massachusetts,0.02450569255724999
Texas Tech,Memphis,0.017253658512934318
Texas Tech,Miami,0.012222584810371601
Texas Tech,Miami (OH),0.017415406682955763
Texas Tech,Michigan,0.0212756031833819
Texas Tech,Michigan State,0.014754491145704632
Texas Tech,Middle Tennessee,0.01732895396279987
Texas Tech,Minnesota,0.015396943984320094
Texas Tech,Mississippi State,0.016032098136110402
Texas Tech,Missouri,0.01843976756697947
Texas Tech,Missouri State,0.02044757085132314
Texas Tech,NC State,0.019026506309747955
Texas Tech,Navy,0.023085008988077006
Texas Tech,Nebraska,0.022438815530054647
Texas Tech,Nevada,0.017723163755893476
Texas Tech,New Mexico,0.01474682380588076
Texas Tech,New Mexico State,0.027098471150057618
Texas Tech,North Carolina,0.02120997538443049
Texas Tech,North Dakota State,0.03613330292051023
Texas Tech,North Texas,0.037490337144998255
Texas Tech,Northern Illinois,0.024380138298035987
Texas Tech,Northwestern,0.019435729701552502
Texas Tech,Notre Dame,0.019417564450739108
Texas Tech,Ohio,0.012354178939754858
Texas Tech,Ohio State,0.01649387173174875
Texas Tech,Oklahoma,0.017815993075421574
Texas Tech,Oklahoma State,0.023166612423572392
Texas Tech,Old Dominion,0.023667165315804716
Texas Tech,Ole Miss,0.01740098506878574
Texas Tech,Oregon,0.017385107943386213
Texas Tech,Oregon State,0.030157074049747157
Texas Tech,Penn State,0.017244145548722785
Texas Tech,Pittsburgh,0.021600611595228913
Texas Tech,Purdue,0.015284686937795182
Texas Tech,Rice,0.015046334300341215
Texas Tech,Rutgers,0.013563775384848509
Texas Tech,SMU,0.018341218050282496
Texas Tech,Sacramento State,0.021686390685589578
Texas Tech,Sam Houston,0.02521002067755912
Texas Tech,San Diego State,0.016804784801068333
Texas Tech,San José State,0.020770453334513536
Texas Tech,South Alabama,0.01361938276705895
Texas Tech,South Carolina,0.016201699814184213
Texas Tech,South Florida,0.022986269930803226
Texas Tech,Southern Miss,0.032435883703743354
Texas Tech,Stanford,0.013543146866621924
Texas Tech,Syracuse,0.012760239943700442
Texas Tech,TCU,0.013155337854685045
Texas Tech,Temple,0.025669911444537702
Texas Tech,Tennessee,0.019039015572265963
Texas Tech,Texas,0.01754265763113725
Texas Tech,Texas A&M,0.02326402283943508
Texas Tech,Texas State,0.022416373362153193
Texas Tech,Toledo,0.0258039458982907
Texas Tech,Troy,0.023188702610049027
Texas Tech,Tulane,0.016396129162241167
Texas Tech,Tulsa,0.028115663744496762
Texas Tech,UAB,0.016891519301243874
Texas Tech,UCF,0.027744718217192967
Texas Tech,UCLA,0.022421945586443674
Texas Tech,UConn,0.021289567771610684
Texas Tech,UL Monroe,0.011170251868106953
Texas Tech,UNLV,0.019065080529599005
Texas Tech,USC,0.018363105773130238
Texas Tech,UTEP,0.011499893452925685
Texas Tech,UTSA,0.01853822401919254
Texas Tech,Utah,0.018007766193138944
Texas Tech,Utah State,0.02415617504770113
Texas Tech,Vanderbilt,0.022191648322035195
Texas Tech,Virginia,0.015136521270406407
Texas Tech,Virginia Tech,0.020943585392302417
Texas Tech,Wake Forest,0.008539882874193539
Texas Tech,Washington,0.021299918457002402
Texas Tech,Washington State,0.02738260659249158
Texas Tech,West Virginia,0.013753129286678645
Texas Tech,Western Kentucky,0.007398231278149304
Texas Tech,Western Michigan,0.019409220009703562
Texas Tech,Wisconsin,0.02062512392662524
Texas Tech,Wyoming,0.02281568240265841
Toledo,Air Force,0.020846048649323545
Toledo,Akron,0.023920359407082092
Toledo,Alabama,0.01794184418572724
Toledo,App State,0.016373486354667715
Toledo,Arizona,0.023330306630140855
Toledo,Arizona State,0.015711637691910262
Toledo,Arkansas,0.021819855476850374
Toledo,Arkansas State,0.02995030567519387
Toledo,Army,0.02186133209045005
Toledo,Auburn,0.023407813344459828
Toledo,BYU,0.025064795131114103
Toledo,Ball State,0.021926255239400713
Toledo,Baylor,0.01825971252339062
Toledo,Boise State,0.02568415871061247
Toledo,Boston College,0.028291283761367265
Toledo,Bowling Green,0.025496265569200892
Toledo,Buffalo,0.019659501784428206
Toledo,California,0.02302317985507916
Toledo,Central Michigan,0.0209443044026627
Toledo,Charlotte,0.040075850885192985
Toledo,Cincinnati,0.023431166357300817
Toledo,Clemson,0.02741819033149174
Toledo,Coastal Carolina,0.020493419690577403
Toledo,Colorado,0.02268656468211667
Toledo,Colorado State,0.030904425495519174
Toledo,Delaware,0.017469730903915053
Toledo,Duke,0.015852312954127354
Toledo,East Carolina,0.027214248527521075
Toledo,Eastern Michigan,0.019855598664944914
Toledo,Florida,0.026638548466256483
Toledo,Florida Atlantic,0.023195125185108353
Toledo,Florida International,0.019055958880033252
Toledo,Florida State,0.027817321256882514
Toledo,Fresno State,0.02767056229696676
Toledo,Georgia,0.022161540567916648
Toledo,Georgia Southern,0.02542368880228295
Toledo,Georgia State,0.019983320860808642
Toledo,Georgia Tech,0.020326923196525674
Toledo,Hawai'i,0.02170077944466679
Toledo,Houston,0.02125457623302847
Toledo,Illinois,0.031091751478919023
Toledo,Indiana,0.022682380975848106
Toledo,Iowa,0.02108202571781365
Toledo,Iowa State,0.016902389452015557
Toledo,Jacksonville State,0.02789824504561194
Toledo,James Madison,0.022525150478293038
Toledo,Kansas,0.023900782765401803
Toledo,Kansas State,0.029162667739188707
Toledo,Kennesaw State,0.025046201924197965
Toledo,Kent State,0.01186938567581294
Toledo,Kentucky,0.020058375121363693
Toledo,LSU,0.017531799719848695
Toledo,Liberty,0.024276506601860672
Toledo,Louisiana,0.026026790706388914
Toledo,Louisiana Tech,0.020129528813326126
Toledo,Louisville,0.02002499212933512
Toledo,Marshall,0.024960056097036876
Toledo,Maryland,0.02248669161955202
Toledo,Massachusetts,0.02081961593800895
Toledo,Memphis,0.025541845446310562
Toledo,Miami,0.018407019564360437
Toledo,Miami (OH),0.020108286356596904
Toledo,Michigan,0.019370480558310876
Toledo,Michigan State,0.02669702585932398
Toledo,Middle Tennessee,0.02768338024080365
Toledo,Minnesota,0.025249139757372682
Toledo,Mississippi State,0.018289077429083155
Toledo,Missouri,0.022206316174713307
Toledo,Missouri State,0.022227164905684212
Toledo,NC State,0.02161957743194482
Toledo,Navy,0.03297372992024422
Toledo,Nebraska,0.01820726821163813
Toledo,Nevada,0.023973664154674317
Toledo,New Mexico,0.014260434573516459
Toledo,New Mexico State,0.020100638308848732
Toledo,North Carolina,0.019436108357262286
Toledo,North Dakota State,0.01449049579542143
Toledo,North Texas,0.03177153472362163
Toledo,Northern Illinois,0.019248048727108166
Toledo,Northwestern,0.021210354040140274
Toledo,Notre Dame,0.02122851929095367
Toledo,Ohio,0.02829190480193792
Toledo,Ohio State,0.024152212009944028
Toledo,Oklahoma,0.024737564318778958
Toledo,Oklahoma State,0.017479471318120384
Toledo,Old Dominion,0.027082910938454222
Toledo,Ole Miss,0.023245098672907038
Toledo,Oregon,0.023260975798306563
Toledo,Oregon State,0.02627195397677082
Toledo,Penn State,0.02340193819296999
Toledo,Pittsburgh,0.021835588794810137
Toledo,Purdue,0.025361396803897596
Toledo,Rice,0.02559974944135156
Toledo,Rutgers,0.02708230835684427
Toledo,SMU,0.025918854346061573
Toledo,Sacramento State,0.020423049181149518
Toledo,Sam Houston,0.02170643517060375
Toledo,San Diego State,0.020563908363879984
Toledo,San José State,0.01987563040717924
Toledo,South Alabama,0.027435116997379935
Toledo,South Carolina,0.02455547684719095
Toledo,South Florida,0.01884562354630857
Toledo,Southern Miss,0.030387353547028345
Toledo,Stanford,0.022275819702462975
Toledo,Syracuse,0.014602508344917262
Toledo,TCU,0.02317470584168435
Toledo,Temple,0.023176557720467915
Toledo,Tennessee,0.02602201303548051
Toledo,Texas,0.027847465041691846
Toledo,Texas A&M,0.02653265706222837
Toledo,Texas State,0.022848617454070463
Toledo,Texas Tech,0.02715017116567736
Toledo,Troy,0.019213005858624652
Toledo,Tulane,0.02424995457945161
Toledo,Tulsa,0.022396861323120142
Toledo,UAB,0.023754564440448902
Toledo,UCF,0.02381774120058701
Toledo,UCLA,0.018224138155249103
Toledo,UConn,0.020147718424286823
Toledo,UL Monroe,0.03250793733375708
Toledo,UNLV,0.02158100321209377
Toledo,USC,0.023967988503434644
Toledo,UTEP,0.024180681377952703
Toledo,UTSA,0.024145117604093984
Toledo,Utah,0.022638317548553832
Toledo,Utah State,0.02089516652978162
Toledo,Vanderbilt,0.019393678119236916
Toledo,Virginia,0.017964095684972224
Toledo,Virginia Tech,0.019712397351201682
Toledo,Wake Forest,0.0221376722528943
Toledo,Washington,0.026338612822299767
Toledo,Washington State,0.029989542087573276
Toledo,West Virginia,0.028466576790787554
Toledo,Western Kentucky,0.01258447471134478
Toledo,Western Michigan,0.019282444347565143
Toledo,Wisconsin,0.020020959815067536
Toledo,Wyoming,0.023596771531528508
Troy,Air Force,0.014718585792562272
Troy,Akron,0.02371429456212993
Troy,Alabama,0.016456151481239648
Troy,App State,0.00798391084963223
Troy,Arizona,0.01139620666883108
Troy,Arizona State,0.0086869228766028
Troy,Arkansas,0.011746624456713591
Troy,Arkansas State,0.003616174258370097
Troy,Army,0.011728453643517104
Troy,Auburn,0.021893252327882452
Troy,BYU,0.009515827390604487
Troy,Ball State,0.012683165997587077
Troy,Baylor,0.0154434169296781
Troy,Boise State,0.010971265319463457
Troy,Boston College,0.012781514112091925
Troy,Bowling Green,0.008476539461096954
Troy,Buffalo,0.020869632036755785
Troy,California,0.015147637946182213
Troy,Central Michigan,0.012622175530901265
Troy,Charlotte,0.014811875004289349
Troy,Cincinnati,0.010980803063872679
Troy,Clemson,0.011321639738610851
Troy,Coastal Carolina,0.022285541137980557
Troy,Colorado,0.016730676408959096
Troy,Colorado State,0.00686890671057122
Troy,Delaware,0.016829495531068217
Troy,Duke,0.015154013417412616
Troy,East Carolina,0.011582052978173102
Troy,Eastern Michigan,0.016080096036520223
Troy,Florida,0.006927931467307483
Troy,Florida Atlantic,0.010988626103904662
Troy,Florida International,0.021702307819126458
Troy,Florida State,0.012260968086483377
Troy,Fresno State,0.019663579170913992
Troy,Georgia,0.008298778709518163
Troy,Georgia Southern,0.026633819054610534
Troy,Georgia State,0.013583159072755323
Troy,Georgia Tech,0.014583008606491785
Troy,Hawai'i,0.012262373628684759
Troy,Houston,0.007514613537448998
Troy,Illinois,0.004522679746795517
Troy,Indiana,0.010884098957715862
Troy,Iowa,0.01407813042448987
Troy,Iowa State,0.01949310708301176
Troy,Jacksonville State,0.0069114926181977265
Troy,James Madison,0.012855900564980979
Troy,Kansas,0.01919726896276383
Troy,Kansas State,0.01156818966975776
Troy,Kennesaw State,0.008520278009366
Troy,Kent State,0.012488011528487004
Troy,Kentucky,0.013508104812200272
Troy,LSU,0.018741929972176278
Troy,Liberty,0.009289973331703293
Troy,Louisiana,0.014375183895322897
Troy,Louisiana Tech,0.020208604297751474
Troy,Louisville,0.013541487804228843
Troy,Marshall,0.007520829984927063
Troy,Maryland,0.012722385415074007
Troy,Massachusetts,0.01999702038820095
Troy,Memphis,0.021762330681983355
Troy,Miami,0.007713912641322564
Troy,Miami (OH),0.012906734513906728
Troy,Michigan,0.01419599937525309
Troy,Michigan State,0.006869454074239988
Troy,Middle Tennessee,0.012820281793750834
Troy,Minnesota,0.008317340176191283
Troy,Mississippi State,0.011523425967061367
Troy,Missouri,0.011360163758850659
Troy,Missouri State,0.015938898682274102
Troy,NC State,0.013537382696754051
Troy,Navy,0.016005405179948196
Troy,Nebraska,0.015359211721925836
Troy,Nevada,0.01321449158684444
Troy,New Mexico,0.010096962630783485
Troy,New Mexico State,0.020018867341928807
Troy,North Carolina,0.01413037157630168
Troy,North Dakota State,0.029053699112381422
Troy,North Texas,0.03298166497594922
Troy,Northern Illinois,0.015163642848077374
Troy,Northwestern,0.012356125893423692
Troy,Notre Dame,0.013064136176208078
Troy,Ohio,0.006199656173500805
Troy,Ohio State,0.009414267923619938
Troy,Oklahoma,0.013307320906372539
Troy,Oklahoma State,0.01608700861544358
Troy,Old Dominion,0.01915849314675568
Troy,Ole Miss,0.01032138126065693
Troy,Oregon,0.013799130183460575
Troy,Oregon State,0.023077470241618346
Troy,Penn State,0.010164541740593974
Troy,Pittsburgh,0.017091939426179877
Troy,Purdue,0.010651168928224295
Troy,Rice,0.009659651946831261
Troy,Rutgers,0.006484171576719698
Troy,SMU,0.013189133576756492
Troy,Sacramento State,0.01717771851654054
Troy,Sam Houston,0.015993525227600506
Troy,San Diego State,0.007588289351109721
Troy,San José State,0.013690849526384724
Troy,South Alabama,0.009110710598009913
Troy,South Carolina,0.011693027645135178
Troy,South Florida,0.015906666122674416
Troy,Southern Miss,0.027927211534694317
Troy,Stanford,0.009034474697572887
Troy,Syracuse,0.009754888859382683
Troy,TCU,0.008646665685636008
Troy,Temple,0.021161239275488665
Troy,Tennessee,0.009822520122307353
Troy,Texas,0.013033985462088213
Troy,Texas A&M,0.01771231920376061
Troy,Texas State,0.015336769554024384
Troy,Texas Tech,0.006736771896447766
Troy,Toledo,0.021295273729241664
Troy,Tulane,0.009316525354112357
Troy,Tulsa,0.023606991575447725
Troy,UAB,0.009811915493115064
Troy,UCF,0.02323604604814393
Troy,UCLA,0.015342341778314863
Troy,UConn,0.016780895602561647
Troy,UL Monroe,0.011412566185627306
Troy,UNLV,0.011985476721470193
Troy,USC,0.013854433604081203
Troy,UTEP,0.0059628544993550765
Troy,UTSA,0.00942136232946998
Troy,Utah,0.010928162385010133
Troy,Utah State,0.01707657123957232
Troy,Vanderbilt,0.015112044513906384
Troy,Virginia,0.01062784910135737
Troy,Virginia Tech,0.01643491322325338
Troy,Wake Forest,0.0033733638267128673
Troy,Washington,0.016791246287953365
Troy,Washington State,0.022873934423442543
Troy,West Virginia,0.009244457117629609
Troy,Western Kentucky,0.011374344459017199
Troy,Western Michigan,0.014900547840654527
Troy,Wisconsin,0.01354552011849643
Troy,Wyoming,0.0157360785945296
Tulane,Air Force,0.009861026317831222
Tulane,Akron,0.018378261078288407
Tulane,Alabama,0.018979399914694477
Tulane,App State,0.014333588612487052
Tulane,Arizona,0.0076831322407346905
Tulane,Arizona State,0.014995437275244505
Tulane,Arkansas,0.008954798418435899
Tulane,Arkansas State,0.015163923600886224
Tulane,Army,0.008845742876704718
Tulane,Auburn,0.016557218844040933
Tulane,BYU,0.010278413056806459
Tulane,Ball State,0.013701915787466839
Tulane,Baylor,0.012447362443764147
Tulane,Boise State,0.0056352318356219355
Tulane,Boston College,0.013504901687059619
Tulane,Bowling Green,0.011441285038180586
Tulane,Buffalo,0.015533598552914267
Tulane,California,0.020483671430023734
Tulane,Central Michigan,0.012914220296163393
Tulane,Charlotte,0.02528946881088534
Tulane,Cincinnati,0.016316836547714198
Tulane,Clemson,0.012631808257184093
Tulane,Coastal Carolina,0.010213655276577362
Tulane,Colorado,0.011394642925117578
Tulane,Colorado State,0.016118043421211526
Tulane,Delaware,0.013237344063239715
Tulane,Duke,0.014854762013027415
Tulane,East Carolina,0.008174812435849116
Tulane,Eastern Michigan,0.010851476302209855
Tulane,Florida,0.011852166391948839
Tulane,Florida Atlantic,0.016324659587746183
Tulane,Florida International,0.011651116087121516
Tulane,Florida State,0.008392341477725405
Tulane,Fresno State,0.014327545687072472
Tulane,Georgia,0.00854553439923812
Tulane,Georgia Southern,0.02129778557076901
Tulane,Georgia State,0.013600085195015503
Tulane,Georgia Tech,0.010380151770629094
Tulane,Hawai'i,0.009006295522487977
Tulane,Houston,0.0094524987341263
Tulane,Illinois,0.016305369404611376
Tulane,Indiana,0.010023779088657004
Tulane,Iowa,0.009625049249341119
Tulane,Iowa State,0.01380468551513921
Tulane,Jacksonville State,0.013111862971304296
Tulane,James Madison,0.008181924488861727
Tulane,Kansas,0.010698068170333043
Tulane,Kansas State,0.014376285664881062
Tulane,Kennesaw State,0.010259819849890321
Tulane,Kent State,0.018837689291341827
Tulane,Kentucky,0.013792814820847788
Tulane,LSU,0.022623178831326942
Tulane,Liberty,0.009639596672595263
Tulane,Louisiana,0.009039150411481378
Tulane,Louisiana Tech,0.018768797681111136
Tulane,Louisville,0.012520367963340235
Tulane,Marshall,0.0109783632984659
Tulane,Maryland,0.009771223868329541
Tulane,Massachusetts,0.014660986904359432
Tulane,Memphis,0.027098364165824874
Tulane,Miami,0.012300055402794328
Tulane,Miami (OH),0.010598788610557863
Tulane,Michigan,0.012553204952774743
Tulane,Michigan State,0.011910643785016332
Tulane,Middle Tennessee,0.013978539250533146
Tulane,Minnesota,0.012825152995442561
Tulane,Mississippi State,0.012417997538071613
Tulane,Missouri,0.012578190881687065
Tulane,Missouri State,0.014591011219221047
Tulane,NC State,0.014161807798483217
Tulane,Navy,0.0051783366937034805
Tulane,Nebraska,0.014413671056089792
Tulane,Nevada,0.017777239241974593
Tulane,New Mexico,0.016446640393638308
Tulane,New Mexico State,0.010606436658306037
Tulane,North Carolina,0.014847573466023986
Tulane,North Dakota State,0.016216579171733338
Tulane,North Texas,0.027645631492107695
Tulane,Northern Illinois,0.011459026240046603
Tulane,Northwestern,0.010609767770392462
Tulane,Notre Dame,0.013931952494891384
Tulane,Ohio,0.013505522727630273
Tulane,Ohio State,0.011337155121798281
Tulane,Oklahoma,0.010072148506190414
Tulane,Oklahoma State,0.017109401875409137
Tulane,Old Dominion,0.01382245966291416
Tulane,Ole Miss,0.01464959712559401
Tulane,Oregon,0.019135163667302096
Tulane,Oregon State,0.007145042286377158
Tulane,Penn State,0.011559228631272109
Tulane,Pittsburgh,0.011755905942338359
Tulane,Purdue,0.010575014729589948
Tulane,Rice,0.011181892631641939
Tulane,Rutgers,0.012295926282536621
Tulane,SMU,0.01113247227175393
Tulane,Sacramento State,0.013822475768309977
Tulane,Sam Houston,0.01416070752225091
Tulane,San Diego State,0.010143166603274785
Tulane,San José State,0.015409796719308123
Tulane,South Alabama,0.012648734923072289
Tulane,South Carolina,0.006356994161293658
Tulane,South Florida,0.011861451420846197
Tulane,Southern Miss,0.022591178050852798
Tulane,Stanford,0.008574811901350796
Tulane,Syracuse,0.016104566622237505
Tulane,TCU,0.007532369125470416
Tulane,Temple,0.015825205791647142
Tulane,Tennessee,0.013102407537638939
Tulane,Texas,0.007697951978246693
Tulane,Texas A&M,0.01237628571991909
Tulane,Texas State,0.007858457513084303
Tulane,Texas Tech,0.008952646375383367
Tulane,Toledo,0.01595924024540014
Tulane,Troy,0.011494069108530113
Tulane,Tulsa,0.018270958091606202
Tulane,UAB,0.0123223470741231
Tulane,UCF,0.01790001256430241
Tulane,UCLA,0.012745354240940072
Tulane,UConn,0.011444862118720128
Tulane,UL Monroe,0.01772155525944943
Tulane,UNLV,0.01255393829692367
Tulane,USC,0.008518400120239683
Tulane,UTEP,0.006526393589202063
Tulane,UTSA,0.009799522915157795
Tulane,Utah,0.008776653098263134
Tulane,Utah State,0.011332456282342626
Tulane,Vanderbilt,0.01131339684791785
Tulane,Virginia,0.012742979282182543
Tulane,Virginia Tech,0.01109887973941186
Tulane,Wake Forest,0.00929895091205846
Tulane,Washington,0.012276041253424635
Tulane,Washington State,0.01753790093960102
Tulane,West Virginia,0.01368019471647991
Tulane,Western Kentucky,0.01671037794285872
Tulane,Western Michigan,0.011424630619589626
Tulane,Wisconsin,0.013933886815361961
Tulane,Wyoming,0.007795421614885027
Tulsa,Air Force,0.020258679593770892
Tulsa,Akron,0.017184368836012345
Tulsa,Alabama,0.029377053190634148
Tulsa,App State,0.024731241888426722
Tulsa,Arizona,0.017774421612953582
Tulsa,Arizona State,0.025393090551184175
Tulsa,Arkansas,0.019298704034992512
Tulsa,Arkansas State,0.016605527353829384
Tulsa,Army,0.019243396152644386
Tulsa,Auburn,0.01769691489863461
Tulsa,BYU,0.017248953177569165
Tulsa,Ball State,0.02409956906340651
Tulsa,Baylor,0.022845015719703817
Tulsa,Boise State,0.015420569532481967
Tulsa,Boston College,0.020995589807176567
Tulsa,Bowling Green,0.02171624076137738
Tulsa,Buffalo,0.024567654791545088
Tulsa,California,0.030531879745363987
Tulsa,Central Michigan,0.023311873572103063
Tulsa,Charlotte,0.01872280883862322
Tulsa,Cincinnati,0.02636504486305445
Tulsa,Clemson,0.02002398377324467
Tulsa,Coastal Carolina,0.020611308552517034
Tulsa,Colorado,0.018418163560977766
Tulsa,Colorado State,0.023616237749365714
Tulsa,Delaware,0.023634997339179384
Tulsa,Duke,0.025252415288967087
Tulsa,East Carolina,0.013890479715573362
Tulsa,Eastern Michigan,0.021249129578149523
Tulsa,Florida,0.02181072727227095
Tulsa,Florida Atlantic,0.026372867903086437
Tulsa,Florida International,0.022048769363061185
Tulsa,Florida State,0.013287406986211923
Tulsa,Fresno State,0.013434165946127678
Tulsa,Georgia,0.01894318767517779
Tulsa,Georgia Southern,0.029134787394376582
Tulsa,Georgia State,0.023997738470955172
Tulsa,Georgia Tech,0.020777805046568763
Tulsa,Hawai'i,0.019403948798427648
Tulsa,Houston,0.01985015201006597
Tulsa,Illinois,0.02127001078559001
Tulsa,Indiana,0.020421432364596672
Tulsa,Iowa,0.020022702525280787
Tulsa,Iowa State,0.02420233879107888
Tulsa,Jacksonville State,0.020766334811920844
Tulsa,James Madison,0.0185795777648014
Tulsa,Kansas,0.017203945477692634
Tulsa,Kansas State,0.023625839394402267
Tulsa,Kennesaw State,0.019289522959333727
Tulsa,Kent State,0.029235342567281497
Tulsa,Kentucky,0.02419046809678746
Tulsa,LSU,0.03302083210726661
Tulsa,Liberty,0.020037249948534935
Tulsa,Louisiana,0.015077937536705523
Tulsa,Louisiana Tech,0.029166450957050803
Tulsa,Louisville,0.021233061740696817
Tulsa,Marshall,0.01614467214605756
Tulsa,Maryland,0.02016887714426921
Tulsa,Massachusetts,0.020285112305085486
Tulsa,Memphis,0.037146572481165124
Tulsa,Miami,0.022697708678734
Tulsa,Miami (OH),0.020996441886497533
Tulsa,Michigan,0.022950858228714413
Tulsa,Michigan State,0.01787940399015184
Tulsa,Middle Tennessee,0.024376192526472818
Tulsa,Minnesota,0.019940990093819444
Tulsa,Mississippi State,0.022815650814011282
Tulsa,Missouri,0.022975844157626733
Tulsa,Missouri State,0.02498866449516072
Tulsa,NC State,0.024559461074422886
Tulsa,Navy,0.009518423542278004
Tulsa,Nebraska,0.024811324332029462
Tulsa,Nevada,0.028174892517914264
Tulsa,New Mexico,0.026844293669577978
Tulsa,New Mexico State,0.021004089934245705
Tulsa,North Carolina,0.025245226741963656
Tulsa,North Dakota State,0.026614232447673008
Tulsa,North Texas,0.017597423176767442
Tulsa,Northern Illinois,0.02185667951598627
Tulsa,Northwestern,0.021007421046332134
Tulsa,Notre Dame,0.024329605770831052
Tulsa,Ohio,0.013567500173032189
Tulsa,Ohio State,0.02173480839773795
Tulsa,Oklahoma,0.020469801782130082
Tulsa,Oklahoma State,0.027507055151348807
Tulsa,Old Dominion,0.0179633121868925
Tulsa,Ole Miss,0.02122378776595276
Tulsa,Oregon,0.02918337198264235
Tulsa,Oregon State,0.014832774266323616
Tulsa,Penn State,0.02195688190721178
Tulsa,Pittsburgh,0.019269139448284296
Tulsa,Purdue,0.019764098461287505
Tulsa,Rice,0.02157954590758161
Tulsa,Rutgers,0.020826905778255852
Tulsa,SMU,0.0182708949831417
Tulsa,Sacramento State,0.02422012904424965
Tulsa,Sam Houston,0.02455836079819058
Tulsa,San Diego State,0.020540819879214453
Tulsa,San José State,0.025807449995247794
Tulsa,South Alabama,0.020016926351367387
Tulsa,South Carolina,0.016549251395903488
Tulsa,South Florida,0.022259104696785867
Tulsa,Southern Miss,0.024494777176943903
Tulsa,Stanford,0.01882890854063146
Tulsa,Syracuse,0.026502219898177175
Tulsa,TCU,0.017930022401410086
Tulsa,Temple,0.023710108657439184
Tulsa,Tennessee,0.02350006081357861
Tulsa,Texas,0.013257263201402593
Tulsa,Texas A&M,0.01832051404378744
Tulsa,Texas State,0.018256110789023974
Tulsa,Texas Tech,0.013954557077417076
Tulsa,Toledo,0.026323574280859213
Tulsa,Troy,0.021891722384469785
Tulsa,Tulane,0.02026486848162377
Tulsa,UAB,0.02272000035006277
Tulsa,UCF,0.01728698704250743
Tulsa,UCLA,0.02314300751687974
Tulsa,UConn,0.020957009818807614
Tulsa,UL Monroe,0.02679680798480908
Tulsa,UNLV,0.02295159157286334
Tulsa,USC,0.017136739739659793
Tulsa,UTEP,0.016924046865141734
Tulsa,UTSA,0.020197176191097465
Tulsa,Utah,0.019174306374202803
Tulsa,Utah State,0.020209561713312816
Tulsa,Vanderbilt,0.02171105012385752
Tulsa,Virginia,0.023140632558122213
Tulsa,Virginia Tech,0.021392330891892755
Tulsa,Wake Forest,0.018967055990200137
Tulsa,Washington,0.022673694529364304
Tulsa,Washington State,0.0215825463287088
Tulsa,West Virginia,0.015431088344770525
Tulsa,Western Kentucky,0.026758586258198973
Tulsa,Western Michigan,0.021822283895529294
Tulsa,Wisconsin,0.02433154009130163
Tulsa,Wyoming,0.01750795671156593
UAB,Air Force,0.02231835739965633
UAB,Akron,0.026654240390832935
UAB,Alabama,0.021412307444381877
UAB,App State,0.01359862029179951
UAB,Arizona,0.02564073652338752
UAB,Arizona State,0.0068840443036012845
UAB,Arkansas,0.02529031873550501
UAB,Arkansas State,0.0334207689338485
UAB,Army,0.025308489548701497
UAB,Auburn,0.009834584849332868
UAB,BYU,0.02853525838976874
UAB,Ball State,0.02539671849805535
UAB,Baylor,0.0215935262625405
UAB,Boise State,0.0030884767151009226
UAB,Boston College,0.0317617470200219
UAB,Bowling Green,0.028966728827855524
UAB,Buffalo,0.016254083307288156
UAB,California,0.0272063054247318
UAB,Central Michigan,0.024414767661317335
UAB,Charlotte,0.04354631414384762
UAB,Cincinnati,0.026901629615955453
UAB,Clemson,0.030888653590146375
UAB,Coastal Carolina,0.014751402054238043
UAB,Colorado,0.023508318913532604
UAB,Colorado State,0.034374888754173806
UAB,Delaware,0.005125951091596496
UAB,Duke,0.0067433690413841955
UAB,East Carolina,0.026431657768811397
UAB,Eastern Michigan,0.02095684715569838
UAB,Florida,0.03010901172491112
UAB,Florida Atlantic,0.02666558844376299
UAB,Florida International,0.015334635373092145
UAB,Florida State,0.024775975105735225
UAB,Fresno State,0.007604911692364405
UAB,Georgia,0.0037598887690314235
UAB,Georgia Southern,0.023647155711659505
UAB,Georgia State,0.023453784119463278
UAB,Georgia Tech,0.022453934585726816
UAB,Hawai'i,0.024774569563533844
UAB,Houston,0.004544053941100588
UAB,Illinois,0.034562214737573656
UAB,Indiana,0.02615284423450274
UAB,Iowa,0.022958812767728733
UAB,Iowa State,0.017543836109206838
UAB,Jacksonville State,0.03136870830426658
UAB,James Madison,0.024181042627237623
UAB,Kansas,0.017839674229454767
UAB,Kansas State,0.032633130997843346
UAB,Kennesaw State,0.0285166651828526
UAB,Kent State,0.016247055740186946
UAB,Kentucky,0.02352883838001833
UAB,LSU,0.014511785859683723
UAB,Liberty,0.027746969860515308
UAB,Louisiana,0.02333804739219158
UAB,Louisiana Tech,0.023599992071980762
UAB,Louisville,0.023495455387989757
UAB,Marshall,0.004537837493622524
UAB,Maryland,0.025957154878206656
UAB,Massachusetts,0.02113533272076527
UAB,Memphis,0.03382099816053294
UAB,Miami,0.004344754837227022
UAB,Miami (OH),0.002487395638914643
UAB,Michigan,0.02284094381696551
UAB,Michigan State,0.03016748911797861
UAB,Middle Tennessee,0.031153843499458284
UAB,Minnesota,0.028719603016027318
UAB,Mississippi State,0.004306604566428393
UAB,Missouri,0.025676779433367942
UAB,Missouri State,0.025697628164338848
UAB,NC State,0.025090040690599457
UAB,Navy,0.021031538012270406
UAB,Nebraska,0.021677731470292765
UAB,Nevada,0.027444127413328953
UAB,New Mexico,0.008335247421995089
UAB,New Mexico State,0.01701807585028979
UAB,North Carolina,0.022906571615916922
UAB,North Dakota State,0.008105186200090118
UAB,North Texas,0.02092299749739963
UAB,Northern Illinois,0.022503097394759204
UAB,Northwestern,0.02468081729879491
UAB,Notre Dame,0.024698982549608305
UAB,Ohio,0.03176236806059255
UAB,Ohio State,0.027622675268598663
UAB,Oklahoma,0.028208027577433594
UAB,Oklahoma State,0.02094993457677502
UAB,Old Dominion,0.030553374197108858
UAB,Ole Miss,0.026715561931561674
UAB,Oregon,0.0267314390569612
UAB,Oregon State,0.013959472950600255
UAB,Penn State,0.026872401451624627
UAB,Pittsburgh,0.005033271947630292
UAB,Purdue,0.028831860062552228
UAB,Rice,0.029070212700006197
UAB,Rutgers,0.0305527716154989
UAB,SMU,0.029389317604716213
UAB,Sacramento State,0.023893512439804154
UAB,Sam Houston,0.025176898429258385
UAB,San Diego State,0.01643325460453484
UAB,San José State,0.02334609366583388
UAB,South Alabama,0.03090558025603457
UAB,South Carolina,0.0019597948516794006
UAB,South Florida,0.021130277069544186
UAB,Southern Miss,0.03385781680568298
UAB,Stanford,0.0030241927809766993
UAB,Syracuse,0.007993173650594286
UAB,TCU,0.003412001792913578
UAB,Temple,0.02664702097912255
UAB,Tennessee,0.029492476294135147
UAB,Texas,0.005251783046180297
UAB,Texas A&M,0.030003120320883002
UAB,Texas State,0.021700173638194216
UAB,Texas Tech,0.005321895582101822
UAB,Toledo,0.009236606250692076
UAB,Troy,0.020927844390298385
UAB,Tulane,0.027720417838106245
UAB,Tulsa,0.02513658609277861
UAB,UCF,0.021632300541592767
UAB,UCLA,0.02169460141390374
UAB,UConn,0.00472222812401206
UAB,UL Monroe,0.03597840059241171
UAB,UNLV,0.025051466470748407
UAB,USC,0.026290819396798056
UAB,UTEP,0.00609581297919451
UAB,UTSA,0.02761558086274862
UAB,Utah,0.02610878080720847
UAB,Utah State,0.019960371952646282
UAB,Vanderbilt,0.021924898678312217
UAB,Virginia,0.0046315863105393235
UAB,Virginia Tech,0.004376245744703793
UAB,Wake Forest,0.00868530365183672
UAB,Washington,0.029809076080954403
UAB,Washington State,0.03346000534622791
UAB,West Virginia,0.03193704004944219
UAB,Western Kentucky,0.023433011937566785
UAB,Western Michigan,0.0057054039407326475
UAB,Wisconsin,0.02349142307372217
UAB,Wyoming,0.021300864597689
UCF,Air Force,0.014636967423561985
UCF,Akron,0.017052770960883066
UCF,Alabama,0.01219631342115504
UCF,App State,0.009969338933238458
UCF,Arizona,0.01418767700066179
UCF,Arizona State,0.007875573988592092
UCF,Arkansas,0.01041653590702862
UCF,Arkansas State,0.013109712588191748
UCF,Army,0.010471843789376744
UCF,Auburn,0.015231728726635592
UCF,BYU,0.014702002414224737
UCF,Ball State,0.008777061844246287
UCF,Baylor,0.014104964224712843
UCF,Boise State,0.014294670409539165
UCF,Boston College,0.008719650134844563
UCF,Bowling Green,0.007998999180643753
UCF,Buffalo,0.017354537558248763
UCF,California,0.021809161547429075
UCF,Central Michigan,0.009485548284878026
UCF,Charlotte,0.012506512582211932
UCF,Cincinnati,0.01764232666511954
UCF,Clemson,0.0165078147622311
UCF,Coastal Carolina,0.018857218811298874
UCF,Colorado,0.011297076381043367
UCF,Colorado State,0.009393286558928682
UCF,Delaware,0.01066468778957886
UCF,Duke,0.008492489816165755
UCF,East Carolina,0.01582476022644777
UCF,Eastern Michigan,0.01265177370983854
UCF,Florida,0.010326747584126668
UCF,Florida Atlantic,0.017650149705151524
UCF,Florida International,0.018273985492444772
UCF,Florida State,0.01642783295580921
UCF,Fresno State,0.016281073995893455
UCF,Georgia,0.010772052266843342
UCF,Georgia Southern,0.01997229545336367
UCF,Georgia State,0.010154836746073637
UCF,Georgia Tech,0.011718911146554645
UCF,Hawai'i,0.011753347232817095
UCF,Houston,0.009865087931955162
UCF,Illinois,0.008529427906933881
UCF,Indiana,0.009293807577424458
UCF,Iowa,0.010649808097808185
UCF,Iowa State,0.016064784756330077
UCF,Jacksonville State,0.012097667641817975
UCF,James Madison,0.011135662177219735
UCF,Kansas,0.015768946636082148
UCF,Kansas State,0.013135157843977889
UCF,Kennesaw State,0.010633217270539945
UCF,Kent State,0.01084991186288422
UCF,Kentucky,0.01007978248551859
UCF,LSU,0.012097157958400225
UCF,Liberty,0.0096779899934862
UCF,Louisiana,0.014637302405315609
UCF,Louisiana Tech,0.01354708069650461
UCF,Louisville,0.010113165477547158
UCF,Marshall,0.013570567795963571
UCF,Maryland,0.00964996303510781
UCF,Massachusetts,0.013335496786954091
UCF,Memphis,0.028423854283230215
UCF,Miami,0.007017531263287134
UCF,Miami (OH),0.0087187980555236
UCF,Michigan,0.01569559175023094
UCF,Michigan State,0.011835835951869291
UCF,Middle Tennessee,0.006158758192503972
UCF,Minnesota,0.009914025417428765
UCF,Mississippi State,0.009530143514602227
UCF,Missouri,0.012497450576186514
UCF,Missouri State,0.011215735517965312
UCF,NC State,0.00851858017493746
UCF,Navy,0.021584241619170913
UCF,Nebraska,0.012359221802576283
UCF,Nevada,0.006552967985597578
UCF,New Mexico,0.010716503379542398
UCF,New Mexico State,0.016590545015247125
UCF,North Carolina,0.010702049249619993
UCF,North Dakota State,0.02562537678569974
UCF,North Texas,0.026320141374702354
UCF,Northern Illinois,0.020349817871697623
UCF,Northwestern,0.008927803566742006
UCF,Notre Dame,0.008909638315928614
UCF,Ohio,0.016147739768988943
UCF,Ohio State,0.0107887728036641
UCF,Oklahoma,0.011143921628761159
UCF,Oklahoma State,0.012658686288761899
UCF,Old Dominion,0.012496969545508819
UCF,Ole Miss,0.012501069568017845
UCF,Oregon,0.020460653784707437
UCF,Oregon State,0.01964914791493666
UCF,Penn State,0.010474699577568466
UCF,Pittsburgh,0.010446100493736834
UCF,Purdue,0.009951141480733627
UCF,Rice,0.008135694034439523
UCF,Rutgers,0.01210418758032094
UCF,SMU,0.014310897623944132
UCF,Sacramento State,0.01051619491529368
UCF,Sam Houston,0.021179700251220755
UCF,San Diego State,0.01277446437472997
UCF,San José State,0.01026252719970304
UCF,South Alabama,0.009698313590653746
UCF,South Carolina,0.013165988546117644
UCF,South Florida,0.01247834379599273
UCF,Southern Miss,0.021265687933447457
UCF,Stanford,0.01088633140138967
UCF,Syracuse,0.00872991951736208
UCF,TCU,0.011785217540611046
UCF,Temple,0.014499715674241801
UCF,Tennessee,0.015008695145927602
UCF,Texas,0.016457976740618538
UCF,Texas A&M,0.01923370241309672
UCF,Texas State,0.0119084472273427
UCF,Texas Tech,0.015760682864604057
UCF,Toledo,0.0146337501279948
UCF,Troy,0.012680776475238532
UCF,Tulane,0.009450371460397362
UCF,Tulsa,0.017566252826803637
UCF,UAB,0.006995239591958363
UCF,UCLA,0.011944341436804028
UCF,UConn,0.010773329059025949
UCF,UL Monroe,0.018074089786874168
UCF,UNLV,0.010962630824022986
UCF,USC,0.012578500202361339
UCF,UTEP,0.012791193076879398
UCF,UTSA,0.014507903592854176
UCF,Utah,0.013607928375394745
UCF,Utah State,0.016127949925723885
UCF,Vanderbilt,0.015061796773126922
UCF,Virginia,0.008136533521514685
UCF,Virginia Tech,0.00977338962200652
UCF,Wake Forest,0.010748183951820995
UCF,Washington,0.010129722686706501
UCF,Washington State,0.01621241082219568
UCF,West Virginia,0.014284151597250607
UCF,Western Kentucky,0.01803586806026406
UCF,Western Michigan,0.012118203325056944
UCF,Wisconsin,0.010117197791814745
UCF,Wyoming,0.012307756267847917
UCLA,Air Force,0.029840056400006428
UCLA,Akron,0.009497973418264919
UCLA,Alabama,0.016756116499155198
UCLA,App State,0.03475222079364477
UCLA,Arizona,0.03555936673728802
UCLA,Arizona State,0.024525345103792045
UCLA,Arkansas,0.03683103291498922
UCLA,Arkansas State,0.034170848837199015
UCLA,Army,0.03405540552135651
UCLA,Auburn,0.016475424957645705
UCLA,BYU,0.025783282675828273
UCLA,Ball State,0.02052910198280777
UCLA,Baylor,0.021463897898028703
UCLA,Boise State,0.022241002660931392
UCLA,Boston College,0.020430753868302922
UCLA,Bowling Green,0.024735728519297895
UCLA,Buffalo,0.01234263594363906
UCLA,California,0.04835990592657706
UCLA,Central Michigan,0.02917537639394931
UCLA,Charlotte,0.018400392976105497
UCLA,Cincinnati,0.04419307104426753
UCLA,Clemson,0.026797422600977942
UCLA,Coastal Carolina,0.025813500993696416
UCLA,Colorado,0.01648159157143575
UCLA,Colorado State,0.03527847860896985
UCLA,Delaware,0.016382772449326632
UCLA,Duke,0.018058254562982233
UCLA,East Carolina,0.021630215002221745
UCLA,Eastern Michigan,0.028126974889815037
UCLA,Florida,0.02967077597219163
UCLA,Florida Atlantic,0.04420089408429951
UCLA,Florida International,0.01805577964730306
UCLA,Florida State,0.02879339365475117
UCLA,Fresno State,0.013548688809480855
UCLA,Georgia,0.024913489270876683
UCLA,Georgia Southern,0.01714947098782119
UCLA,Georgia State,0.03251249467897203
UCLA,Georgia Tech,0.03054830133694168
UCLA,Hawai'i,0.033027354789105595
UCLA,Houston,0.025697654442945847
UCLA,Illinois,0.035080172286081866
UCLA,Indiana,0.03319254769503901
UCLA,Iowa,0.01930150733445197
UCLA,Iowa State,0.024572439439111148
UCLA,Jacksonville State,0.031356593174100916
UCLA,James Madison,0.02083037635846605
UCLA,Kansas,0.017178166326220285
UCLA,Kansas State,0.021644078310637086
UCLA,Kennesaw State,0.024801738682619246
UCLA,Kent State,0.037400656242032204
UCLA,Kentucky,0.03336884951933675
UCLA,LSU,0.017695977160444548
UCLA,Liberty,0.025921900844839574
UCLA,Louisiana,0.01883708408507195
UCLA,Louisiana Tech,0.014033123087138982
UCLA,Louisville,0.02394470521944171
UCLA,Marshall,0.025691437995467786
UCLA,Maryland,0.02048988256532084
UCLA,Massachusetts,0.01547627690817253
UCLA,Memphis,0.0549745986623782
UCLA,Miami,0.025498355339072284
UCLA,Miami (OH),0.02030553346648812
UCLA,Michigan,0.03171372835911502
UCLA,Michigan State,0.03185274355746398
UCLA,Middle Tennessee,0.020391986186644014
UCLA,Minnesota,0.03646476979657675
UCLA,Mississippi State,0.02168884201333348
UCLA,Missouri,0.021898825561140974
UCLA,Missouri State,0.017273369298120747
UCLA,NC State,0.019674885283640794
UCLA,Navy,0.027346449723491074
UCLA,Nebraska,0.03890996618172427
UCLA,Nevada,0.01999777639355041
UCLA,New Mexico,0.027915614352481157
UCLA,New Mexico State,0.028009027627410137
UCLA,North Carolina,0.019612330461263212
UCLA,North Dakota State,0.027283512717292575
UCLA,North Texas,0.0071600547391969145
UCLA,Northern Illinois,0.03293358750988539
UCLA,Northwestern,0.030982720624563587
UCLA,Notre Dame,0.02014813180418677
UCLA,Ohio,0.02701261180689404
UCLA,Ohio State,0.02794641431220134
UCLA,Oklahoma,0.01990494707402231
UCLA,Oklahoma State,0.02404873316547441
UCLA,Old Dominion,0.014053774833639168
UCLA,Ole Miss,0.03905181394716583
UCLA,Oregon,0.047011398163855425
UCLA,Oregon State,0.02073119221017617
UCLA,Penn State,0.028787042290090513
UCLA,Pittsburgh,0.01612032855421497
UCLA,Purdue,0.02256109905217055
UCLA,Rice,0.023552616033563588
UCLA,Rutgers,0.038654931959468924
UCLA,SMU,0.020023134403638357
UCLA,Sacramento State,0.016034549463854304
UCLA,Sam Houston,0.03167466014191269
UCLA,San Diego State,0.0375868551063801
UCLA,San José State,0.02747049054700744
UCLA,South Alabama,0.024101557382384932
UCLA,South Carolina,0.02151924033525967
UCLA,South Florida,0.024737319240685188
UCLA,Southern Miss,0.011690127191653146
UCLA,Stanford,0.02417779328282196
UCLA,Syracuse,0.02698831578870896
UCLA,TCU,0.024565602294758838
UCLA,Temple,0.012492915179230213
UCLA,Tennessee,0.03395689345547803
UCLA,Texas,0.020178282518306632
UCLA,Texas A&M,0.022280470741756417
UCLA,Texas State,0.02357294846009433
UCLA,Texas Tech,0.026475496083947083
UCLA,Toledo,0.011916994251153185
UCLA,Troy,0.029062786288229017
UCLA,Tulane,0.02682243827194232
UCLA,Tulsa,0.020613021155463332
UCLA,UAB,0.026153520150822028
UCLA,UCF,0.014484715678607917
UCLA,UConn,0.016431372377833202
UCLA,UL Monroe,0.044624834166022156
UCLA,UNLV,0.0366416973650156
UCLA,USC,0.019357834376313644
UCLA,UTEP,0.02724941348103977
UCLA,UTSA,0.031358086352514636
UCLA,Utah,0.03122483294922642
UCLA,Utah State,0.019174718254383584
UCLA,Vanderbilt,0.0386961844189446
UCLA,Virginia,0.022584418879037477
UCLA,Virginia Tech,0.01677735475714147
UCLA,Wake Forest,0.02983890415368198
UCLA,Washington,0.016421021692441484
UCLA,Washington State,0.017738234295487147
UCLA,West Virginia,0.02396781086276524
UCLA,Western Kentucky,0.044586612439412046
UCLA,Western Michigan,0.01831172013974032
UCLA,Wisconsin,0.033987692203624784
UCLA,Wyoming,0.031870930081507716
UConn,Air Force,0.012462475074053906
UConn,Akron,0.017914307860758483
UConn,Alabama,0.010656164779868204
UConn,App State,0.007989912779398076
UConn,Arizona,0.014946733054871217
UConn,Arizona State,0.007328064116640624
UConn,Arkansas,0.013422450632832286
UConn,Arkansas State,0.016115627313995413
UConn,Army,0.01347775851518041
UConn,Auburn,0.01609326562651101
UConn,BYU,0.015472201490255633
UConn,Ball State,0.008621585604418289
UConn,Baylor,0.00987613894812098
UConn,Boise State,0.01730058513534283
UConn,Boston College,0.011725564860648229
UConn,Bowling Green,0.012142592386553457
UConn,Buffalo,0.015069645335384343
UConn,California,0.020947624647553658
UConn,Central Michigan,0.009409281095721735
UConn,Charlotte,0.0200815628097278
UConn,Cincinnati,0.016780789765244122
UConn,Clemson,0.01269717089458013
UConn,Coastal Carolina,0.012109846115307766
UConn,Colorado,0.014302991106847032
UConn,Colorado State,0.010910137420053985
UConn,Delaware,0.011029508829696772
UConn,Duke,0.012327911484530059
UConn,East Carolina,0.018830674952251436
UConn,Eastern Michigan,0.011472025089675273
UConn,Florida,0.010910427395553847
UConn,Florida Atlantic,0.016788612805276108
UConn,Florida International,0.010672385304763611
UConn,Florida State,0.019433747681612875
UConn,Fresno State,0.01928698872169712
UConn,Georgia,0.013777966992647007
UConn,Georgia Southern,0.020833832353239087
UConn,Georgia State,0.008723416196869624
UConn,Georgia Tech,0.011943349621256033
UConn,Hawai'i,0.01331720586939715
UConn,Houston,0.012871002657758828
UConn,Illinois,0.012511383899147103
UConn,Indiana,0.012299722303228124
UConn,Iowa,0.012698452142544009
UConn,Iowa State,0.008518815876745918
UConn,Jacksonville State,0.011954819855903952
UConn,James Madison,0.0141415769030234
UConn,Kansas,0.015517209190132164
UConn,Kansas State,0.009168379663723521
UConn,Kennesaw State,0.01343163170849107
UConn,Kent State,0.009988374963008802
UConn,Kentucky,0.008569847184855022
UConn,LSU,0.012941943270804834
UConn,Liberty,0.012683904719289865
UConn,Louisiana,0.017643217131119274
UConn,Louisiana Tech,0.014408617596380029
UConn,Louisville,0.013221675311713105
UConn,Marshall,0.016576482521767237
UConn,Maryland,0.012552277523555587
UConn,Massachusetts,0.014197033686829508
UConn,Memphis,0.0275623173833548
UConn,Miami,0.0100234459890908
UConn,Miami (OH),0.011724712781327265
UConn,Michigan,0.009770296439110385
UConn,Michigan State,0.014841750677672957
UConn,Middle Tennessee,0.010140588281224161
UConn,Minnesota,0.013526460343815432
UConn,Mississippi State,0.009905503853813514
UConn,Missouri,0.009745310510198063
UConn,Missouri State,0.010138911980902658
UConn,NC State,0.01266553533871487
UConn,Navy,0.02459015634497458
UConn,Nebraska,0.011497684902700867
UConn,Nevada,0.00869346473881578
UConn,New Mexico,0.005876860998246819
UConn,New Mexico State,0.01171706473357909
UConn,North Carolina,0.007799950817760191
UConn,North Dakota State,0.015481507254282642
UConn,North Texas,0.02718167827457777
UConn,Northern Illinois,0.010864475151838525
UConn,Northwestern,0.011713733621492665
UConn,Notre Dame,0.008391548896993744
UConn,Ohio,0.01915365449479261
UConn,Ohio State,0.010986346270086846
UConn,Oklahoma,0.012251352885694714
UConn,Oklahoma State,0.012667809823185425
UConn,Old Dominion,0.014757842480932298
UConn,Ole Miss,0.01535090447396688
UConn,Oregon,0.01959911688483202
UConn,Oregon State,0.017888380401501182
UConn,Penn State,0.010764272760613019
UConn,Pittsburgh,0.0134520152195405
UConn,Purdue,0.012957056206537292
UConn,Rice,0.011141608760243189
UConn,Rutgers,0.01449051568015889
UConn,SMU,0.014450259684683098
UConn,Sacramento State,0.0113777318151691
UConn,Sam Houston,0.008162793869634217
UConn,San Diego State,0.012180334788610343
UConn,San José State,0.006913704672577004
UConn,South Alabama,0.012704228316457412
UConn,South Carolina,0.01617190327192131
UConn,South Florida,0.012226434506676435
UConn,Southern Miss,0.022127224833322873
UConn,Stanford,0.013892246127193336
UConn,Syracuse,0.006218934769647621
UConn,TCU,0.014791132266414712
UConn,Temple,0.01536125257411722
UConn,Tennessee,0.009221093854246189
UConn,Texas,0.019463891466422203
UConn,Texas A&M,0.014400640624037358
UConn,Texas State,0.014465043878800824
UConn,Texas Tech,0.018766597590407722
UConn,Toledo,0.015495287027870218
UConn,Troy,0.010829432283355015
UConn,Tulane,0.012456286186201027
UConn,Tulsa,0.017807004874076278
UConn,UAB,0.010001154317762028
UConn,UCF,0.017436059346772486
UConn,UCLA,0.009578147150945055
UConn,UL Monroe,0.01721255288699875
UConn,UNLV,0.009769563094961457
UConn,USC,0.015584414928165004
UConn,UTEP,0.015797107802683064
UConn,UTSA,0.012523978476727333
UConn,Utah,0.013546848293621993
UConn,Utah State,0.01251159295451198
UConn,Vanderbilt,0.0112839031399212
UConn,Virginia,0.009580522109702585
UConn,Virginia Tech,0.011328823775932043
UConn,Wake Forest,0.01375409867762466
UConn,Washington,0.01099125958658192
UConn,Washington State,0.017073947722071096
UConn,West Virginia,0.01729006632305427
UConn,Western Kentucky,0.017174331160388644
UConn,Western Michigan,0.010898870772295502
UConn,Wisconsin,0.013668116957313207
UConn,Wyoming,0.015213197956258868
UL Monroe,Air Force,0.014326745193350096
UL Monroe,Akron,0.023210174650058674
UL Monroe,Alabama,0.023445118790213354
UL Monroe,App State,0.01879930748800593
UL Monroe,Arizona,0.011842487212532785
UL Monroe,Arizona State,0.019461156150763378
UL Monroe,Arkansas,0.013366769634571717
UL Monroe,Arkansas State,0.015510400392545403
UL Monroe,Army,0.013311461752223593
UL Monroe,Auburn,0.0213891324158112
UL Monroe,BYU,0.011317018777148368
UL Monroe,Ball State,0.018167634662985713
UL Monroe,Baylor,0.016913081319283024
UL Monroe,Boise State,0.010467145407392202
UL Monroe,Boston College,0.015063655406755774
UL Monroe,Bowling Green,0.015784306360956585
UL Monroe,Buffalo,0.020365512124684532
UL Monroe,California,0.021696732317286704
UL Monroe,Central Michigan,0.01737993917168227
UL Monroe,Charlotte,0.025635945602544518
UL Monroe,Cincinnati,0.01642073049104116
UL Monroe,Clemson,0.014092049372823873
UL Monroe,Coastal Carolina,0.014679374152096237
UL Monroe,Colorado,0.016226556496887843
UL Monroe,Colorado State,0.01768430334894492
UL Monroe,Delaware,0.01770306293875859
UL Monroe,Duke,0.01932048088854629
UL Monroe,East Carolina,0.011077933066101848
UL Monroe,Eastern Michigan,0.01531719517772873
UL Monroe,Florida,0.015878792871850157
UL Monroe,Florida Atlantic,0.018512705808659307
UL Monroe,Florida International,0.01611683496264039
UL Monroe,Florida State,0.0073554725857911275
UL Monroe,Fresno State,0.01915945925884274
UL Monroe,Georgia,0.013011253274756995
UL Monroe,Georgia Southern,0.02612969914253928
UL Monroe,Georgia State,0.018065804070534378
UL Monroe,Georgia Tech,0.014845870646147969
UL Monroe,Hawai'i,0.013472014398006852
UL Monroe,Houston,0.013918217609645175
UL Monroe,Illinois,0.016651846196270553
UL Monroe,Indiana,0.014489497964175879
UL Monroe,Iowa,0.014090768124859994
UL Monroe,Iowa State,0.018270404390658086
UL Monroe,Jacksonville State,0.01483440041150005
UL Monroe,James Madison,0.012647643364380602
UL Monroe,Kansas,0.015529981742103308
UL Monroe,Kansas State,0.017693904993981473
UL Monroe,Kennesaw State,0.013357588558912933
UL Monroe,Kent State,0.023303408166860703
UL Monroe,Kentucky,0.018258533696366663
UL Monroe,LSU,0.02708889770684582
UL Monroe,Liberty,0.014105315548114138
UL Monroe,Louisiana,0.013871063983251643
UL Monroe,Louisiana Tech,0.02323451655663001
UL Monroe,Louisville,0.015301127340276022
UL Monroe,Marshall,0.010212737745636764
UL Monroe,Maryland,0.014236942743848416
UL Monroe,Massachusetts,0.0194929004761297
UL Monroe,Memphis,0.022266450594054608
UL Monroe,Miami,0.016765774278313203
UL Monroe,Miami (OH),0.015064507486076737
UL Monroe,Michigan,0.01701892382829362
UL Monroe,Michigan State,0.012257120576675511
UL Monroe,Middle Tennessee,0.01844425812605202
UL Monroe,Minnesota,0.014009055693398647
UL Monroe,Mississippi State,0.016883716413590488
UL Monroe,Missouri,0.01704390975720594
UL Monroe,Missouri State,0.01905673009473992
UL Monroe,NC State,0.018627526674002092
UL Monroe,Navy,0.005361698344832517
UL Monroe,Nebraska,0.018879389931608665
UL Monroe,Nevada,0.022242958117493467
UL Monroe,New Mexico,0.020912359269157185
UL Monroe,New Mexico State,0.015072155533824912
UL Monroe,North Carolina,0.01931329234154286
UL Monroe,North Dakota State,0.02068229804725221
UL Monroe,North Texas,0.03247754506387796
UL Monroe,Northern Illinois,0.015924745115565478
UL Monroe,Northwestern,0.015075486645911337
UL Monroe,Notre Dame,0.01839767137041026
UL Monroe,Ohio,0.013851999519289452
UL Monroe,Ohio State,0.015802873997317154
UL Monroe,Oklahoma,0.014537867381709289
UL Monroe,Oklahoma State,0.02157512075092801
UL Monroe,Old Dominion,0.018654373234684427
UL Monroe,Ole Miss,0.01493966053388806
UL Monroe,Oregon,0.02192412638876349
UL Monroe,Oregon State,0.011976955858147426
UL Monroe,Penn State,0.016024947506790982
UL Monroe,Pittsburgh,0.016587819514108624
UL Monroe,Purdue,0.013832164060866708
UL Monroe,Rice,0.015647611507160812
UL Monroe,Rutgers,0.0126424030741958
UL Monroe,SMU,0.01268501366468524
UL Monroe,Sacramento State,0.018288194643828852
UL Monroe,Sam Houston,0.018626426397769787
UL Monroe,San Diego State,0.01460888547879366
UL Monroe,San José State,0.019875515594826997
UL Monroe,South Alabama,0.01408499195094659
UL Monroe,South Carolina,0.011188907733063923
UL Monroe,South Florida,0.016327170296365073
UL Monroe,Southern Miss,0.027423091622623064
UL Monroe,Stanford,0.012896974140210665
UL Monroe,Syracuse,0.020570285497756382
UL Monroe,TCU,0.01199808800098929
UL Monroe,Temple,0.02065711936341741
UL Monroe,Tennessee,0.017568126413157813
UL Monroe,Texas,0.01252986555001696
UL Monroe,Texas A&M,0.017208199291689357
UL Monroe,Texas State,0.012324176388603177
UL Monroe,Texas Tech,0.008022622676996279
UL Monroe,Toledo,0.020791153817170407
UL Monroe,Troy,0.015959787984048988
UL Monroe,Tulane,0.014332934081202975
UL Monroe,Tulsa,0.02310287166337647
UL Monroe,UAB,0.016788065949641974
UL Monroe,UCF,0.022731926136072677
UL Monroe,UCLA,0.017211073116458947
UL Monroe,UConn,0.016276775690490394
UL Monroe,UNLV,0.017019657172442547
UL Monroe,USC,0.013350313692009948
UL Monroe,UTEP,0.010992112464720937
UL Monroe,UTSA,0.01426524179067667
UL Monroe,Utah,0.01324237197378201
UL Monroe,Utah State,0.016164369854112893
UL Monroe,Vanderbilt,0.015779115723436724
UL Monroe,Virginia,0.017208698157701416
UL Monroe,Virginia Tech,0.015930793311182127
UL Monroe,Wake Forest,0.013035121589779342
UL Monroe,Washington,0.01674176012894351
UL Monroe,Washington State,0.022369814511371287
UL Monroe,West Virginia,0.014026671508139087
UL Monroe,Western Kentucky,0.011878464371088453
UL Monroe,Western Michigan,0.0158903494951085
UL Monroe,Wisconsin,0.018399605690880838
UL Monroe,Wyoming,0.011576022311145132
UNLV,Air Force,0.016176438871135533
UNLV,Akron,0.021598105000737555
UNLV,Alabama,0.023804817562046873
UNLV,App State,0.019159006259839448
UNLV,Arizona,0.01285405974740434
UNLV,Arizona State,0.0198208549225969
UNLV,Arkansas,0.01372646840640524
UNLV,Arkansas State,0.011033291725242114
UNLV,Army,0.013671160524057115
UNLV,Auburn,0.01977706276649008
UNLV,BYU,0.01167671754898189
UNLV,Ball State,0.018527333434819236
UNLV,Baylor,0.017272780091116546
UNLV,Boise State,0.009848333903894694
UNLV,Boston College,0.015423354178589296
UNLV,Bowling Green,0.016144005132790108
UNLV,Buffalo,0.02224071296350371
UNLV,California,0.022056431089120226
UNLV,Central Michigan,0.01773963794351579
UNLV,Charlotte,0.012695685442896976
UNLV,Cincinnati,0.016780429262874683
UNLV,Clemson,0.014451748144657396
UNLV,Coastal Carolina,0.023743394216553818
UNLV,Colorado,0.01498647735725926
UNLV,Colorado State,0.01804400212077844
UNLV,Delaware,0.018062761710592113
UNLV,Duke,0.019680179660379812
UNLV,East Carolina,0.012063138501980467
UNLV,Eastern Michigan,0.017537949115093484
UNLV,Florida,0.01623849164368368
UNLV,Florida Atlantic,0.01887240458049283
UNLV,Florida International,0.02316016089769972
UNLV,Florida State,0.013718821165056638
UNLV,Fresno State,0.01754738960952162
UNLV,Georgia,0.013370952046590518
UNLV,Georgia Southern,0.02451762949321816
UNLV,Georgia State,0.0184255028423679
UNLV,Georgia Tech,0.016040861685065046
UNLV,Hawai'i,0.013831713169840375
UNLV,Houston,0.014277916381478697
UNLV,Illinois,0.015697775157002738
UNLV,Indiana,0.014849196736009401
UNLV,Iowa,0.01553598350306313
UNLV,Iowa State,0.02095096016158502
UNLV,Jacksonville State,0.015194099183333573
UNLV,James Madison,0.01431375364355424
UNLV,Kansas,0.02065512204133709
UNLV,Kansas State,0.018053603765814996
UNLV,Kennesaw State,0.013717287330746456
UNLV,Kent State,0.023663106938694223
UNLV,Kentucky,0.018618232468200185
UNLV,LSU,0.027448596478679338
UNLV,Liberty,0.01446501431994766
UNLV,Louisiana,0.015156748878600284
UNLV,Louisiana Tech,0.023594215328463532
UNLV,Louisville,0.015660826112109543
UNLV,Marshall,0.010572436517470286
UNLV,Maryland,0.014596641515681939
UNLV,Massachusetts,0.01788083082680858
UNLV,Memphis,0.023878520243375726
UNLV,Miami,0.017125473050146726
UNLV,Miami (OH),0.01542420625791026
UNLV,Michigan,0.017378622600127142
UNLV,Michigan State,0.012307168361564567
UNLV,Middle Tennessee,0.018803956897885544
UNLV,Minnesota,0.01436875446523217
UNLV,Mississippi State,0.01724341518542401
UNLV,Missouri,0.017403608529039463
UNLV,Missouri State,0.019416428866573444
UNLV,NC State,0.018987225445835615
UNLV,Navy,0.017463258258521457
UNLV,Nebraska,0.019239088703442188
UNLV,Nevada,0.02260265688932699
UNLV,New Mexico,0.021272058040990707
UNLV,New Mexico State,0.02147672042050207
UNLV,North Carolina,0.019672991113376382
UNLV,North Dakota State,0.030511552190954683
UNLV,North Texas,0.030865475414556844
UNLV,Northern Illinois,0.016284443887399
UNLV,Northwestern,0.01543518541774486
UNLV,Notre Dame,0.01875737014224378
UNLV,Ohio,0.007995264544444916
UNLV,Ohio State,0.016162572769150677
UNLV,Oklahoma,0.014897566153542811
UNLV,Oklahoma State,0.021934819522761537
UNLV,Old Dominion,0.017042303585363308
UNLV,Ole Miss,0.015299359305721582
UNLV,Oregon,0.02228382516059701
UNLV,Oregon State,0.024535323320191607
UNLV,Penn State,0.016384646278624505
UNLV,Pittsburgh,0.014975749864787505
UNLV,Purdue,0.014191862832700231
UNLV,Rice,0.016007310278994335
UNLV,Rutgers,0.012658403359078635
UNLV,SMU,0.012698659354554425
UNLV,Sacramento State,0.018647893415662375
UNLV,Sam Houston,0.01898612516960331
UNLV,San Diego State,0.014968584250627182
UNLV,San José State,0.020235214366660523
UNLV,South Alabama,0.014444690722780113
UNLV,South Carolina,0.010977015767316217
UNLV,South Florida,0.017364519201247677
UNLV,Southern Miss,0.025811021973301946
UNLV,Stanford,0.013256672912044187
UNLV,Syracuse,0.020929984269589905
UNLV,TCU,0.012357786772822814
UNLV,Temple,0.01904504971409629
UNLV,Tennessee,0.017927825184991336
UNLV,Texas,0.01091779590069584
UNLV,Texas A&M,0.015596129642368237
UNLV,Texas State,0.016794622632597643
UNLV,Texas Tech,0.008382321448829801
UNLV,Toledo,0.02075133865227194
UNLV,Troy,0.017566951880493478
UNLV,Tulane,0.014692632853036498
UNLV,Tulsa,0.02149080201405535
UNLV,UAB,0.017147764721475497
UNLV,UCF,0.02111985648675156
UNLV,UCLA,0.01757077188829247
UNLV,UConn,0.015384774190220342
UNLV,UL Monroe,0.013528755747019679
UNLV,USC,0.012203976873993804
UNLV,UTEP,0.01135181123655446
UNLV,UTSA,0.014624940562510192
UNLV,Utah,0.013602070745615532
UNLV,Utah State,0.01853442431814558
UNLV,Vanderbilt,0.016569897592479645
UNLV,Virginia,0.01756839692953494
UNLV,Virginia Tech,0.01582009526330548
UNLV,Wake Forest,0.013394820361612865
UNLV,Washington,0.017101458900777033
UNLV,Washington State,0.02075774486205017
UNLV,West Virginia,0.009858852716183253
UNLV,Western Kentucky,0.013490534020409572
UNLV,Western Michigan,0.016250048266942024
UNLV,Wisconsin,0.01875930446271436
UNLV,Wyoming,0.01719393167310286
USC,Air Force,0.036533800511576515
USC,Akron,0.03960811126933506
USC,Alabama,0.030506070650950297
USC,App State,0.03206123821692069
USC,Arizona,0.03901805849239383
USC,Arizona State,0.031399389554163236
USC,Arkansas,0.0374937760703549
USC,Arkansas State,0.040186952751518026
USC,Army,0.037549083952703025
USC,Auburn,0.0390955652067128
USC,BYU,0.039543526927778246
USC,Ball State,0.0326929110419409
USC,Baylor,0.03394746438564359
USC,Boise State,0.04137191057286545
USC,Boston College,0.03579689029817084
USC,Bowling Green,0.03507623934397003
USC,Buffalo,0.034919551206466434
USC,California,0.029163813387639913
USC,Central Michigan,0.03348060653324435
USC,Charlotte,0.03958375274553821
USC,Cincinnati,0.03443981521388546
USC,Clemson,0.036768496332102746
USC,Coastal Carolina,0.03618117155283038
USC,Colorado,0.038374316544369645
USC,Colorado State,0.0331762423559817
USC,Delaware,0.03315748276616803
USC,Duke,0.031540064816380324
USC,East Carolina,0.04290200038977405
USC,Eastern Michigan,0.035543350527197884
USC,Florida,0.03498175283307646
USC,Florida Atlantic,0.03234783989626731
USC,Florida International,0.03474371074228622
USC,Florida State,0.043505073119135484
USC,Fresno State,0.04335831415921974
USC,Georgia,0.03784929243016962
USC,Georgia Southern,0.040683738224321184
USC,Georgia State,0.032794741634392235
USC,Georgia Tech,0.036014675058778645
USC,Hawai'i,0.03738853130691976
USC,Houston,0.03694232809528144
USC,Illinois,0.0355224693197574
USC,Indiana,0.036371047740750735
USC,Iowa,0.03676977758006662
USC,Iowa State,0.03259014131426853
USC,Jacksonville State,0.03602614529342656
USC,James Madison,0.038212902340546015
USC,Kansas,0.03958853462765478
USC,Kansas State,0.03316664071094514
USC,Kennesaw State,0.037502957146013684
USC,Kent State,0.027557137538065914
USC,Kentucky,0.03260201200855995
USC,LSU,0.03279184914188693
USC,Liberty,0.03675523015681248
USC,Louisiana,0.04171454256864189
USC,Louisiana Tech,0.034258523467462124
USC,Louisville,0.0355594183646506
USC,Marshall,0.04064780795928985
USC,Maryland,0.0366236029610782
USC,Massachusetts,0.036507367800261925
USC,Memphis,0.028689490830745207
USC,Miami,0.034094771426613414
USC,Miami (OH),0.03579603821884988
USC,Michigan,0.033841621876633
USC,Michigan State,0.03891307611519557
USC,Middle Tennessee,0.032416287578874596
USC,Minnesota,0.03685149001152797
USC,Mississippi State,0.03397682929133613
USC,Missouri,0.03381663594772068
USC,Missouri State,0.03180381561018669
USC,NC State,0.03223301903092452
USC,Navy,0.04866148178249719
USC,Nebraska,0.03198115577331795
USC,Nevada,0.028617587587433147
USC,New Mexico,0.029948186435769433
USC,New Mexico State,0.035788390171101706
USC,North Carolina,0.03154725336338376
USC,North Dakota State,0.030178247657674403
USC,North Texas,0.04703158414565987
USC,Northern Illinois,0.03493580058936114
USC,Northwestern,0.03578505905901528
USC,Notre Dame,0.032462874334516355
USC,Ohio,0.04322497993231522
USC,Ohio State,0.03505767170760946
USC,Oklahoma,0.036322678323217325
USC,Oklahoma State,0.029285424953998603
USC,Old Dominion,0.03882916791845491
USC,Ole Miss,0.03592088517103856
USC,Oregon,0.028936419316163125
USC,Oregon State,0.041959705839023795
USC,Penn State,0.034835598198135635
USC,Pittsburgh,0.037523340657063115
USC,Purdue,0.03702838164405991
USC,Rice,0.035212934197765805
USC,Rutgers,0.0385618411176815
USC,SMU,0.038521585122205715
USC,Sacramento State,0.032572351061097765
USC,Sam Houston,0.032234119307156826
USC,San Diego State,0.03625166022613296
USC,San José State,0.030985030110099617
USC,South Alabama,0.03677555375398003
USC,South Carolina,0.04024322870944392
USC,South Florida,0.034533375408561544
USC,Southern Miss,0.041977130704404966
USC,Stanford,0.03796357156471595
USC,Syracuse,0.030290260207170235
USC,TCU,0.03886245770393733
USC,Temple,0.035211158445199314
USC,Tennessee,0.0332924192917688
USC,Texas,0.043535216903944816
USC,Texas A&M,0.03847196606155997
USC,Texas State,0.03853636931632344
USC,Texas Tech,0.04283792302793034
USC,Toledo,0.03534519289895231
USC,Troy,0.034900757720877626
USC,Tulane,0.036527611623723644
USC,Tulsa,0.037656910745158374
USC,UAB,0.03407247975528464
USC,UCF,0.03950549306283998
USC,UCLA,0.03364947258846767
USC,UConn,0.03583547028653979
USC,UL Monroe,0.03799060653263858
USC,UNLV,0.03384088853248407
USC,UTEP,0.039868433240205677
USC,UTSA,0.03659530391424995
USC,Utah,0.03761817373114461
USC,Utah State,0.03658291839203459
USC,Vanderbilt,0.035081429981489894
USC,Virginia,0.0336518475472252
USC,Virginia Tech,0.035400149213454656
USC,Wake Forest,0.03782542411514728
USC,Washington,0.03411878557598311
USC,Washington State,0.03692385359315319
USC,West Virginia,0.041361391760576884
USC,Western Kentucky,0.013510887383789872
USC,Western Michigan,0.034970196209818116
USC,Wisconsin,0.03246094001404578
USC,Wyoming,0.03928452339378148
UTEP,Air Force,0.007338088884625791
UTEP,Akron,0.021427863133104616
UTEP,Alabama,0.014169720052214334
UTEP,App State,0.0038263842422752376
UTEP,Arizona,0.006888798461725595
UTEP,Arizona State,0.0064004914475774876
UTEP,Arkansas,0.005905196363619693
UTEP,Arkansas State,0.0050565428488776555
UTEP,Army,0.0031295689699869763
UTEP,Auburn,0.01960682089885714
UTEP,BYU,0.007403123875288541
UTEP,Ball State,0.010396734568561763
UTEP,Baylor,0.009461938653340829
UTEP,Boise State,0.008684833890438143
UTEP,Boston College,0.010495082683066611
UTEP,Bowling Green,0.00619010803207164
UTEP,Buffalo,0.01858320060773047
UTEP,California,0.017434069375207528
UTEP,Central Michigan,0.003949458423653514
UTEP,Charlotte,0.015182088058876771
UTEP,Cincinnati,0.013267234492897993
UTEP,Clemson,0.009208936223294904
UTEP,Coastal Carolina,0.013612824030732806
UTEP,Colorado,0.014444244979933784
UTEP,Colorado State,0.006010662669202959
UTEP,Delaware,0.014543064102042902
UTEP,Duke,0.012867581988387302
UTEP,East Carolina,0.009295621549147788
UTEP,Eastern Michigan,0.0074073789292724715
UTEP,Florida,0.0030278690451904715
UTEP,Florida Atlantic,0.013275057532929976
UTEP,Florida International,0.013029590711878704
UTEP,Florida State,0.007834674246801301
UTEP,Fresno State,0.017377147741888678
UTEP,Georgia,0.006012347280492849
UTEP,Georgia Southern,0.02434738762558522
UTEP,Georgia State,0.00491044196550757
UTEP,Georgia Tech,0.005910291499244033
UTEP,Hawai'i,0.0044544686938808985
UTEP,Houston,0.005228182108423685
UTEP,Illinois,0.006197988652602808
UTEP,Indiana,0.0022667111436694767
UTEP,Iowa,0.011624329216917566
UTEP,Iowa State,0.01082038997576401
UTEP,Jacksonville State,0.00479878910288178
UTEP,James Madison,0.010095460192903482
UTEP,Kansas,0.013747670225149248
UTEP,Kansas State,0.009281758240732445
UTEP,Kennesaw State,0.0061240978687502855
UTEP,Kent State,0.008113261334268273
UTEP,Kentucky,0.004835387704952521
UTEP,LSU,0.016455498543150964
UTEP,Liberty,0.005003935706529959
UTEP,Louisiana,0.012088752466297583
UTEP,Louisiana Tech,0.01792217286872616
UTEP,Louisville,0.006981131331927823
UTEP,Marshall,0.0052343985559017495
UTEP,Maryland,0.010435953986048694
UTEP,Massachusetts,0.017710588959175638
UTEP,Memphis,0.02404876211100867
UTEP,Miami,0.005427481212297251
UTEP,Miami (OH),0.010620303084881414
UTEP,Michigan,0.008396713211294744
UTEP,Michigan State,0.003425292180430074
UTEP,Middle Tennessee,0.01053385036472552
UTEP,Minnesota,0.006315518174465119
UTEP,Mississippi State,0.009236994538036053
UTEP,Missouri,0.009027010990228559
UTEP,Missouri State,0.013652467253248788
UTEP,NC State,0.011250951267728737
UTEP,Navy,0.012991082910163007
UTEP,Nebraska,0.007984129630354737
UTEP,Nevada,0.010928060157819126
UTEP,New Mexico,0.005722212436564754
UTEP,New Mexico State,0.011346150234681057
UTEP,North Carolina,0.011313506090106321
UTEP,North Dakota State,0.02038098200513367
UTEP,North Texas,0.030695233546923904
UTEP,Northern Illinois,0.013050939332761427
UTEP,Northwestern,0.0036834087861759386
UTEP,Notre Dame,0.010777704747182764
UTEP,Ohio,0.007554581059981036
UTEP,Ohio State,0.003489894264727905
UTEP,Oklahoma,0.011020889477347225
UTEP,Oklahoma State,0.00741429150819583
UTEP,Old Dominion,0.016872061717730365
UTEP,Ole Miss,0.008139962304616569
UTEP,Oregon,0.016085561612485887
UTEP,Oregon State,0.014404753134370594
UTEP,Penn State,0.0031758210386322694
UTEP,Pittsburgh,0.014805507997154565
UTEP,Purdue,0.008364737499198981
UTEP,Rice,0.007373220517805946
UTEP,Rutgers,0.007729095408099391
UTEP,SMU,0.010902702147731178
UTEP,Sacramento State,0.014891287087515229
UTEP,Sam Houston,0.01388082171228456
UTEP,San Diego State,0.006661018555010568
UTEP,San José State,0.0050181324191369715
UTEP,South Alabama,0.0068242791689846
UTEP,South Carolina,0.009406596216109864
UTEP,South Florida,0.0072339490154266625
UTEP,Southern Miss,0.025640780105669003
UTEP,Stanford,0.0067480432685475735
UTEP,Syracuse,0.005380138665163951
UTEP,TCU,0.006360234256610695
UTEP,Temple,0.01887480784646335
UTEP,Tennessee,0.007709816606991406
UTEP,Texas,0.010747554033062899
UTEP,Texas A&M,0.015425887774735296
UTEP,Texas State,0.007352888091275202
UTEP,Texas Tech,0.00716752415559615
UTEP,Toledo,0.01900884230021635
UTEP,Troy,0.007436381694672464
UTEP,Tulane,0.0041033982794272126
UTEP,Tulsa,0.02132056014642241
UTEP,UAB,0.0047723164005475036
UTEP,UCF,0.020949614619118616
UTEP,UCLA,0.006673584910655093
UTEP,UConn,0.014494464173536333
UTEP,UL Monroe,0.01369899761465262
UTEP,UNLV,0.005715860813646065
UTEP,USC,0.011568002175055889
UTEP,UTSA,0.00720902505391798
UTEP,Utah,0.006309049836458549
UTEP,Utah State,0.014382058337158832
UTEP,Vanderbilt,0.0077703478675750694
UTEP,Virginia,0.008341417672332057
UTEP,Virginia Tech,0.014148481794228066
UTEP,Wake Forest,0.00278931609108102
UTEP,Washington,0.01450481485892805
UTEP,Washington State,0.02058750299441723
UTEP,West Virginia,0.006958025688604295
UTEP,Western Kentucky,0.013660775888042513
UTEP,Western Michigan,0.012614116411629213
UTEP,Wisconsin,0.006457174787962896
UTEP,Wyoming,0.007063361487281848
UTSA,Air Force,0.009962786707716767
UTSA,Akron,0.02487822950467507
UTSA,Alabama,0.017620086423784792
UTSA,App State,0.011849641048728418
UTSA,Arizona,0.006640407583985574
UTSA,Arizona State,0.01251148971148587
UTSA,Arkansas,0.013139418249297855
UTSA,Arkansas State,0.015683578807273165
UTSA,Army,0.014287411491939163
UTSA,Auburn,0.023057187270427597
UTSA,BYU,0.008592920247111719
UTSA,Ball State,0.01384710094013222
UTSA,Baylor,0.012912305024911287
UTSA,Boise State,0.0121352002620086
UTSA,Boston College,0.0139486097279821
UTSA,Bowling Green,0.017402832195727365
UTSA,Buffalo,0.02203356697930093
UTSA,California,0.014747065878009193
UTSA,Central Michigan,0.01043027273240476
UTSA,Charlotte,0.015975809946834493
UTSA,Cincinnati,0.009816868121327534
UTSA,Clemson,0.007578780321962049
UTSA,Coastal Carolina,0.017529742053135053
UTSA,Colorado,0.01789461135150424
UTSA,Colorado State,0.01073463690966741
UTSA,Delaware,0.017993430473613358
UTSA,Duke,0.017588151293703967
UTSA,East Carolina,0.012745987920718245
UTSA,Eastern Michigan,0.011324296951674718
UTSA,Florida,0.00944331293333375
UTSA,Florida Atlantic,0.0115630393693818
UTSA,Florida International,0.01694650873428095
UTSA,Florida State,0.014353888635272184
UTSA,Fresno State,0.020827514113459136
UTSA,Georgia,0.012864802650376577
UTSA,Georgia Southern,0.027797753997155675
UTSA,Georgia State,0.012246949992457797
UTSA,Georgia Tech,0.009827209521646278
UTSA,Hawai'i,0.008016713284643321
UTSA,Houston,0.014654266795514584
UTSA,Illinois,0.017771623708321013
UTSA,Indiana,0.012607504815154881
UTSA,Iowa,0.015074695588488025
UTSA,Iowa State,0.014737307998166256
UTSA,Jacksonville State,0.007884733972222542
UTSA,James Madison,0.01354582656447394
UTSA,Kansas,0.017198036596719705
UTSA,Kansas State,0.012732124612302904
UTSA,Kennesaw State,0.009574464240320744
UTSA,Kent State,0.016353741727583193
UTSA,Kentucky,0.01383008699402893
UTSA,LSU,0.02013923126756831
UTSA,Liberty,0.010244951904786147
UTSA,Louisiana,0.01553911883786804
UTSA,Louisiana Tech,0.021372539240296615
UTSA,Louisville,0.018481915120887014
UTSA,Marshall,0.016939910456012678
UTSA,Maryland,0.01388632035761915
UTSA,Massachusetts,0.021160955330746096
UTSA,Memphis,0.02059839573943821
UTSA,Miami,0.01359913459325526
UTSA,Miami (OH),0.01407066945645187
UTSA,Michigan,0.010069257389016109
UTSA,Michigan State,0.009045889798094146
UTSA,Middle Tennessee,0.01540082809039807
UTSA,Minnesota,0.01878670015298934
UTSA,Mississippi State,0.01268736090960651
UTSA,Missouri,0.012477377361799016
UTSA,Missouri State,0.017102833624819246
UTSA,NC State,0.01792577514788878
UTSA,Navy,0.01124960609510269
UTSA,Nebraska,0.012544737926366173
UTSA,Nevada,0.01529329167821596
UTSA,New Mexico,0.013962692829879674
UTSA,New Mexico State,0.015263068257083304
UTSA,North Carolina,0.014763872461676777
UTSA,North Dakota State,0.024297900027535915
UTSA,North Texas,0.03414559991849436
UTSA,Northern Illinois,0.00977804671261389
UTSA,Northwestern,0.01327184790621384
UTSA,Notre Dame,0.014228071118753221
UTSA,Ohio,0.011778833609399356
UTSA,Ohio State,0.008981287713796315
UTSA,Oklahoma,0.014471255848917682
UTSA,Oklahoma State,0.017928049632359333
UTSA,Old Dominion,0.020322428089300824
UTSA,Ole Miss,0.020611144283140787
UTSA,Oregon,0.016237000674225267
UTSA,Oregon State,0.01832167115677284
UTSA,Penn State,0.009295360939891952
UTSA,Pittsburgh,0.01825587436872502
UTSA,Purdue,0.01181510387076944
UTSA,Rice,0.012379247269741345
UTSA,Rutgers,0.01753116501489321
UTSA,SMU,0.014353068519301636
UTSA,Sacramento State,0.018341653459085686
UTSA,Sam Houston,0.011676759958492277
UTSA,San Diego State,0.007659219039516151
UTSA,San José State,0.01292584915554949
UTSA,South Alabama,0.014904927176363708
UTSA,South Carolina,0.01285696258768032
UTSA,South Florida,0.017486674315850343
UTSA,Southern Miss,0.02909114647723946
UTSA,Stanford,0.014536359058897575
UTSA,Syracuse,0.013620619058478872
UTSA,TCU,0.01144890791418539
UTSA,Temple,0.022325174218033806
UTSA,Tennessee,0.010618459973880305
UTSA,Texas,0.014197920404633357
UTSA,Texas A&M,0.018876254146305754
UTSA,Texas State,0.013038318684749778
UTSA,Texas Tech,0.014914193532930145
UTSA,Toledo,0.022459208671786805
UTSA,Troy,0.012921859032181557
UTSA,Tulane,0.01099898465620348
UTSA,Tulsa,0.024770926517992866
UTSA,UAB,0.01294825983634289
UTSA,UCF,0.024399980990689074
UTSA,UCLA,0.010586542693469356
UTSA,UConn,0.01794483054510679
UTSA,UL Monroe,0.012630129075691825
UTSA,UNLV,0.010069990733165037
UTSA,USC,0.015018368546626346
UTSA,UTEP,0.012300487490873093
UTSA,Utah,0.0062927055345045
UTSA,Utah State,0.01783242470872929
UTSA,Vanderbilt,0.010356245429060879
UTSA,Virginia,0.011791784043902513
UTSA,Virginia Tech,0.017598848165798524
UTSA,Wake Forest,0.015260498069605239
UTSA,Washington,0.017955181230498506
UTSA,Washington State,0.024037869365987685
UTSA,West Virginia,0.015392390196970904
UTSA,Western Kentucky,0.016402149665649474
UTSA,Western Michigan,0.01606448278319967
UTSA,Wisconsin,0.018928356766487117
UTSA,Wyoming,0.013756968772431806
Utah,Air Force,0.016489190541200988
Utah,Akron,0.019563501298959535
Utah,Alabama,0.00874675165209404
Utah,App State,0.012016628246545157
Utah,Arizona,0.018973448522018297
Utah,Arizona State,0.011354779583787705
Utah,Arkansas,0.017449166099979367
Utah,Arkansas State,0.020142342781142495
Utah,Army,0.017504473982327493
Utah,Auburn,0.01905095523633727
Utah,BYU,0.019498916957402714
Utah,Ball State,0.01264830107156537
Utah,Baylor,0.013902854415268062
Utah,Boise State,0.021327300602489913
Utah,Boston College,0.015752280327795312
Utah,Bowling Green,0.0150316293735945
Utah,Buffalo,0.012206174146198494
Utah,California,0.023811095836739505
Utah,Central Michigan,0.013435996562868816
Utah,Charlotte,0.01953914277516268
Utah,Cincinnati,0.019644260954429973
Utah,Clemson,0.01672388636172721
Utah,Coastal Carolina,0.016136561582454845
Utah,Colorado,0.018329706573994114
Utah,Colorado State,0.013131632385606166
Utah,Delaware,0.013112872795792494
Utah,Duke,0.013322010354803467
Utah,East Carolina,0.022857390419398518
Utah,Eastern Michigan,0.015498740556822354
Utah,Florida,0.014937142862700929
Utah,Florida Atlantic,0.019652083994461955
Utah,Florida International,0.014699100771910693
Utah,Florida State,0.023460463148759957
Utah,Fresno State,0.023313704188844202
Utah,Georgia,0.01780468245979409
Utah,Georgia Southern,0.01797036116405324
Utah,Georgia State,0.012750131664016706
Utah,Georgia Tech,0.015970065088403117
Utah,Hawai'i,0.01734392133654423
Utah,Houston,0.01689771812490591
Utah,Illinois,0.015477859349381869
Utah,Indiana,0.016326437770375207
Utah,Iowa,0.016725167609691092
Utah,Iowa State,0.012545531343893
Utah,Jacksonville State,0.015981535323051035
Utah,James Madison,0.01816829237017048
Utah,Kansas,0.019543924657279246
Utah,Kansas State,0.013122030740569612
Utah,Kennesaw State,0.017458347175638152
Utah,Kent State,0.012851846152194653
Utah,Kentucky,0.012557402038184421
Utah,LSU,0.010078472081618984
Utah,Liberty,0.016710620186436945
Utah,Louisiana,0.021669932598266356
Utah,Louisiana Tech,0.01154514640719418
Utah,Louisville,0.015514808394275062
Utah,Marshall,0.02060319798891432
Utah,Maryland,0.01657899299070267
Utah,Massachusetts,0.016462757829886394
Utah,Memphis,0.030425788572540646
Utah,Miami,0.014050161456237881
Utah,Miami (OH),0.015751428248474347
Utah,Michigan,0.013797011906257466
Utah,Michigan State,0.01886846614482004
Utah,Middle Tennessee,0.012371677608499063
Utah,Minnesota,0.016806880041152435
Utah,Mississippi State,0.013932219320960596
Utah,Missouri,0.013772025977345144
Utah,Missouri State,0.011759205639811162
Utah,NC State,0.013659634208988278
Utah,Navy,0.028616871812121664
Utah,Nebraska,0.014361156091886717
Utah,Nevada,0.009687563609089189
Utah,New Mexico,0.009903576465393901
Utah,New Mexico State,0.015743780200726174
Utah,North Carolina,0.011502643393008223
Utah,North Dakota State,0.010133637687298871
Utah,North Texas,0.024318207085391924
Utah,Northern Illinois,0.014891190618985606
Utah,Northwestern,0.015740449088639745
Utah,Notre Dame,0.012418264364140825
Utah,Ohio,0.02318036996193969
Utah,Ohio State,0.015013061737233928
Utah,Oklahoma,0.016278068352841797
Utah,Oklahoma State,0.013661908693458832
Utah,Old Dominion,0.01878455794807938
Utah,Ole Miss,0.016345003344240286
Utah,Oregon,0.022462588074017867
Utah,Oregon State,0.021915095868648263
Utah,Penn State,0.0147909882277601
Utah,Pittsburgh,0.01747873068668758
Utah,Purdue,0.016983771673684374
Utah,Rice,0.01516832422739027
Utah,Rutgers,0.01851723114730597
Utah,SMU,0.01847697515183018
Utah,Sacramento State,0.012527741090722232
Utah,Sam Houston,0.012189509336781298
Utah,San Diego State,0.016207050255757426
Utah,San José State,0.010940420139724086
Utah,South Alabama,0.016730943783604492
Utah,South Carolina,0.02019861873906839
Utah,South Florida,0.014488765438186012
Utah,Southern Miss,0.019263753644137026
Utah,Stanford,0.017918961594340418
Utah,Syracuse,0.010245650236794704
Utah,TCU,0.018817847733561793
Utah,Temple,0.013037761477532696
Utah,Tennessee,0.01324780932139327
Utah,Texas,0.02349060693356929
Utah,Texas A&M,0.01842735609118444
Utah,Texas State,0.018491759345947906
Utah,Texas Tech,0.022793313057554804
Utah,Toledo,0.01263181583868437
Utah,Troy,0.014856147750502096
Utah,Tulane,0.01648300165334811
Utah,Tulsa,0.01646257463219728
Utah,UAB,0.01402786978490911
Utah,UCF,0.01946088309246445
Utah,UCLA,0.013604862618092137
Utah,UConn,0.015790860316164265
Utah,UL Monroe,0.020076024076184598
Utah,UNLV,0.013796278562108539
Utah,USC,0.019611130395312086
Utah,UTEP,0.019823823269830145
Utah,UTSA,0.016550693943874414
Utah,Utah State,0.016538308421659063
Utah,Vanderbilt,0.015036820011114359
Utah,Virginia,0.013607237576849666
Utah,Virginia Tech,0.015355539243079124
Utah,Wake Forest,0.017780814144771742
Utah,Washington,0.014074175605607574
Utah,Washington State,0.015165323806263079
Utah,West Virginia,0.021316781790201356
Utah,Western Kentucky,0.02003780234957449
Utah,Western Michigan,0.014925586239442583
Utah,Wisconsin,0.014662215827586615
Utah,Wyoming,0.01923991342340595
Utah State,Air Force,0.020359951758740332
Utah State,Akron,0.04070203474048184
Utah State,Alabama,0.03344389165959156
Utah State,App State,0.015447787365101988
Utah State,Arizona,0.020536562482685213
Utah State,Arizona State,0.025674663054954715
Utah State,Arkansas,0.019012280060646283
Utah State,Arkansas State,0.02170545674180941
Utah State,Army,0.01906758794299441
Utah State,Auburn,0.03888099250623436
Utah State,BYU,0.024416725482918487
Utah State,Ball State,0.02967090617593899
Utah State,Baylor,0.028736110260718057
Utah State,Boise State,0.027959005497815367
Utah State,Boston College,0.029769254290443838
Utah State,Bowling Green,0.025464279639448865
Utah State,Buffalo,0.037857372215107696
Utah State,California,0.01390645108582067
Utah State,Central Michigan,0.02102463176479745
Utah State,Charlotte,0.03179961518264126
Utah State,Cincinnati,0.015958319204176837
Utah State,Clemson,0.023402585557768817
Utah State,Coastal Carolina,0.024386507165050343
Utah State,Colorado,0.033718416587311006
Utah State,Colorado State,0.01640761654460598
Utah State,Delaware,0.03381723570942013
Utah State,Duke,0.03214175359576453
Utah State,East Carolina,0.028569793156525015
Utah State,Eastern Michigan,0.022073033268931723
Utah State,Florida,0.02052923218655513
Utah State,Florida Atlantic,0.01386634388655869
Utah State,Florida International,0.032144228511443704
Utah State,Florida State,0.025023577109426872
Utah State,Fresno State,0.0366513193492659
Utah State,Georgia,0.025286518887870077
Utah State,Georgia Southern,0.043621559232962445
Utah State,Georgia State,0.017687513479774732
Utah State,Georgia Tech,0.01965170682180508
Utah State,Hawai'i,0.018907035297211147
Utah State,Houston,0.02450235371580091
Utah State,Illinois,0.017040973310048786
Utah State,Indiana,0.017889551731042123
Utah State,Iowa,0.030898500824294794
Utah State,Iowa State,0.02562756871963561
Utah State,Jacksonville State,0.01884341498464584
Utah State,James Madison,0.02936963180028071
Utah State,Kansas,0.033021841832526475
Utah State,Kansas State,0.028555929848109673
Utah State,Kennesaw State,0.025398269476127514
Utah State,Kent State,0.012799351916714554
Utah State,Kentucky,0.01683115863941001
Utah State,LSU,0.03572967015052819
Utah State,Liberty,0.024278107313907185
Utah State,Louisiana,0.03136292407367481
Utah State,Louisiana Tech,0.037196344476103385
Utah State,Louisville,0.026255302939305048
Utah State,Marshall,0.024508570163278974
Utah State,Maryland,0.02971012559342592
Utah State,Massachusetts,0.036984760566552866
Utah State,Memphis,0.01104503649539737
Utah State,Miami,0.02470165281967448
Utah State,Miami (OH),0.02989447469225864
Utah State,Michigan,0.01855827444727376
Utah State,Michigan State,0.020431580105486954
Utah State,Middle Tennessee,0.029808021972102746
Utah State,Minnesota,0.01836999400181935
Utah State,Mississippi State,0.02851116614541328
Utah State,Missouri,0.028301182597605785
Utah State,Missouri State,0.032926638860626016
Utah State,NC State,0.03052512287510596
Utah State,Navy,0.030179985772788576
Utah State,Nebraska,0.013499659763609333
Utah State,Nevada,0.030202231765196354
Utah State,New Mexico,0.022284393806265602
Utah State,New Mexico State,0.022190980531336623
Utah State,North Carolina,0.030587677697483547
Utah State,North Dakota State,0.022916495441454184
Utah State,North Texas,0.04996940515430113
Utah State,Northern Illinois,0.02321250056874044
Utah State,Northwestern,0.019217287534183173
Utah State,Notre Dame,0.03005187635455999
Utah State,Ohio,0.024743483922606606
Utah State,Ohio State,0.02225359384654542
Utah State,Oklahoma,0.03029506108472445
Utah State,Oklahoma State,0.02615127499327235
Utah State,Old Dominion,0.03614623332510759
Utah State,Ole Miss,0.017439389161329942
Utah State,Oregon,0.010454923306454509
Utah State,Oregon State,0.029468815948570593
Utah State,Penn State,0.021412965868656247
Utah State,Pittsburgh,0.03407967960453179
Utah State,Purdue,0.02763890910657621
Utah State,Rice,0.026647392125183172
Utah State,Rutgers,0.020080345107972887
Utah State,SMU,0.030176873755108406
Utah State,Sacramento State,0.03416545869489246
Utah State,Sam Houston,0.024042382948263573
Utah State,San Diego State,0.017770164216424342
Utah State,San José State,0.022729517611739324
Utah State,South Alabama,0.026098450776361824
Utah State,South Carolina,0.02868076782348709
Utah State,South Florida,0.025462688918061572
Utah State,Southern Miss,0.04491495171304623
Utah State,Stanford,0.0260222148759248
Utah State,Syracuse,0.023211692370037798
Utah State,TCU,0.025634405863987922
Utah State,Temple,0.038148979453840576
Utah State,Tennessee,0.01787137784297042
Utah State,Texas,0.030021725640440124
Utah State,Texas A&M,0.03470005938211252
Utah State,Texas State,0.02662705969865243
Utah State,Texas Tech,0.02435642701822172
Utah State,Toledo,0.038283013907593574
Utah State,Troy,0.021137221870517742
Utah State,Tulane,0.02337756988680444
Utah State,Tulsa,0.040594731753799636
Utah State,UAB,0.02404648800792473
Utah State,UCF,0.04022378622649585
Utah State,UCLA,0.02594775651803232
Utah State,UConn,0.03376863578091356
Utah State,UL Monroe,0.01950911052292997
Utah State,UNLV,0.015359392522775454
Utah State,USC,0.030842173782433115
Utah State,UTEP,0.02295059467770699
Utah State,UTSA,0.01884192180623212
Utah State,Utah,0.019136677721435992
Utah State,Vanderbilt,0.01792447947016974
Utah State,Virginia,0.027615589279709283
Utah State,Virginia Tech,0.033422653401605294
Utah State,Wake Forest,0.02036110400506478
Utah State,Washington,0.033778986466305276
Utah State,Washington State,0.039861674601794454
Utah State,West Virginia,0.026232197295981523
Utah State,Western Kentucky,0.006230593548853759
Utah State,Western Michigan,0.031888288019006436
Utah State,Wisconsin,0.01621231595512198
Utah State,Wyoming,0.020803027384072866
Vanderbilt,Air Force,0.01319584192505069
Vanderbilt,Akron,0.0335379249067922
Vanderbilt,Alabama,0.02627978182590192
Vanderbilt,App State,0.008283677531412348
Vanderbilt,Arizona,0.008080774070368783
Vanderbilt,Arizona State,0.01851055322126507
Vanderbilt,Arkansas,0.007491084128649143
Vanderbilt,Arkansas State,0.008865049487858103
Vanderbilt,Army,0.00898049280370061
Vanderbilt,Auburn,0.03171688267254472
Vanderbilt,BYU,0.017252615649228847
Vanderbilt,Ball State,0.02250679634224935
Vanderbilt,Baylor,0.021572000427028414
Vanderbilt,Boise State,0.020794895664125727
Vanderbilt,Boston College,0.022605144456754198
Vanderbilt,Bowling Green,0.018300169805759225
Vanderbilt,Buffalo,0.030693262381418056
Vanderbilt,California,0.011009591733822856
Vanderbilt,Central Michigan,0.013860521931107806
Vanderbilt,Charlotte,0.02463550534895162
Vanderbilt,Cincinnati,0.005879773248198699
Vanderbilt,Clemson,0.016238475724079177
Vanderbilt,Coastal Carolina,0.01803000080991611
Vanderbilt,Colorado,0.026554306753621366
Vanderbilt,Colorado State,0.007757419716087267
Vanderbilt,Delaware,0.026653125875730488
Vanderbilt,Duke,0.024977643762074887
Vanderbilt,East Carolina,0.02140568332283537
Vanderbilt,Eastern Michigan,0.01490892343524208
Vanderbilt,Florida,0.013365122352865489
Vanderbilt,Florida Atlantic,0.007825565225195463
Vanderbilt,Florida International,0.024980118677754057
Vanderbilt,Florida State,0.014242504670305947
Vanderbilt,Fresno State,0.029487209515576263
Vanderbilt,Georgia,0.018122409054180433
Vanderbilt,Georgia Southern,0.036457449399272805
Vanderbilt,Georgia State,0.010523403646085089
Vanderbilt,Georgia Tech,0.01248759698811544
Vanderbilt,Hawai'i,0.010008543535951521
Vanderbilt,Houston,0.01733824388211127
Vanderbilt,Illinois,0.00795572603897525
Vanderbilt,Indiana,0.009843350630018108
Vanderbilt,Iowa,0.02373439099060515
Vanderbilt,Iowa State,0.01846345888594597
Vanderbilt,Jacksonville State,0.011679305150956198
Vanderbilt,James Madison,0.022205521966591067
Vanderbilt,Kansas,0.025857731998836835
Vanderbilt,Kansas State,0.02139182001442003
Vanderbilt,Kennesaw State,0.01823415964243787
Vanderbilt,Kent State,0.012616267583396856
Vanderbilt,Kentucky,0.009667048805720366
Vanderbilt,LSU,0.02856556031683855
Vanderbilt,Liberty,0.017113997480217545
Vanderbilt,Louisiana,0.02419881423998517
Vanderbilt,Louisiana Tech,0.030032234642413745
Vanderbilt,Louisville,0.019091193105615408
Vanderbilt,Marshall,0.017344460329589334
Vanderbilt,Maryland,0.022546015759736276
Vanderbilt,Massachusetts,0.029820650732863222
Vanderbilt,Memphis,0.011938700337321083
Vanderbilt,Miami,0.017537542985984835
Vanderbilt,Miami (OH),0.022730364858568997
Vanderbilt,Michigan,0.011322169965942095
Vanderbilt,Michigan State,0.011183154767593136
Vanderbilt,Middle Tennessee,0.022643912138413103
Vanderbilt,Minnesota,0.006571128528480366
Vanderbilt,Mississippi State,0.021347056311723636
Vanderbilt,Missouri,0.021137072763916145
Vanderbilt,Missouri State,0.025762529026936373
Vanderbilt,NC State,0.02336101304141632
Vanderbilt,Navy,0.01568944860156604
Vanderbilt,Nebraska,0.011103671393861387
Vanderbilt,Nevada,0.02303812193150671
Vanderbilt,New Mexico,0.015120283972575959
Vanderbilt,New Mexico State,0.01576332701386436
Vanderbilt,North Carolina,0.023423567863793904
Vanderbilt,North Dakota State,0.024798158784316973
Vanderbilt,North Texas,0.04280529532061149
Vanderbilt,Northern Illinois,0.014242914941404615
Vanderbilt,Northwestern,0.012053177700493533
Vanderbilt,Notre Dame,0.02288776652087035
Vanderbilt,Ohio,0.016023286518163076
Vanderbilt,Ohio State,0.01508948401285578
Vanderbilt,Oklahoma,0.023130951251034808
Vanderbilt,Oklahoma State,0.018987165159582705
Vanderbilt,Old Dominion,0.02898212349141795
Vanderbilt,Ole Miss,0.006947986695973381
Vanderbilt,Oregon,0.011236985805299644
Vanderbilt,Oregon State,0.02230470611488095
Vanderbilt,Penn State,0.014248856034966603
Vanderbilt,Pittsburgh,0.026915569770842147
Vanderbilt,Purdue,0.020474799272886566
Vanderbilt,Rice,0.019483282291493532
Vanderbilt,Rutgers,0.004380966365588193
Vanderbilt,SMU,0.023012763921418763
Vanderbilt,Sacramento State,0.027001348861202812
Vanderbilt,Sam Houston,0.015072797320927747
Vanderbilt,San Diego State,0.006667561444436962
Vanderbilt,San José State,0.01556540777804968
Vanderbilt,South Alabama,0.018934340942672184
Vanderbilt,South Carolina,0.021516657989797447
Vanderbilt,South Florida,0.018298579084371932
Vanderbilt,Southern Miss,0.03775084187935659
Vanderbilt,Stanford,0.01885810504223516
Vanderbilt,Syracuse,0.016047582536348155
Vanderbilt,TCU,0.01847029603029828
Vanderbilt,Temple,0.030984869620150936
Vanderbilt,Tennessee,0.009079004869579084
Vanderbilt,Texas,0.022857615806750484
Vanderbilt,Texas A&M,0.02753594954842288
Vanderbilt,Texas State,0.019462949864962786
Vanderbilt,Texas Tech,0.016560402241110037
Vanderbilt,Toledo,0.031118904073903934
Vanderbilt,Troy,0.0139731120368281
Vanderbilt,Tulane,0.016213460053114796
Vanderbilt,Tulsa,0.033430621920109996
Vanderbilt,UAB,0.016882378174235088
Vanderbilt,UCF,0.0330596763928062
Vanderbilt,UCLA,0.018783646684342677
Vanderbilt,UConn,0.026604525947223918
Vanderbilt,UL Monroe,0.0031969977282575593
Vanderbilt,UNLV,0.007729936393405745
Vanderbilt,USC,0.023678063948743472
Vanderbilt,UTEP,0.01578648484401735
Vanderbilt,UTSA,0.011677811972542479
Vanderbilt,Utah,0.011811065375830699
Vanderbilt,Utah State,0.026492120110846416
Vanderbilt,Virginia,0.02045147944601964
Vanderbilt,Virginia Tech,0.02625854356791565
Vanderbilt,Wake Forest,0.013196994171375138
Vanderbilt,Washington,0.026614876632615636
Vanderbilt,Washington State,0.032697564768104814
Vanderbilt,West Virginia,0.01906808746229188
Vanderbilt,Western Kentucky,0.0027389920784820668
Vanderbilt,Western Michigan,0.024724178185316796
Vanderbilt,Wisconsin,0.00928997979043198
Vanderbilt,Wyoming,0.011480538266465152
Virginia,Air Force,0.010782751081458104
Virginia,Akron,0.021959812850359053
Virginia,Alabama,0.01866255057855422
Virginia,App State,0.015450379571781633
Virginia,Arizona,0.0112320415043583
Virginia,Arizona State,0.017544144516428
Virginia,Arkansas,0.01878907623685753
Virginia,Arkansas State,0.02133323679483284
Virginia,Army,0.019937069479498838
Virginia,Auburn,0.02013877061611158
Virginia,BYU,0.010717716090795356
Virginia,Ball State,0.016642656660773806
Virginia,Baylor,0.011314754280307248
Virginia,Boise State,0.01678509578463327
Virginia,Boston College,0.019598267715541774
Virginia,Bowling Green,0.02305249018328704
Virginia,Buffalo,0.019224511917191225
Virginia,California,0.016902119657953088
Virginia,Central Michigan,0.015934170220142065
Virginia,Charlotte,0.018137606942599218
Virginia,Cincinnati,0.014954247335358752
Virginia,Clemson,0.00891190374278899
Virginia,Coastal Carolina,0.01627618490211346
Virginia,Colorado,0.015703859431819723
Virginia,Colorado State,0.01602643194609141
Virginia,Delaware,0.01507501381929734
Virginia,Duke,0.023237809281263642
Virginia,East Carolina,0.015006631238910148
Virginia,Eastern Michigan,0.014830926211092482
Virginia,Florida,0.015092970920893425
Virginia,Florida Atlantic,0.015328060354160669
Virginia,Florida International,0.014669052516589788
Virginia,Florida State,0.02000354662283186
Virginia,Fresno State,0.018195914941176155
Virginia,Georgia,0.018514460637936252
Virginia,Georgia Southern,0.024879337342839657
Virginia,Georgia State,0.017896607980017472
Virginia,Georgia Tech,0.013700807358465445
Virginia,Hawai'i,0.013666371272202996
Virginia,Houston,0.02030392478307426
Virginia,Illinois,0.02342128169588069
Virginia,Indiana,0.01825716280271456
Virginia,Iowa,0.01678817512970303
Virginia,Iowa State,0.016331483712449472
Virginia,Jacksonville State,0.013322050863202116
Virginia,James Madison,0.015178686132769877
Virginia,Kansas,0.020112802414249197
Virginia,Kansas State,0.0122845606610422
Virginia,Kennesaw State,0.014786501234480146
Virginia,Kent State,0.018500975394922715
Virginia,Kentucky,0.019479744981588606
Virginia,LSU,0.0169874482604054
Virginia,Liberty,0.015894609892345823
Virginia,Louisiana,0.012620702183552022
Virginia,Louisiana Tech,0.018454122585980597
Virginia,Louisville,0.02413157310844669
Virginia,Marshall,0.022589568443572353
Virginia,Maryland,0.01576975546991228
Virginia,Massachusetts,0.018242538676430074
Virginia,Memphis,0.02351681239375423
Virginia,Miami,0.019248792580814935
Virginia,Miami (OH),0.017662888421643385
Virginia,Michigan,0.009724126754789151
Virginia,Michigan State,0.014695547785653821
Virginia,Middle Tennessee,0.021050486077957745
Virginia,Minnesota,0.024436358140549015
Virginia,Mississippi State,0.015889574990417862
Virginia,Missouri,0.012922267928833577
Virginia,Missouri State,0.014203982987054779
Virginia,NC State,0.023575433135448454
Virginia,Navy,0.016789541838809936
Virginia,Nebraska,0.018194395913925847
Virginia,Nevada,0.019603362535549364
Virginia,New Mexico,0.014703215125477693
Virginia,New Mexico State,0.013081280136124652
Virginia,North Carolina,0.014761814206702398
Virginia,North Dakota State,0.018308539547279675
Virginia,North Texas,0.03122718326417834
Virginia,Northern Illinois,0.005069900633322468
Virginia,Northwestern,0.018921505893773515
Virginia,Notre Dame,0.019248804807758608
Virginia,Ohio,0.01742849159695903
Virginia,Ohio State,0.01463094570135599
Virginia,Oklahoma,0.014275796876258932
Virginia,Oklahoma State,0.02357770761991901
Virginia,Old Dominion,0.017404011434984802
Virginia,Ole Miss,0.026260802270700462
Virginia,Oregon,0.021886658661784943
Virginia,Oregon State,0.011449234250648147
Virginia,Penn State,0.014945018927451627
Virginia,Pittsburgh,0.01679638318015143
Virginia,Purdue,0.015614638054990887
Virginia,Rice,0.01802890525730102
Virginia,Rutgers,0.023180823002452885
Virginia,SMU,0.011434651864985615
Virginia,Sacramento State,0.02062822218685279
Virginia,Sam Houston,0.004240018253799336
Virginia,San Diego State,0.01264525413029012
Virginia,San José State,0.015890436658259243
Virginia,South Alabama,0.020554585163923382
Virginia,South Carolina,0.017076241358772608
Virginia,South Florida,0.02313633230341002
Virginia,Southern Miss,0.026172729822923443
Virginia,Stanford,0.020186017046457252
Virginia,Syracuse,0.016689798987658013
Virginia,TCU,0.017098565901745064
Virginia,Temple,0.019406757563717788
Virginia,Tennessee,0.01041102335909249
Virginia,Texas,0.015459978340494021
Virginia,Texas A&M,0.015957837491989733
Virginia,Texas State,0.018687976672309453
Virginia,Texas Tech,0.020563851520489822
Virginia,Toledo,0.020843527490037955
Virginia,Troy,0.018571517019741232
Virginia,Tulane,0.016648642643763156
Virginia,Tulsa,0.021852509863676848
Virginia,UAB,0.018597917823902566
Virginia,UCF,0.021481564336373056
Virginia,UCLA,0.013475377068216063
Virginia,UConn,0.01502641389079077
Virginia,UL Monroe,0.0182797870632515
Virginia,UNLV,0.014457087680997103
Virginia,USC,0.017366107757953123
Virginia,UTEP,0.017950145478432766
Virginia,UTSA,0.010911814912165915
Virginia,Utah,0.011811790129625348
Virginia,Utah State,0.014914008054413268
Virginia,Vanderbilt,0.01035792173189317
Virginia,Virginia Tech,0.014680431511482503
Virginia,Wake Forest,0.020910156057164914
Virginia,Washington,0.018371861989274298
Virginia,Washington State,0.021119452711671666
Virginia,West Virginia,0.02104204818453058
Virginia,Western Kentucky,0.02205180765320915
Virginia,Western Michigan,0.013301515179963147
Virginia,Wisconsin,0.024578014754046792
Virginia,Wyoming,0.01940662675999148
Virginia Tech,Air Force,0.017377241840160325
Virginia Tech,Akron,0.020451552597918872
Virginia Tech,Alabama,0.011953023932560564
Virginia Tech,App State,0.012904679545504495
Virginia Tech,Arizona,0.019861499820977634
Virginia Tech,Arizona State,0.012242830882747042
Virginia Tech,Arkansas,0.018337217398938704
Virginia Tech,Arkansas State,0.021030394080101832
Virginia Tech,Army,0.01839252528128683
Virginia Tech,Auburn,0.019939006535296608
Virginia Tech,BYU,0.02038696825636205
Virginia Tech,Ball State,0.013536352370524708
Virginia Tech,Baylor,0.0147909057142274
Virginia Tech,Boise State,0.02221535190144925
Virginia Tech,Boston College,0.01664033162675465
Virginia Tech,Bowling Green,0.015919680672553838
Virginia Tech,Buffalo,0.0163665044880767
Virginia Tech,California,0.0196507654948613
Virginia Tech,Central Michigan,0.014324047861828153
Virginia Tech,Charlotte,0.020427194074122017
Virginia Tech,Cincinnati,0.015483930612551763
Virginia Tech,Clemson,0.017611937660686548
Virginia Tech,Coastal Carolina,0.017024612881414183
Virginia Tech,Colorado,0.01921775787295345
Virginia Tech,Colorado State,0.014019683684565503
Virginia Tech,Delaware,0.014000924094751831
Virginia Tech,Duke,0.012383506144964132
Virginia Tech,East Carolina,0.023745441718357855
Virginia Tech,Eastern Michigan,0.016386791855781693
Virginia Tech,Florida,0.015825194161660266
Virginia Tech,Florida Atlantic,0.015491753652583746
Virginia Tech,Florida International,0.01558715207087003
Virginia Tech,Florida State,0.024348514447719294
Virginia Tech,Fresno State,0.02420175548780354
Virginia Tech,Georgia,0.018692733758753428
Virginia Tech,Georgia Southern,0.022130691505931447
Virginia Tech,Georgia State,0.013638182962976043
Virginia Tech,Georgia Tech,0.016858116387362454
Virginia Tech,Hawai'i,0.01823197263550357
Virginia Tech,Houston,0.01778576942386525
Virginia Tech,Illinois,0.016365910648341208
Virginia Tech,Indiana,0.017214489069334545
Virginia Tech,Iowa,0.01761321890865043
Virginia Tech,Iowa State,0.013433582642852337
Virginia Tech,Jacksonville State,0.016869586622010373
Virginia Tech,James Madison,0.019056343669129817
Virginia Tech,Kansas,0.020431975956238583
Virginia Tech,Kansas State,0.01401008203952895
Virginia Tech,Kennesaw State,0.01834639847459749
Virginia Tech,Kent State,0.008691515810316443
Virginia Tech,Kentucky,0.013445453337143759
Virginia Tech,LSU,0.014238802423497194
Virginia Tech,Liberty,0.017598671485396282
Virginia Tech,Louisiana,0.022557983897225693
Virginia Tech,Louisiana Tech,0.015705476749072387
Virginia Tech,Louisville,0.0164028596932344
Virginia Tech,Marshall,0.021491249287873656
Virginia Tech,Maryland,0.017467044289662007
Virginia Tech,Massachusetts,0.01735080912884573
Virginia Tech,Memphis,0.02626545823066244
Virginia Tech,Miami,0.014938212755197218
Virginia Tech,Miami (OH),0.016639479547433684
Virginia Tech,Michigan,0.014685063205216804
Virginia Tech,Michigan State,0.019756517443779376
Virginia Tech,Middle Tennessee,0.0132597289074584
Virginia Tech,Minnesota,0.017694931340111773
Virginia Tech,Mississippi State,0.014820270619919933
Virginia Tech,Missouri,0.014660077276304482
Virginia Tech,Missouri State,0.0126472569387705
Virginia Tech,NC State,0.01307646035950833
Virginia Tech,Navy,0.029504923111081
Virginia Tech,Nebraska,0.012824597101901754
Virginia Tech,Nevada,0.009461028916016953
Virginia Tech,New Mexico,0.010791627764353239
Virginia Tech,New Mexico State,0.01663183149968551
Virginia Tech,North Carolina,0.01239069469196756
Virginia Tech,North Dakota State,0.011021688986258209
Virginia Tech,North Texas,0.02847853742727013
Virginia Tech,Northern Illinois,0.015779241917944945
Virginia Tech,Northwestern,0.016628500387599082
Virginia Tech,Notre Dame,0.013306315663100162
Virginia Tech,Ohio,0.024068421260899028
Virginia Tech,Ohio State,0.015901113036193265
Virginia Tech,Oklahoma,0.017166119651801134
Virginia Tech,Oklahoma State,0.010128866282582409
Virginia Tech,Old Dominion,0.019672609247038716
Virginia Tech,Ole Miss,0.016764326499622364
Virginia Tech,Oregon,0.01830225773213966
Virginia Tech,Oregon State,0.0228031471676076
Virginia Tech,Penn State,0.015679039526719438
Virginia Tech,Pittsburgh,0.018366781985646917
Virginia Tech,Purdue,0.01787182297264371
Virginia Tech,Rice,0.016056375526349607
Virginia Tech,Rutgers,0.01940528244626531
Virginia Tech,SMU,0.019365026450789517
Virginia Tech,Sacramento State,0.01341579238968157
Virginia Tech,Sam Houston,0.01598171730532469
Virginia Tech,San Diego State,0.017095101554716764
Virginia Tech,San José State,0.011828471438683423
Virginia Tech,South Alabama,0.01761899508256383
Virginia Tech,South Carolina,0.02108667003802773
Virginia Tech,South Florida,0.01537681673714535
Virginia Tech,Southern Miss,0.023424083986015233
Virginia Tech,Stanford,0.018807012893299755
Virginia Tech,Syracuse,0.011133701535754041
Virginia Tech,TCU,0.01970589903252113
Virginia Tech,Temple,0.016658111726809578
Virginia Tech,Tennessee,0.014135860620352608
Virginia Tech,Texas,0.024378658232528626
Virginia Tech,Texas A&M,0.019315407390143778
Virginia Tech,Texas State,0.019379810644907243
Virginia Tech,Texas Tech,0.02368136435651414
Virginia Tech,Toledo,0.016792146180562576
Virginia Tech,Troy,0.015744199049461432
Virginia Tech,Tulane,0.017371052952307446
Virginia Tech,Tulsa,0.019103864026768638
Virginia Tech,UAB,0.014915921083868447
Virginia Tech,UCF,0.02034893439142379
Virginia Tech,UCLA,0.014492913917051474
Virginia Tech,UConn,0.016678911615123602
Virginia Tech,UL Monroe,0.01883404786122239
Virginia Tech,UNLV,0.014684329861067876
Virginia Tech,USC,0.020499181694271423
Virginia Tech,UTEP,0.020711874568789482
Virginia Tech,UTSA,0.01743874524283375
Virginia Tech,Utah,0.018461615059728414
Virginia Tech,Utah State,0.0174263597206184
Virginia Tech,Vanderbilt,0.015924871310073696
Virginia Tech,Virginia,0.014495288875809004
Virginia Tech,Wake Forest,0.01866886544373108
Virginia Tech,Washington,0.014962226904566911
Virginia Tech,Washington State,0.018370806874763456
Virginia Tech,West Virginia,0.022204833089160693
Virginia Tech,Western Kentucky,0.015877472007696285
Virginia Tech,Western Michigan,0.015813637538401922
Virginia Tech,Wisconsin,0.013304381342629585
Virginia Tech,Wyoming,0.020127964722365287
Wake Forest,Air Force,0.012414957474308244
Wake Forest,Akron,0.02520910586063619
Wake Forest,Alabama,0.017950962779745908
Wake Forest,App State,0.007942395179652414
Wake Forest,Arizona,0.014899215455125556
Wake Forest,Arizona State,0.010181734175109064
Wake Forest,Arkansas,0.013374933033086624
Wake Forest,Arkansas State,0.01606810971424975
Wake Forest,Army,0.013430240915434748
Wake Forest,Auburn,0.023388063626388716
Wake Forest,BYU,0.015424683890509973
Wake Forest,Ball State,0.014177977296093339
Wake Forest,Baylor,0.013243181380872406
Wake Forest,Boise State,0.017253067535597168
Wake Forest,Boston College,0.014276325410598187
Wake Forest,Bowling Green,0.010957396306701757
Wake Forest,Buffalo,0.02236444333526205
Wake Forest,California,0.013652826647675951
Wake Forest,Central Michigan,0.009361763495976073
Wake Forest,Charlotte,0.02072921636448029
Wake Forest,Cincinnati,0.01032097217661718
Wake Forest,Clemson,0.012649653294834468
Wake Forest,Coastal Carolina,0.012062328515562104
Wake Forest,Colorado,0.01822548770746536
Wake Forest,Colorado State,0.011557790974806479
Wake Forest,Delaware,0.018324306829574477
Wake Forest,Duke,0.01664882471591888
Wake Forest,East Carolina,0.018783157352505776
Wake Forest,Eastern Michigan,0.011424507489929611
Wake Forest,Florida,0.010862909795808185
Wake Forest,Florida Atlantic,0.0094938148053984
Wake Forest,Florida International,0.01665129963159805
Wake Forest,Florida State,0.019386230081867212
Wake Forest,Fresno State,0.021158390469420252
Wake Forest,Georgia,0.013730449392901346
Wake Forest,Georgia Southern,0.028128630353116794
Wake Forest,Georgia State,0.008675898597123963
Wake Forest,Georgia Tech,0.011895832021510372
Wake Forest,Hawai'i,0.013269688269651489
Wake Forest,Houston,0.012823485058013166
Wake Forest,Illinois,0.011745116958206328
Wake Forest,Indiana,0.012252204703482462
Wake Forest,Iowa,0.015405571944449142
Wake Forest,Iowa State,0.01013463983978996
Wake Forest,Jacksonville State,0.01190730225615829
Wake Forest,James Madison,0.014094059303277739
Wake Forest,Kansas,0.017528912952680824
Wake Forest,Kansas State,0.013063000968264023
Wake Forest,Kennesaw State,0.013384114108745408
Wake Forest,Kent State,0.003908822351174783
Wake Forest,Kentucky,0.008483168971291678
Wake Forest,LSU,0.02023674127068254
Wake Forest,Liberty,0.012636387119544203
Wake Forest,Louisiana,0.017595699531373615
Wake Forest,Louisiana Tech,0.021703415596257734
Wake Forest,Louisville,0.011440575327382319
Wake Forest,Marshall,0.016528964922021577
Wake Forest,Maryland,0.01421719671358027
Wake Forest,Massachusetts,0.021491831686707215
Wake Forest,Memphis,0.02026751938347709
Wake Forest,Miami,0.009975928389345138
Wake Forest,Miami (OH),0.01440154581241299
Wake Forest,Michigan,0.009722778839364723
Wake Forest,Michigan State,0.014794233077927297
Wake Forest,Middle Tennessee,0.014315093092257095
Wake Forest,Minnesota,0.012732646974259694
Wake Forest,Mississippi State,0.013018237265567629
Wake Forest,Missouri,0.012808253717760135
Wake Forest,Missouri State,0.017433709980780365
Wake Forest,NC State,0.015032193995260313
Wake Forest,Navy,0.02454263874522892
Wake Forest,Nebraska,0.007862312736049676
Wake Forest,Nevada,0.014709302885350701
Wake Forest,New Mexico,0.00679146492641995
Wake Forest,New Mexico State,0.01166954713383343
Wake Forest,North Carolina,0.015094748817637896
Wake Forest,North Dakota State,0.01483385369953015
Wake Forest,North Texas,0.03447647627445548
Wake Forest,Northern Illinois,0.010816957552092863
Wake Forest,Northwestern,0.011666216021747004
Wake Forest,Notre Dame,0.01455894747471434
Wake Forest,Ohio,0.01910613689504695
Wake Forest,Ohio State,0.010938828670341185
Wake Forest,Oklahoma,0.0148021322048788
Wake Forest,Oklahoma State,0.010658346113426698
Wake Forest,Old Dominion,0.020653304445261943
Wake Forest,Ole Miss,0.011802042133770282
Wake Forest,Oregon,0.012304318884954313
Wake Forest,Oregon State,0.017840862801755522
Wake Forest,Penn State,0.010716755160867359
Wake Forest,Pittsburgh,0.01858675072468614
Wake Forest,Purdue,0.012909538606791632
Wake Forest,Rice,0.011154463245337521
Wake Forest,Rutgers,0.014442998080413228
Wake Forest,SMU,0.014683944875262754
Wake Forest,Sacramento State,0.018672529815046805
Wake Forest,Sam Houston,0.010352134789948597
Wake Forest,San Diego State,0.012132817188864681
Wake Forest,San José State,0.007236588731893671
Wake Forest,South Alabama,0.01265671071671175
Wake Forest,South Carolina,0.016124385672175647
Wake Forest,South Florida,0.01041453237129327
Wake Forest,Southern Miss,0.02942202283320058
Wake Forest,Stanford,0.013844728527447676
Wake Forest,Syracuse,0.007718763490192146
Wake Forest,TCU,0.01474361466666905
Wake Forest,Temple,0.022656050573994925
Wake Forest,Tennessee,0.009173576254500528
Wake Forest,Texas,0.019416373866676544
Wake Forest,Texas A&M,0.01920713050226687
Wake Forest,Texas State,0.014417526279055164
Wake Forest,Texas Tech,0.018719079990662062
Wake Forest,Toledo,0.022790085027747924
Wake Forest,Troy,0.010781914683609353
Wake Forest,Tulane,0.012408768586455366
Wake Forest,Tulsa,0.025101802873953985
Wake Forest,UAB,0.009953636718016367
Wake Forest,UCF,0.024730857346650193
Wake Forest,UCLA,0.010454827638186668
Wake Forest,UConn,0.01827570690106791
Wake Forest,UL Monroe,0.01387176349537031
Wake Forest,UNLV,0.009722045495215796
Wake Forest,USC,0.015536897328419345
Wake Forest,UTEP,0.015749590202937404
Wake Forest,UTSA,0.012476460876981671
Wake Forest,Utah,0.013499330693876332
Wake Forest,Utah State,0.018163301064690406
Wake Forest,Vanderbilt,0.010962586944221616
Wake Forest,Virginia,0.012122660399863632
Wake Forest,Virginia Tech,0.017929724521759643
Wake Forest,Washington,0.018286057586459625
Wake Forest,Washington State,0.024368745721948804
Wake Forest,West Virginia,0.01724254872330861
Wake Forest,Western Kentucky,0.009879533160510937
Wake Forest,Western Michigan,0.01639535913916079
Wake Forest,Wisconsin,0.009985861710298858
Wake Forest,Wyoming,0.015165680356513209
Washington,Air Force,0.023053352311975542
Washington,Akron,0.04339543529371705
Washington,Alabama,0.03613729221282677
Washington,App State,0.023915668424670262
Washington,Arizona,0.017334041974693952
Washington,Arizona State,0.028368063608189924
Washington,Arkansas,0.018483130571236052
Washington,Arkansas State,0.018722559874782954
Washington,Army,0.01883800319062546
Washington,Auburn,0.041574393059469576
Washington,BYU,0.027110126036153696
Washington,Ball State,0.0323643067291742
Washington,Baylor,0.03142951081395327
Washington,Boise State,0.030652406051050577
Washington,Boston College,0.03246265484367905
Washington,Bowling Green,0.028157680192684074
Washington,Buffalo,0.04055077276834291
Washington,California,0.026813093253951037
Washington,Central Michigan,0.02371803231803266
Washington,Charlotte,0.03449301573587647
Washington,Cincinnati,0.021537091427705497
Washington,Clemson,0.026095986111004027
Washington,Coastal Carolina,0.027079907718285553
Washington,Colorado,0.03641181714054622
Washington,Colorado State,0.022800664285609253
Washington,Delaware,0.03651063626265534
Washington,Duke,0.034835154148999736
Washington,East Carolina,0.031263193709760224
Washington,Eastern Michigan,0.024766433822166933
Washington,Florida,0.02322263273979034
Washington,Florida Atlantic,0.023629066745323644
Washington,Florida International,0.03483762906467891
Washington,Florida State,0.0241000150572308
Washington,Fresno State,0.039344719902501116
Washington,Georgia,0.027979919441105287
Washington,Georgia Southern,0.04631495978619765
Washington,Georgia State,0.02318216500719871
Washington,Georgia Tech,0.02234510737504029
Washington,Hawai'i,0.019866053922876374
Washington,Houston,0.027195754269036122
Washington,Illinois,0.02045443732183355
Washington,Indiana,0.01970086101694296
Washington,Iowa,0.03359190137753
Washington,Iowa State,0.02832096927287082
Washington,Jacksonville State,0.02153681553788105
Washington,James Madison,0.032063032353515916
Washington,Kansas,0.03571524238576168
Washington,Kansas State,0.031249330401344883
Washington,Kennesaw State,0.028091670029362723
Washington,Kent State,0.028419769103525037
Washington,Kentucky,0.023374894633030996
Washington,LSU,0.0384230707037634
Washington,Liberty,0.026971507867142395
Washington,Louisiana,0.03405632462691002
Washington,Louisiana Tech,0.03988974502933859
Washington,Louisville,0.028948703492540258
Washington,Marshall,0.027201970716514184
Washington,Maryland,0.03240352614666113
Washington,Massachusetts,0.03967816111978807
Washington,Memphis,0.027287415810845744
Washington,Miami,0.027395053372909685
Washington,Miami (OH),0.03258787524549385
Washington,Michigan,0.022135284764957953
Washington,Michigan State,0.021040665154517985
Washington,Middle Tennessee,0.032501422525337956
Washington,Minnesota,0.019125416630062984
Washington,Mississippi State,0.03120456669864849
Washington,Missouri,0.030994583150840995
Washington,Missouri State,0.03562003941386122
Washington,NC State,0.033218523428341175
Washington,Navy,0.025546958988490895
Washington,Nebraska,0.023995750868273002
Washington,Nevada,0.03289563231843156
Washington,New Mexico,0.026028720205821518
Washington,New Mexico State,0.024884381084571833
Washington,North Carolina,0.03328107825071876
Washington,North Dakota State,0.025798658983916548
Washington,North Texas,0.05266280570753634
Washington,Northern Illinois,0.02104110605222981
Washington,Northwestern,0.021910688087418383
Washington,Notre Dame,0.032745276907795204
Washington,Ohio,0.02588079690508793
Washington,Ohio State,0.02494699439978063
Washington,Oklahoma,0.03298846163795966
Washington,Oklahoma State,0.028844675546507558
Washington,Old Dominion,0.0388396338783428
Washington,Ole Miss,0.020056021470552392
Washington,Oregon,0.027040487325427826
Washington,Oregon State,0.0321622165018058
Washington,Penn State,0.024106366421891456
Washington,Pittsburgh,0.036773080157767
Washington,Purdue,0.03033230965981142
Washington,Rice,0.02934079267841838
Washington,Rutgers,0.017415065523909447
Washington,SMU,0.03287027430834361
Washington,Sacramento State,0.036858859248127665
Washington,Sam Houston,0.02374278733443412
Washington,San Diego State,0.019725246415457993
Washington,San José State,0.02542291816497453
Washington,South Alabama,0.028791851329597037
Washington,South Carolina,0.0313741683767223
Washington,South Florida,0.02815608947129678
Washington,Southern Miss,0.04760835226628144
Washington,Stanford,0.02871561542916001
Washington,Syracuse,0.025905092923273008
Washington,TCU,0.02832780641722313
Washington,Temple,0.04084238000707578
Washington,Tennessee,0.02268448734982215
Washington,Texas,0.03271512619367534
Washington,Texas A&M,0.037393459935347734
Washington,Texas State,0.02932046025188764
Washington,Texas Tech,0.026417912628034886
Washington,Toledo,0.04097641446082878
Washington,Troy,0.023830622423752952
Washington,Tulane,0.02607097044003965
Washington,Tulsa,0.04328813230703485
Washington,UAB,0.02673988856115994
Washington,UCF,0.042917186779731054
Washington,UCLA,0.028641157071267527
Washington,UConn,0.03646203633414877
Washington,UL Monroe,0.017986300108952365
Washington,UNLV,0.02213601810910688
Washington,USC,0.033535574335668325
Washington,UTEP,0.0256439952309422
Washington,UTSA,0.02153532235946733
Washington,Utah,0.02166857576275555
Washington,Utah State,0.03634963049777127
Washington,Vanderbilt,0.02089547666010106
Washington,Virginia,0.030308989832944493
Washington,Virginia Tech,0.0361160539548405
Washington,Wake Forest,0.02305450455829999
Washington,Washington State,0.04255507515502967
Washington,West Virginia,0.02892559784921673
Washington,Western Kentucky,0.008306796272569923
Washington,Western Michigan,0.03458168857224165
Washington,Wisconsin,0.02351596662754517
Washington,Wyoming,0.021022478630474257
Washington State,Air Force,0.014923357811583621
Washington State,Akron,0.021191848722495302
Washington State,Alabama,0.024041731408446877
Washington State,App State,0.019395920106239452
Washington State,Arizona,0.01243909983076631
Washington State,Arizona State,0.020057768768996904
Washington State,Arkansas,0.013963382252805242
Washington State,Arkansas State,0.011270205571642114
Washington State,Army,0.013908074370457118
Washington State,Auburn,0.01937080648824783
Washington State,BYU,0.011913631395381895
Washington State,Ball State,0.01876424728121924
Washington State,Baylor,0.017509693937516547
Washington State,Boise State,0.010085247750294696
Washington State,Boston College,0.015660268024989297
Washington State,Bowling Green,0.01638091897919011
Washington State,Buffalo,0.019232333009357817
Washington State,California,0.022293344935520227
Washington State,Central Michigan,0.017976551789915793
Washington State,Charlotte,0.018450025138542932
Washington State,Cincinnati,0.017017343109274687
Washington State,Clemson,0.014688661991057398
Washington State,Coastal Carolina,0.015275986770329762
Washington State,Colorado,0.014208230569324472
Washington State,Colorado State,0.018280915967178443
Washington State,Delaware,0.018299675556992114
Washington State,Duke,0.019917093506779816
Washington State,East Carolina,0.009059607138538477
Washington State,Eastern Michigan,0.015913807795962253
Washington State,Florida,0.01647540549008368
Washington State,Florida Atlantic,0.019109318426892834
Washington State,Florida International,0.016713447580873914
Washington State,Florida State,0.007952085204024652
Washington State,Fresno State,0.017141133331279368
Washington State,Georgia,0.01360786589299052
Washington State,Georgia Southern,0.024111373214975907
Washington State,Georgia State,0.0186624166887679
Washington State,Georgia Tech,0.015442483264381494
Washington State,Hawai'i,0.014068627016240377
Washington State,Houston,0.0145148302278787
Washington State,Illinois,0.01593468900340274
Washington State,Indiana,0.015086110582409403
Washington State,Iowa,0.014687380743093519
Washington State,Iowa State,0.01886701700889161
Washington State,Jacksonville State,0.015431013029733575
Washington State,James Madison,0.013244255982614127
Washington State,Kansas,0.013511655814539936
Washington State,Kansas State,0.018290517612214997
Washington State,Kennesaw State,0.013954201177146457
Washington State,Kent State,0.023900020785094227
Washington State,Kentucky,0.01885514631460019
Washington State,LSU,0.027685510325079342
Washington State,Liberty,0.014701928166347663
Washington State,Louisiana,0.011852738055688272
Washington State,Louisiana Tech,0.023831129174863533
Washington State,Louisville,0.015897739958509547
Washington State,Marshall,0.01080935036387029
Washington State,Maryland,0.01483355536208194
Washington State,Massachusetts,0.017474574548566327
Washington State,Memphis,0.02428477652161798
Washington State,Miami,0.01736238689654673
Washington State,Miami (OH),0.015661120104310262
Washington State,Michigan,0.017615536446527143
Washington State,Michigan State,0.01254408220796457
Washington State,Middle Tennessee,0.019040870744285548
Washington State,Minnesota,0.014605668311632172
Washington State,Mississippi State,0.01748032903182401
Washington State,Missouri,0.017640522375439463
Washington State,Missouri State,0.01965334271297345
Washington State,NC State,0.019224139292235615
Washington State,Navy,0.004064750993034281
Washington State,Nebraska,0.019476002549842192
Washington State,Nevada,0.022839570735726993
Washington State,New Mexico,0.021508971887390708
Washington State,New Mexico State,0.015668768152058435
Washington State,North Carolina,0.019909904959776386
Washington State,North Dakota State,0.021278910665485738
Washington State,North Texas,0.03045921913631459
Washington State,Northern Illinois,0.016521357733799
Washington State,Northwestern,0.015672099264144864
Washington State,Notre Dame,0.018994283988643782
Washington State,Ohio,0.008232178390844919
Washington State,Ohio State,0.01639948661555068
Washington State,Oklahoma,0.015134479999942814
Washington State,Oklahoma State,0.022171733369161537
Washington State,Old Dominion,0.016636047307121055
Washington State,Ole Miss,0.015536273152121584
Washington State,Oregon,0.022520739006997016
Washington State,Oregon State,0.011136816054704431
Washington State,Penn State,0.01662156012502451
Washington State,Pittsburgh,0.014569493586545253
Washington State,Purdue,0.014428776679100235
Washington State,Rice,0.01624422412539434
Washington State,Rutgers,0.012895317205478637
Washington State,SMU,0.012935573200954429
Washington State,Sacramento State,0.01888480726206238
Washington State,Sam Houston,0.01922303901600331
Washington State,San Diego State,0.015205498097027184
Washington State,San José State,0.020472128213060523
Washington State,South Alabama,0.014681604569180115
Washington State,South Carolina,0.011213929613716218
Washington State,South Florida,0.016923782914598597
Washington State,Southern Miss,0.025404765695059693
Washington State,Stanford,0.013493586758444191
Washington State,Syracuse,0.021166898115989905
Washington State,TCU,0.012594700619222816
Washington State,Temple,0.018638793435854038
Washington State,Tennessee,0.01816473903139134
Washington State,Texas,0.010511539622453587
Washington State,Texas A&M,0.015189873364125984
Washington State,Texas State,0.012920789006836703
Washington State,Texas Tech,0.008619235295229805
Washington State,Toledo,0.020988252498671943
Washington State,Troy,0.016556400602282514
Washington State,Tulane,0.0149295466994365
Washington State,Tulsa,0.021084545735813098
Washington State,UAB,0.0173846785678755
Washington State,UCF,0.020713600208509306
Washington State,UCLA,0.01780768573469247
Washington State,UConn,0.015621688036620344
Washington State,UL Monroe,0.013935012025261932
Washington State,UNLV,0.01761626979067607
Washington State,USC,0.011801417957472523
Washington State,UTEP,0.011588725082954464
Washington State,UTSA,0.014861854408910195
Washington State,Utah,0.013838984592015534
Washington State,Utah State,0.014874239931125547
Washington State,Vanderbilt,0.01637572834167025
Washington State,Virginia,0.017805310775934943
Washington State,Virginia Tech,0.016057009109705485
Washington State,Wake Forest,0.013631734208012867
Washington State,Washington,0.017338372747177033
Washington State,West Virginia,0.010095766562583255
Washington State,Western Kentucky,0.013896790298651825
Washington State,Western Michigan,0.016486962113342024
Washington State,Wisconsin,0.01899621830911436
Washington State,Wyoming,0.012172634929378659
West Virginia,Air Force,0.0326598341951862
West Virginia,Akron,0.02832395120400959
West Virginia,Alabama,0.03356588415046065
West Virginia,App State,0.005482497946301578
West Virginia,Arizona,0.029337455071455004
West Virginia,Arizona State,0.010171079642199758
West Virginia,Arkansas,0.029687872859337515
West Virginia,Arkansas State,0.02155742266099402
West Virginia,Army,0.029669702046141028
West Virginia,Auburn,0.023377409093479413
West Virginia,BYU,0.026442933205073786
West Virginia,Ball State,0.029581473096787176
West Virginia,Baylor,0.03338466533230203
West Virginia,Boise State,0.014793170302246333
West Virginia,Boston College,0.023216444574820624
West Virginia,Bowling Green,0.026011462766987
West Virginia,Buffalo,0.03872410828755437
West Virginia,California,0.028484548481108728
West Virginia,Central Michigan,0.03056342393352519
West Virginia,Charlotte,0.016296031769886307
West Virginia,Cincinnati,0.028076561978887072
West Virginia,Clemson,0.02408953800469615
West Virginia,Coastal Carolina,0.040226789540604484
West Virginia,Colorado,0.03146987268130992
West Virginia,Colorado State,0.02060330284066872
West Virginia,Delaware,0.01831365229666517
West Virginia,Duke,0.016638170183009574
West Virginia,East Carolina,0.028546533826031128
West Virginia,Eastern Michigan,0.03402134443914415
West Virginia,Florida,0.024869179869931406
West Virginia,Florida Atlantic,0.028312603151079536
West Virginia,Florida International,0.03964355622175038
West Virginia,Florida State,0.0302022164891073
West Virginia,Fresno State,0.02114773593651095
West Virginia,Georgia,0.01127055215955051
West Virginia,Georgia Southern,0.03133103588318302
West Virginia,Georgia State,0.03152440747537925
West Virginia,Georgia Tech,0.03252425700911571
West Virginia,Hawai'i,0.03020362203130868
West Virginia,Houston,0.01036358782466233
West Virginia,Illinois,0.02041597685726887
West Virginia,Indiana,0.028825347360339783
West Virginia,Iowa,0.032019378827113795
West Virginia,Iowa State,0.03743435548563569
West Virginia,Jacksonville State,0.02360948329057595
West Virginia,James Madison,0.030797148967604902
West Virginia,Kansas,0.03713851736538776
West Virginia,Kansas State,0.022345060596999183
West Virginia,Kennesaw State,0.026461526411989924
West Virginia,Kent State,0.002704231496040401
West Virginia,Kentucky,0.0314493532148242
West Virginia,LSU,0.020226086737773236
West Virginia,Liberty,0.027231221734327217
West Virginia,Louisiana,0.03164014420265095
West Virginia,Louisiana Tech,0.03137819952286176
West Virginia,Louisville,0.03148273620685277
West Virginia,Marshall,0.01406906768867074
West Virginia,Maryland,0.02902103671663587
West Virginia,Massachusetts,0.03384285887407726
West Virginia,Memphis,0.025965882889877327
West Virginia,Miami,0.009198069406919522
West Virginia,Miami (OH),0.014390891279503685
West Virginia,Michigan,0.032137247777877014
West Virginia,Michigan State,0.024810702476863913
West Virginia,Middle Tennessee,0.02382434809538424
West Virginia,Minnesota,0.026258588578815207
West Virginia,Mississippi State,0.013007582732658325
West Virginia,Missouri,0.029301412161474583
West Virginia,Missouri State,0.029280563430503677
West Virginia,NC State,0.029888150904243068
West Virginia,Navy,0.03394665358257212
West Virginia,Nebraska,0.033300460124549756
West Virginia,Nevada,0.027534064181513572
West Virginia,New Mexico,0.006780810393510646
West Virginia,New Mexico State,0.037960115744552735
West Virginia,North Carolina,0.0320716199789256
West Virginia,North Dakota State,0.046994947515005346
West Virginia,North Texas,0.03536245313714498
West Virginia,Northern Illinois,0.03247509420008332
West Virginia,Northwestern,0.030297374296047615
West Virginia,Notre Dame,0.03027920904523422
West Virginia,Ohio,0.02321582353424997
West Virginia,Ohio State,0.02735551632624386
West Virginia,Oklahoma,0.02677016401740893
West Virginia,Oklahoma State,0.034028257018067505
West Virginia,Old Dominion,0.024424817397733667
West Virginia,Ole Miss,0.02826262966328085
West Virginia,Oregon,0.028246752537881326
West Virginia,Oregon State,0.041018718644242266
West Virginia,Penn State,0.028105790143217898
West Virginia,Pittsburgh,0.018576096191776838
West Virginia,Purdue,0.026146331532290297
West Virginia,Rice,0.025907978894836328
West Virginia,Rutgers,0.024425419979343624
West Virginia,SMU,0.025588873990126312
West Virginia,Sacramento State,0.03108467915503837
West Virginia,Sam Houston,0.02980129316558414
West Virginia,San Diego State,0.009672919955513845
West Virginia,San José State,0.031632097929008646
West Virginia,South Alabama,0.024072611338807955
West Virginia,South Carolina,0.013664488438824812
West Virginia,South Florida,0.03384791452529834
West Virginia,Southern Miss,0.029411368300291278
West Virginia,Stanford,0.011384831294096839
West Virginia,Syracuse,0.0077081089572828415
West Virginia,TCU,0.012283717433318214
West Virginia,Temple,0.028331170615719974
West Virginia,Tennessee,0.025485715300707378
West Virginia,Texas,0.01695647663332571
West Virginia,Texas A&M,0.024975071273959523
West Virginia,Texas State,0.03327801795664831
West Virginia,Texas Tech,0.016259182757311225
West Virginia,Toledo,0.022779430494838618
West Virginia,Troy,0.03405034720454414
West Virginia,Tulane,0.02725777375673628
West Virginia,Tulsa,0.029841605502063915
West Virginia,UAB,0.027753163895738987
West Virginia,UCF,0.033345891053249754
West Virginia,UCLA,0.03328359018093879
West Virginia,UConn,0.018265052368158605
West Virginia,UL Monroe,0.018999791002430814
West Virginia,UNLV,0.029926725124094118
West Virginia,USC,0.02868737219804447
West Virginia,UTEP,0.013289692969586566
West Virginia,UTSA,0.027362610732093905
West Virginia,Utah,0.028869410787634057
West Virginia,Utah State,0.035017819642196246
West Virginia,Vanderbilt,0.03305329291653031
West Virginia,Virginia,0.012112005866954328
West Virginia,Virginia Tech,0.017919069988850338
West Virginia,Wake Forest,0.011246683844528163
West Virginia,Washington,0.025169115513888122
West Virginia,Washington State,0.024358091189039498
West Virginia,Western Kentucky,0.009890187693420241
West Virginia,Western Michigan,0.016384704606251486
West Virginia,Wisconsin,0.031486768521120354
West Virginia,Wyoming,0.03367732699715353
Western Kentucky,Air Force,0.012829621172207593
Western Kentucky,Akron,0.018331463672819796
Western Kentucky,Alabama,0.020598862664826585
Western Kentucky,App State,0.01595305136261916
Western Kentucky,Arizona,0.0095072420484764
Western Kentucky,Arizona State,0.016614900025376612
Western Kentucky,Arkansas,0.010520513509184952
Western Kentucky,Arkansas State,0.007827336828021825
Western Kentucky,Army,0.010465205626836827
Western Kentucky,Auburn,0.01651042143857232
Western Kentucky,BYU,0.008470762651761603
Western Kentucky,Ball State,0.015321378537598948
Western Kentucky,Baylor,0.014066825193896257
Western Kentucky,Boise State,0.006642379006674406
Western Kentucky,Boston College,0.012217399281369008
Western Kentucky,Bowling Green,0.012938050235569818
Western Kentucky,Buffalo,0.01889389526457577
Western Kentucky,California,0.020530468835492345
Western Kentucky,Central Michigan,0.014533683046295503
Western Kentucky,Charlotte,0.009429044114979216
Western Kentucky,Cincinnati,0.01636363395318281
Western Kentucky,Clemson,0.011245793247437108
Western Kentucky,Coastal Carolina,0.02039657651762588
Western Kentucky,Colorado,0.01163965965833132
Western Kentucky,Colorado State,0.014838047223558153
Western Kentucky,Delaware,0.014856806813371825
Western Kentucky,Duke,0.016474224763159524
Western Kentucky,East Carolina,0.008716320803052527
Western Kentucky,Eastern Michigan,0.014191131416165546
Western Kentucky,Florida,0.01303253674646339
Western Kentucky,Florida Atlantic,0.016371456993214795
Western Kentucky,Florida International,0.019813343198771777
Western Kentucky,Florida State,0.010372003466128698
Western Kentucky,Fresno State,0.01428074828160386
Western Kentucky,Georgia,0.01016499714937023
Western Kentucky,Georgia Southern,0.0212509881653004
Western Kentucky,Georgia State,0.015219547945147613
Western Kentucky,Georgia Tech,0.012694043986137106
Western Kentucky,Hawai'i,0.010625758272620087
Western Kentucky,Houston,0.01107196148425841
Western Kentucky,Illinois,0.01249182025978245
Western Kentucky,Indiana,0.011643241838789113
Western Kentucky,Iowa,0.01218916580413519
Western Kentucky,Iowa State,0.017604142462657082
Western Kentucky,Jacksonville State,0.011988144286113285
Western Kentucky,James Madison,0.0109669359446263
Western Kentucky,Kansas,0.017308304342409153
Western Kentucky,Kansas State,0.014847648868594706
Western Kentucky,Kennesaw State,0.010511332433526168
Western Kentucky,Kent State,0.020457152041473935
Western Kentucky,Kentucky,0.015412277570979897
Western Kentucky,LSU,0.02424264158145905
Western Kentucky,Liberty,0.011259059422727372
Western Kentucky,Louisiana,0.011809931179672346
Western Kentucky,Louisiana Tech,0.020388260431243244
Western Kentucky,Louisville,0.012454871214889257
Western Kentucky,Marshall,0.0075752426624861
Western Kentucky,Maryland,0.01139068661846165
Western Kentucky,Massachusetts,0.014614189498890819
Western Kentucky,Memphis,0.027145161571293486
Western Kentucky,Miami,0.013919518152926438
Western Kentucky,Miami (OH),0.012218251360689972
Western Kentucky,Michigan,0.014172667702906852
Western Kentucky,Michigan State,0.009101213464344279
Western Kentucky,Middle Tennessee,0.015598002000665256
Western Kentucky,Minnesota,0.011162799568011882
Western Kentucky,Mississippi State,0.014037460288203723
Western Kentucky,Missouri,0.014197653631819174
Western Kentucky,Missouri State,0.016210473969353156
Western Kentucky,NC State,0.015781270548615327
Western Kentucky,Navy,0.014116440559593518
Western Kentucky,Nebraska,0.0160331338062219
Western Kentucky,Nevada,0.0193967019921067
Western Kentucky,New Mexico,0.01806610314377042
Western Kentucky,New Mexico State,0.01812990272157413
Western Kentucky,North Carolina,0.016467036216156094
Western Kentucky,North Dakota State,0.02716473449202674
Western Kentucky,North Texas,0.027598834086639084
Western Kentucky,Northern Illinois,0.013078488990178713
Western Kentucky,Northwestern,0.012229230520524572
Western Kentucky,Notre Dame,0.015551415245023494
Western Kentucky,Ohio,0.004789309647224628
Western Kentucky,Ohio State,0.012956617871930391
Western Kentucky,Oklahoma,0.011691611256322523
Western Kentucky,Oklahoma State,0.01872886462554125
Western Kentucky,Old Dominion,0.013775662257445547
Western Kentucky,Ole Miss,0.012093404408501294
Western Kentucky,Oregon,0.019181961072770707
Western Kentucky,Oregon State,0.02118850562126367
Western Kentucky,Penn State,0.013178691381404217
Western Kentucky,Pittsburgh,0.011709108536869746
Western Kentucky,Purdue,0.010985907935479943
Western Kentucky,Rice,0.012801355381774049
Western Kentucky,Rutgers,0.01082549486838421
Western Kentucky,SMU,0.009492704457334137
Western Kentucky,Sacramento State,0.015441938518442087
Western Kentucky,Sam Houston,0.015780170272383022
Western Kentucky,San Diego State,0.011762629353406894
Western Kentucky,San José State,0.017029259469440235
Western Kentucky,South Alabama,0.011238735825559825
Western Kentucky,South Carolina,0.007771060870095928
Western Kentucky,South Florida,0.014017701502319735
Western Kentucky,Southern Miss,0.022544380645384186
Western Kentucky,Stanford,0.0100507180148239
Western Kentucky,Syracuse,0.017724029372369617
Western Kentucky,TCU,0.009151831875602525
Western Kentucky,Temple,0.01577840838617853
Western Kentucky,Tennessee,0.014721870287771048
Western Kentucky,Texas,0.0076511545727780805
Western Kentucky,Texas A&M,0.012329488314450477
Western Kentucky,Texas State,0.013447804933669705
Western Kentucky,Texas Tech,0.005549525739403567
Western Kentucky,Toledo,0.01754538375505165
Western Kentucky,Troy,0.014220134181565538
Western Kentucky,Tulane,0.01148667795581621
Western Kentucky,Tulsa,0.01822416068613759
Western Kentucky,UAB,0.013941809824255209
Western Kentucky,UCF,0.0178532151588338
Western Kentucky,UCLA,0.014364816991072182
Western Kentucky,UConn,0.012178819293000053
Western Kentucky,UL Monroe,0.01679539707493744
Western Kentucky,UNLV,0.01417340104705578
Western Kentucky,USC,0.008857159175065864
Western Kentucky,UTEP,0.008145856339334172
Western Kentucky,UTSA,0.011418985665289904
Western Kentucky,Utah,0.010396115848395244
Western Kentucky,Utah State,0.015187606619217642
Western Kentucky,Vanderbilt,0.013223079893551705
Western Kentucky,Virginia,0.014362442032314652
Western Kentucky,Virginia Tech,0.012614140366085195
Western Kentucky,Wake Forest,0.010188865464392577
Western Kentucky,Washington,0.013895504003556745
Western Kentucky,Washington State,0.01749110353413241
Western Kentucky,West Virginia,0.006652897818962965
Western Kentucky,Western Michigan,0.013044093369721736
Western Kentucky,Wisconsin,0.015553349565494071
Western Kentucky,Wyoming,0.013847113974174922
Western Michigan,Air Force,0.010089335005813467
Western Michigan,Akron,0.017022784112061432
Western Michigan,Alabama,0.01099538496108792
Western Michigan,App State,0.00823146326331842
Western Michigan,Arizona,0.009038609206961666
Western Michigan,Arizona State,0.0036007432977634623
Western Michigan,Arkansas,0.010310275384662875
Western Michigan,Arkansas State,0.007650091306872664
Western Michigan,Army,0.007534647991030159
Western Michigan,Auburn,0.015201741877813958
Western Michigan,BYU,0.004543394075851547
Western Michigan,Ball State,0.0070109739074144485
Western Michigan,Baylor,0.010814166142929297
Western Michigan,Boise State,0.006371777720938745
Western Michigan,Boston College,0.006090003662023429
Western Michigan,Bowling Green,0.008700085625154437
Western Michigan,Buffalo,0.016153609098181643
Western Michigan,California,0.02183914839625071
Western Michigan,Central Michigan,0.00799292474415246
Western Michigan,Charlotte,0.011138621738377824
Western Michigan,Cincinnati,0.017672313513941176
Western Michigan,Clemson,0.005440500815343615
Western Michigan,Coastal Carolina,0.017656290351231754
Western Michigan,Colorado,0.010039165958890602
Western Michigan,Colorado State,0.0087577210786435
Western Michigan,Delaware,0.01013798508099972
Western Michigan,Duke,0.008885404723131037
Western Michigan,East Carolina,0.007901867537847352
Western Michigan,Eastern Michigan,0.01145084524977142
Western Michigan,Florida,0.003150018441865279
Western Michigan,Florida Atlantic,0.017680136553973158
Western Michigan,Florida International,0.017073057032377652
Western Michigan,Florida State,0.008504940267208789
Western Michigan,Fresno State,0.012972068720845496
Western Michigan,Georgia,0.004162056079803648
Western Michigan,Georgia Southern,0.019942308604542037
Western Michigan,Georgia State,0.008953908286006517
Western Michigan,Georgia Tech,0.00995375781974298
Western Michigan,Hawai'i,0.007633122841935954
Western Michigan,Houston,0.005951520224941655
Western Michigan,Illinois,0.009068877137748082
Western Michigan,Indiana,0.006671790164712659
Western Michigan,Iowa,0.009448879637741065
Western Michigan,Iowa State,0.014863856296262957
Western Michigan,Jacksonville State,0.0048358356437745685
Western Michigan,James Madison,0.008226649778232174
Western Michigan,Kansas,0.014568018176015027
Western Michigan,Kansas State,0.004876679219689263
Western Michigan,Kennesaw State,0.0038910272226171955
Western Michigan,Kent State,0.010879898711705855
Western Michigan,Kentucky,0.00887885402545147
Western Michigan,LSU,0.012050419522107782
Western Michigan,Liberty,0.0046607225449544895
Western Michigan,Louisiana,0.00906964501327822
Western Michigan,Louisiana Tech,0.013517093847682977
Western Michigan,Louisville,0.009779168550314084
Western Michigan,Marshall,0.00823716388543975
Western Michigan,Maryland,0.006450537527263141
Western Michigan,Massachusetts,0.013305509938132455
Western Michigan,Memphis,0.02845384113205185
Western Michigan,Miami,0.00489638802268233
Western Michigan,Miami (OH),0.006215224063838232
Western Michigan,Michigan,0.009566748588504285
Western Michigan,Michigan State,0.005331986027137632
Western Michigan,Middle Tennessee,0.006698081519825141
Western Michigan,Minnesota,0.01008395358241641
Western Michigan,Mississippi State,0.004831915516992871
Western Michigan,Missouri,0.006730912972101854
Western Michigan,Missouri State,0.009247388232205606
Western Michigan,NC State,0.009223028577315849
Western Michigan,Navy,0.013661348930570494
Western Michigan,Nebraska,0.012389208651397919
Western Michigan,Nevada,0.006522981136775944
Western Michigan,New Mexico,0.005051946416157267
Western Michigan,New Mexico State,0.015389616555180004
Western Michigan,North Carolina,0.009501120789552873
Western Michigan,North Dakota State,0.02442444832563262
Western Michigan,North Texas,0.02629015452588072
Western Michigan,Northern Illinois,0.009904595010710593
Western Michigan,Northwestern,0.007726875106674886
Western Michigan,Notre Dame,0.007708709855861494
Western Michigan,Ohio,0.008224847080388523
Western Michigan,Ohio State,0.004785017136871132
Western Michigan,Oklahoma,0.006615810456304043
Western Michigan,Oklahoma State,0.011457757828694778
Western Michigan,Old Dominion,0.012466982696687183
Western Michigan,Ole Miss,0.01253105641683948
Western Michigan,Oregon,0.02049064063352907
Western Michigan,Oregon State,0.01844821945486954
Western Michigan,Penn State,0.005535290953845169
Western Michigan,Pittsburgh,0.010400428976111382
Western Michigan,Purdue,0.003959658478155799
Western Michigan,Rice,0.003676500699168415
Western Michigan,Rutgers,0.012134174429142573
Western Michigan,SMU,0.006497623126687996
Western Michigan,Sacramento State,0.010486208066472047
Western Michigan,Sam Houston,0.01011238630433327
Western Michigan,San Diego State,0.01106609757605375
Western Michigan,San José State,0.009061598739635919
Western Michigan,South Alabama,0.0062021806057907785
Western Michigan,South Carolina,0.005243095857517223
Western Michigan,South Florida,0.01127741533592561
Western Michigan,Southern Miss,0.021235701084625823
Western Michigan,Stanford,0.005833612488324646
Western Michigan,Syracuse,0.004709872644756465
Western Michigan,TCU,0.0038623248520106256
Western Michigan,Temple,0.014469728825420167
Western Michigan,Tennessee,0.007436135925151683
Western Michigan,Texas,0.008535084052018119
Western Michigan,Texas A&M,0.011020808753692114
Western Michigan,Texas State,0.010707518767275579
Western Michigan,Texas Tech,0.007837790176003638
Western Michigan,Toledo,0.014603763279173166
Western Michigan,Troy,0.011479848015171412
Western Michigan,Tulane,0.004687274567363552
Western Michigan,Tulsa,0.016915481125379227
Western Michigan,UAB,0.00518266470636626
Western Michigan,UCF,0.016544535598075436
Western Michigan,UCLA,0.010713090991566056
Western Michigan,UConn,0.010089385152493151
Western Michigan,UL Monroe,0.018104076635695802
Western Michigan,UNLV,0.010120939834689247
Western Michigan,USC,0.007162923154012707
Western Michigan,UTEP,0.004868300388278978
Western Michigan,UTSA,0.004837328822188288
Western Michigan,Utah,0.006298911598261328
Western Michigan,Utah State,0.012447320452823516
Western Michigan,Vanderbilt,0.012175426888618252
Western Michigan,Virginia,0.0039363386512888746
Western Michigan,Virginia Tech,0.009743402773184884
Western Michigan,Wake Forest,0.006557751499032311
Western Michigan,Washington,0.010099735837884868
Western Michigan,Washington State,0.016182423973374046
Western Michigan,West Virginia,0.006689643626397974
Western Michigan,Western Kentucky,0.018065854909085695
Western Michigan,Wisconsin,0.010225610195914185
Western Michigan,Wyoming,0.011106827807780797
Wisconsin,Air Force,0.019109808074632532
Wisconsin,Akron,0.017695610989007342
Wisconsin,Alabama,0.028228181671495788
Wisconsin,App State,0.023582370369288362
Wisconsin,Arizona,0.016625550093815222
Wisconsin,Arizona State,0.024244219032045815
Wisconsin,Arkansas,0.018149832515854152
Wisconsin,Arkansas State,0.015456655834691024
Wisconsin,Army,0.018094524633506026
Wisconsin,Auburn,0.01654804337949625
Wisconsin,BYU,0.016100081658430805
Wisconsin,Ball State,0.02295069754426815
Wisconsin,Baylor,0.021696144200565457
Wisconsin,Boise State,0.014271698013343607
Wisconsin,Boston College,0.019846718288038207
Wisconsin,Bowling Green,0.02056736924223902
Wisconsin,Buffalo,0.023418783272406728
Wisconsin,California,0.026479795198569137
Wisconsin,Central Michigan,0.022163002052964703
Wisconsin,Charlotte,0.01605985584067084
Wisconsin,Cincinnati,0.021203793372323598
Wisconsin,Clemson,0.01887511225410631
Wisconsin,Coastal Carolina,0.021374470451070646
Wisconsin,Colorado,0.017269292041839406
Wisconsin,Colorado State,0.022467366230227354
Wisconsin,Delaware,0.022486125820041024
Wisconsin,Duke,0.024103543769828727
Wisconsin,East Carolina,0.012741608196435002
Wisconsin,Eastern Michigan,0.020100258059011163
Wisconsin,Florida,0.02066185575313259
Wisconsin,Florida Atlantic,0.023295768689941744
Wisconsin,Florida International,0.020899897843922825
Wisconsin,Florida State,0.012138535467073563
Wisconsin,Fresno State,0.013644895597791407
Wisconsin,Georgia,0.01779431615603943
Wisconsin,Georgia Southern,0.027985915875238222
Wisconsin,Georgia State,0.022848866951816812
Wisconsin,Georgia Tech,0.019628933527430403
Wisconsin,Hawai'i,0.018255077279289288
Wisconsin,Houston,0.01870128049092761
Wisconsin,Illinois,0.02012113926645165
Wisconsin,Indiana,0.019272560845458312
Wisconsin,Iowa,0.018873831006142427
Wisconsin,Iowa State,0.02305346727194052
Wisconsin,Jacksonville State,0.019617463292782484
Wisconsin,James Madison,0.01743070624566304
Wisconsin,Kansas,0.01828619827585392
Wisconsin,Kansas State,0.022476967875263907
Wisconsin,Kennesaw State,0.018140651440195367
Wisconsin,Kent State,0.028086471048143137
Wisconsin,Kentucky,0.0230415965776491
Wisconsin,LSU,0.03187196058812825
Wisconsin,Liberty,0.018888378429396575
Wisconsin,Louisiana,0.013929066017567163
Wisconsin,Louisiana Tech,0.028017579437912443
Wisconsin,Louisville,0.020084190221558457
Wisconsin,Marshall,0.0149958006269192
Wisconsin,Maryland,0.01902000562513085
Wisconsin,Massachusetts,0.019136240785947126
Wisconsin,Memphis,0.027781014255105936
Wisconsin,Miami,0.02154883715959564
Wisconsin,Miami (OH),0.019847570367359173
Wisconsin,Michigan,0.021801986709576053
Wisconsin,Michigan State,0.01673053247101348
Wisconsin,Middle Tennessee,0.023227321007334458
Wisconsin,Minnesota,0.018792118574681084
Wisconsin,Mississippi State,0.021666779294872922
Wisconsin,Missouri,0.021826972638488373
Wisconsin,Missouri State,0.02383979297602236
Wisconsin,NC State,0.023410589555284526
Wisconsin,Navy,0.015094334493038281
Wisconsin,Nebraska,0.023662452812891102
Wisconsin,Nevada,0.027026020998775904
Wisconsin,New Mexico,0.025695422150439618
Wisconsin,New Mexico State,0.019855218415107345
Wisconsin,North Carolina,0.024096355222825296
Wisconsin,North Dakota State,0.028142628425471508
Wisconsin,North Texas,0.02696298140282663
Wisconsin,Northern Illinois,0.02070780799684791
Wisconsin,Northwestern,0.019858549527193774
Wisconsin,Notre Dame,0.023180734251692692
Wisconsin,Ohio,0.012418628653893829
Wisconsin,Ohio State,0.02058593687859959
Wisconsin,Oklahoma,0.019320930262991722
Wisconsin,Oklahoma State,0.026358183632210447
Wisconsin,Old Dominion,0.01681444066775414
Wisconsin,Ole Miss,0.019722723415170493
Wisconsin,Oregon,0.026707189270045926
Wisconsin,Oregon State,0.022166399554708432
Wisconsin,Penn State,0.02080801038807342
Wisconsin,Pittsburgh,0.018120267929145936
Wisconsin,Purdue,0.018615226942149146
Wisconsin,Rice,0.02043067438844325
Wisconsin,Rutgers,0.017081767468527548
Wisconsin,SMU,0.01712202346400334
Wisconsin,Sacramento State,0.02307125752511129
Wisconsin,Sam Houston,0.02340948927905222
Wisconsin,San Diego State,0.019391948360076093
Wisconsin,San José State,0.024658578476109434
Wisconsin,South Alabama,0.018868054832229027
Wisconsin,South Carolina,0.015400379876765128
Wisconsin,South Florida,0.021110233177647507
Wisconsin,Southern Miss,0.023345905657805543
Wisconsin,Stanford,0.0176800370214931
Wisconsin,Syracuse,0.025353348379038815
Wisconsin,TCU,0.016781150882271726
Wisconsin,Temple,0.022561237138300824
Wisconsin,Tennessee,0.02235118929444025
Wisconsin,Texas,0.012108391682264233
Wisconsin,Texas A&M,0.01717164252464908
Wisconsin,Texas State,0.017107239269885614
Wisconsin,Texas Tech,0.012805685558278716
Wisconsin,Toledo,0.025174702761720853
Wisconsin,Troy,0.020742850865331425
Wisconsin,Tulane,0.01911599696248541
Wisconsin,Tulsa,0.019136423983636238
Wisconsin,UAB,0.02157112883092441
Wisconsin,UCF,0.01721736247502135
Wisconsin,UCLA,0.02199413599774138
Wisconsin,UConn,0.019808138299669254
Wisconsin,UL Monroe,0.017653002053570465
Wisconsin,UNLV,0.02180272005372498
Wisconsin,USC,0.015987868220521433
Wisconsin,UTEP,0.015775175346003374
Wisconsin,UTSA,0.019048304671959105
Wisconsin,Utah,0.018025434855064443
Wisconsin,Utah State,0.019060690194174456
Wisconsin,Vanderbilt,0.02056217860471916
Wisconsin,Virginia,0.021991761038983853
Wisconsin,Virginia Tech,0.020243459372754395
Wisconsin,Wake Forest,0.017818184471061777
Wisconsin,Washington,0.021524823010225944
Wisconsin,Washington State,0.02043367480957044
Wisconsin,West Virginia,0.014282216825632165
Wisconsin,Western Kentucky,0.017393028032139782
Wisconsin,Western Michigan,0.020673412376390934
Wisconsin,Wyoming,0.01635908519242757
Wyoming,Air Force,0.00844274415062734
Wyoming,Akron,0.022402100160005243
Wyoming,Alabama,0.01514395707911496
Wyoming,App State,0.00952054805179695
Wyoming,Arizona,0.007993453727727145
Wyoming,Arizona State,0.010182396714554402
Wyoming,Arkansas,0.004930959336719066
Wyoming,Arkansas State,0.007585287626778256
Wyoming,Army,0.004032702316014616
Wyoming,Auburn,0.02058105792575777
Wyoming,BYU,0.00850777914129009
Wyoming,Ball State,0.01137097159546239
Wyoming,Baylor,0.010436175680241458
Wyoming,Boise State,0.00965907091733877
Wyoming,Boston College,0.011469319709967238
Wyoming,Bowling Green,0.007164345058972267
Wyoming,Buffalo,0.0195574376346311
Wyoming,California,0.016459832348306898
Wyoming,Central Michigan,0.008101179735473292
Wyoming,Charlotte,0.017710832836777372
Wyoming,Cincinnati,0.012292997465997366
Wyoming,Clemson,0.010313591489296454
Wyoming,Coastal Carolina,0.011084079252832205
Wyoming,Colorado,0.01541848200683441
Wyoming,Colorado State,0.00853940744710356
Wyoming,Delaware,0.015517301128943528
Wyoming,Duke,0.013841819015287929
Wyoming,East Carolina,0.010269858576048415
Wyoming,Eastern Michigan,0.006038435741519754
Wyoming,Florida,0.00660003343564118
Wyoming,Florida Atlantic,0.01230082050602935
Wyoming,Florida International,0.0138442939309671
Wyoming,Florida State,0.00310667992351899
Wyoming,Fresno State,0.018351384768789305
Wyoming,Georgia,0.006986584307393477
Wyoming,Georgia Southern,0.025321624652485848
Wyoming,Georgia State,0.008787044634325402
Wyoming,Georgia Tech,0.005567111209938992
Wyoming,Hawai'i,0.00555912395988245
Wyoming,Houston,0.0062024191353243115
Wyoming,Illinois,0.00872673343050341
Wyoming,Indiana,0.0052107385279669014
Wyoming,Iowa,0.012598566243818193
Wyoming,Iowa State,0.00899164495444911
Wyoming,Jacksonville State,0.005903444368883331
Wyoming,James Madison,0.01106969721980411
Wyoming,Kansas,0.014721907252049875
Wyoming,Kansas State,0.010255995267633074
Wyoming,Kennesaw State,0.007098334895650913
Wyoming,Kent State,0.014024648730651726
Wyoming,Kentucky,0.008979774260157686
Wyoming,LSU,0.017810138270636842
Wyoming,Liberty,0.005978172733430587
Wyoming,Louisiana,0.01306298949319821
Wyoming,Louisiana Tech,0.018896409895626787
Wyoming,Louisville,0.00795536835882845
Wyoming,Marshall,0.006208635582802376
Wyoming,Maryland,0.01141019101294932
Wyoming,Massachusetts,0.018684825986076264
Wyoming,Memphis,0.02307452508410804
Wyoming,Miami,0.007487014842104227
Wyoming,Miami (OH),0.01159454011178204
Wyoming,Michigan,0.009501368477296296
Wyoming,Michigan State,0.004529947446431625
Wyoming,Middle Tennessee,0.011508087391626147
Wyoming,Minnesota,0.005210862908463568
Wyoming,Mississippi State,0.01021123156493668
Wyoming,Missouri,0.010001248017129186
Wyoming,Missouri State,0.014626704280149415
Wyoming,NC State,0.012225188294629364
Wyoming,Navy,0.007079695513779554
Wyoming,Nebraska,0.009600630495399689
Wyoming,Nevada,0.01296419868128449
Wyoming,New Mexico,0.011633599832948208
Wyoming,New Mexico State,0.008817405456780456
Wyoming,North Carolina,0.012287743117006948
Wyoming,North Dakota State,0.01785223722723307
Wyoming,North Texas,0.03166947057382453
Wyoming,Northern Illinois,0.014155594598762977
Wyoming,Northwestern,0.005796727209702361
Wyoming,Notre Dame,0.011751941774083391
Wyoming,Ohio,0.005926886753522305
Wyoming,Ohio State,0.00652411456110818
Wyoming,Oklahoma,0.011995126504247852
Wyoming,Oklahoma State,0.012296361314719036
Wyoming,Old Dominion,0.017846298744630992
Wyoming,Ole Miss,0.007151740368895671
Wyoming,Oregon,0.015111324585585261
Wyoming,Oregon State,0.011876008356469993
Wyoming,Penn State,0.006746188070582007
Wyoming,Pittsburgh,0.015779745024055193
Wyoming,Purdue,0.00933897452609961
Wyoming,Rice,0.008347457544706574
Wyoming,Rutgers,0.006754858381198764
Wyoming,SMU,0.011876939174631805
Wyoming,Sacramento State,0.015865524114415858
Wyoming,Sam Houston,0.01498547697828611
Wyoming,San Diego State,0.006580241101795325
Wyoming,San José State,0.010596756158618022
Wyoming,South Alabama,0.007798516195885227
Wyoming,South Carolina,0.010380833243010491
Wyoming,South Florida,0.007162754337584974
Wyoming,Southern Miss,0.026615017132569634
Wyoming,Stanford,0.0077222802954482
Wyoming,Syracuse,0.011291526061547406
Wyoming,TCU,0.0073344712835113225
Wyoming,Temple,0.019849044873363978
Wyoming,Tennessee,0.008814471872992957
Wyoming,Texas,0.011721791059963526
Wyoming,Texas A&M,0.016400124801635923
Wyoming,Texas State,0.00832712511817583
Wyoming,Texas Tech,0.005424577494323079
Wyoming,Toledo,0.019983079327116977
Wyoming,Troy,0.0066810285478400115
Wyoming,Tulane,0.00507763530632784
Wyoming,Tulsa,0.022294797173323038
Wyoming,UAB,0.007509306513432998
Wyoming,UCF,0.021923851646019246
Wyoming,UCLA,0.00793231368024997
Wyoming,UConn,0.01546870120043696
Wyoming,UL Monroe,0.012724760587751993
Wyoming,UNLV,0.007740897736233569
Wyoming,USC,0.012542239201956516
Wyoming,UTEP,0.0046506600972303904
Wyoming,UTSA,0.008313680319919532
Wyoming,Utah,0.007413705102460099
Wyoming,Utah State,0.015356295364059459
Wyoming,Vanderbilt,0.008867573500192277
Wyoming,Virginia,0.009315654699232684
Wyoming,Virginia Tech,0.015122718821128693
Wyoming,Wake Forest,0.0037563621535703657
Wyoming,Washington,0.015479051885828677
Wyoming,Washington State,0.021561740021317857
Wyoming,West Virginia,0.007932262715504922
Wyoming,Western Kentucky,0.012686538861141886
Wyoming,Western Michigan,0.01358835343852984
Wyoming,Wisconsin,0.00912084625467186
